team,year,availability_date,squad_strength,squad_top11,squad_depth,squad_n_quality,n_players
Albania,2005,2004-10-01,62.46666666666667,67.63636363636364,48.25,2,15
Albania,2006,2005-10-01,63.57142857142857,67.36363636363636,49.666666666666664,2,14
Albania,2007,2006-10-01,65.8,69.18181818181819,56.5,2,15
Albania,2008,2007-10-01,67.66666666666667,68.54545454545455,58.0,2,12
Albania,2009,2008-10-01,65.86666666666666,68.0909090909091,59.75,1,15
Albania,2010,2009-10-01,66.54545454545455,66.54545454545455,66.54545454545455,1,11
Albania,2011,2010-10-01,64.61538461538461,65.45454545454545,60.0,0,13
Albania,2012,2011-10-01,67.47058823529412,69.54545454545455,63.666666666666664,1,17
Albania,2013,2012-10-01,67.05882352941177,69.36363636363636,62.833333333333336,1,17
Albania,2014,2013-10-01,67.6086956521739,70.18181818181819,65.25,1,29
Albania,2015,2014-10-01,67.56521739130434,71.0,64.41666666666667,1,25
Albania,2016,2015-10-01,70.30434782608695,73.45454545454545,67.41666666666667,2,23
Albania,2017,2016-10-01,70.73913043478261,73.54545454545455,68.16666666666667,3,24
Albania,2018,2017-10-01,71.30434782608695,73.81818181818181,69.0,3,26
Albania,2019,2018-10-01,71.04347826086956,73.9090909090909,68.41666666666667,3,28
Albania,2020,2019-10-01,71.52173913043478,74.18181818181819,69.08333333333333,4,26
Albania,2022,2021-10-01,71.65217391304348,75.0,68.58333333333333,7,46
Albania,2026,2025-10-01,72.78260869565217,74.9090909090909,70.83333333333333,5,59
Algeria,2005,2004-10-01,59.3,64.18181818181819,53.333333333333336,0,20
Algeria,2006,2005-10-01,61.77777777777778,65.54545454545455,55.857142857142854,1,18
Algeria,2007,2006-10-01,66.42105263157895,69.36363636363636,62.375,1,19
Algeria,2008,2007-10-01,66.38888888888889,69.72727272727273,61.142857142857146,2,18
Algeria,2009,2008-10-01,66.8695652173913,70.9090909090909,63.166666666666664,0,28
Algeria,2010,2009-10-01,69.04545454545455,73.72727272727273,64.36363636363636,4,22
Algeria,2011,2010-10-01,71.47826086956522,74.18181818181819,69.0,3,27
Algeria,2012,2011-10-01,70.0,73.27272727272727,67.0,4,27
Algeria,2013,2012-10-01,72.0,74.81818181818181,69.41666666666667,5,37
Algeria,2014,2013-10-01,72.65217391304348,75.0,70.5,6,38
Algeria,2015,2014-10-01,72.8695652173913,75.63636363636364,70.33333333333333,6,40
Algeria,2016,2015-10-01,74.3913043478261,77.63636363636364,71.41666666666667,8,46
Algeria,2017,2016-10-01,75.91304347826087,79.18181818181819,72.91666666666667,13,48
Algeria,2018,2017-10-01,75.73913043478261,79.18181818181819,72.58333333333333,14,51
Algeria,2019,2018-10-01,76.65217391304348,79.45454545454545,74.08333333333333,16,53
Algeria,2020,2019-10-01,76.3913043478261,78.9090909090909,74.08333333333333,15,43
Algeria,2022,2021-10-01,76.30434782608695,79.0,73.83333333333333,16,51
Algeria,2026,2025-10-01,76.65217391304348,79.0,74.5,17,60
Angola,2005,2004-10-01,59.72727272727273,59.72727272727273,59.72727272727273,2,11
Angola,2007,2006-10-01,65.26666666666667,68.0,57.75,2,15
Angola,2008,2007-10-01,64.92307692307692,67.63636363636364,50.0,0,13
Angola,2009,2008-10-01,65.81818181818181,65.81818181818181,65.81818181818181,1,11
Angola,2010,2009-10-01,66.72727272727273,66.72727272727273,66.72727272727273,1,11
Angola,2012,2011-10-01,64.6923076923077,67.45454545454545,49.5,1,13
Angola,2016,2015-10-01,68.0,68.72727272727273,64.0,1,13
Angola,2017,2016-10-01,70.27272727272727,70.27272727272727,70.27272727272727,1,11
Angola,2018,2017-10-01,70.0,70.81818181818181,65.5,1,13
Angola,2020,2019-10-01,72.33333333333333,72.9090909090909,66.0,3,12
Angola,2022,2021-10-01,67.3529411764706,71.63636363636364,59.5,2,17
Angola,2026,2025-10-01,70.1304347826087,73.0,67.5,3,30
Argentina,2005,2004-10-01,84.34782608695652,87.27272727272727,81.66666666666667,55,225
Argentina,2006,2005-10-01,85.1304347826087,87.0,83.41666666666667,66,217
Argentina,2007,2006-10-01,83.6086956521739,85.36363636363636,82.0,86,258
Argentina,2008,2007-10-01,83.43478260869566,85.18181818181819,81.83333333333333,98,284
Argentina,2009,2008-10-01,83.69565217391305,85.45454545454545,82.08333333333333,91,287
Argentina,2010,2009-10-01,83.47826086956522,85.18181818181819,81.91666666666667,95,311
Argentina,2011,2010-10-01,82.1304347826087,84.54545454545455,79.91666666666667,94,285
Argentina,2012,2011-10-01,83.17391304347827,85.54545454545455,81.0,84,306
Argentina,2013,2012-10-01,82.78260869565217,85.0909090909091,80.66666666666667,82,291
Argentina,2014,2013-10-01,82.1304347826087,84.81818181818181,79.66666666666667,83,720
Argentina,2015,2014-10-01,82.0,84.54545454545455,79.66666666666667,85,630
Argentina,2016,2015-10-01,82.6086956521739,85.27272727272727,80.16666666666667,117,683
Argentina,2017,2016-10-01,83.78260869565217,85.9090909090909,81.83333333333333,148,743
Argentina,2018,2017-10-01,83.47826086956522,86.45454545454545,80.75,163,653
Argentina,2019,2018-10-01,83.3913043478261,86.0909090909091,80.91666666666667,159,668
Argentina,2020,2019-10-01,83.3913043478261,86.27272727272727,80.75,144,661
Argentina,2022,2021-10-01,83.30434782608695,85.54545454545455,81.25,135,960
Argentina,2026,2025-10-01,82.65217391304348,85.0,80.5,102,1061
Australia,2005,2004-10-01,73.91304347826087,77.9090909090909,70.25,7,79
Australia,2006,2005-10-01,73.26086956521739,77.0909090909091,69.75,6,63
Australia,2007,2006-10-01,74.82608695652173,78.72727272727273,71.25,11,68
Australia,2008,2007-10-01,74.26086956521739,78.0,70.83333333333333,10,148
Australia,2009,2008-10-01,73.30434782608695,77.0909090909091,69.83333333333333,10,109
Australia,2010,2009-10-01,72.73913043478261,76.81818181818181,69.0,8,93
Australia,2011,2010-10-01,72.08695652173913,75.45454545454545,69.0,7,101
Australia,2012,2011-10-01,71.0,73.54545454545455,68.66666666666667,4,117
Australia,2013,2012-10-01,70.95652173913044,73.18181818181819,68.91666666666667,1,121
Australia,2014,2013-10-01,70.52173913043478,72.63636363636364,68.58333333333333,1,89
Australia,2015,2014-10-01,70.8695652173913,73.18181818181819,68.75,2,87
Australia,2016,2015-10-01,71.73913043478261,73.81818181818181,69.83333333333333,3,80
Australia,2017,2016-10-01,72.56521739130434,74.45454545454545,70.83333333333333,4,82
Australia,2018,2017-10-01,72.6086956521739,74.54545454545455,70.83333333333333,4,82
Australia,2019,2018-10-01,73.04347826086956,74.9090909090909,71.33333333333333,6,76
Australia,2020,2019-10-01,72.6086956521739,74.36363636363636,71.0,4,68
Australia,2022,2021-10-01,71.91304347826087,73.54545454545455,70.41666666666667,3,266
Australia,2026,2025-10-01,71.21739130434783,72.72727272727273,69.83333333333333,2,308
Austria,2005,2004-10-01,72.69565217391305,76.81818181818181,68.91666666666667,8,169
Austria,2006,2005-10-01,71.43478260869566,74.9090909090909,68.25,5,143
Austria,2007,2006-10-01,72.0,74.63636363636364,69.58333333333333,4,135
Austria,2008,2007-10-01,72.08695652173913,74.18181818181819,70.16666666666667,3,109
Austria,2009,2008-10-01,72.56521739130434,74.63636363636364,70.66666666666667,5,99
Austria,2010,2009-10-01,72.8695652173913,75.18181818181819,70.75,7,93
Austria,2011,2010-10-01,73.17391304347827,74.72727272727273,71.75,6,118
Austria,2012,2011-10-01,73.43478260869566,75.36363636363636,71.66666666666667,9,137
Austria,2013,2012-10-01,73.91304347826087,76.18181818181819,71.83333333333333,10,137
Austria,2014,2013-10-01,73.52173913043478,76.0909090909091,71.16666666666667,8,123
Austria,2015,2014-10-01,73.8695652173913,76.36363636363636,71.58333333333333,9,148
Austria,2016,2015-10-01,74.91304347826087,77.36363636363636,72.66666666666667,10,140
Austria,2017,2016-10-01,76.30434782608695,78.63636363636364,74.16666666666667,16,128
Austria,2018,2017-10-01,77.0,79.0,75.16666666666667,21,134
Austria,2019,2018-10-01,77.26086956521739,78.9090909090909,75.75,23,153
Austria,2020,2019-10-01,77.43478260869566,79.72727272727273,75.33333333333333,22,162
Austria,2022,2021-10-01,77.65217391304348,80.0909090909091,75.41666666666667,20,319
Austria,2026,2025-10-01,77.17391304347827,79.0909090909091,75.41666666666667,24,277
Azerbaijan,2026,2025-10-01,66.53333333333333,67.9090909090909,62.75,0,15
Belarus,2010,2009-10-01,66.5,70.27272727272727,61.888888888888886,2,20
Belarus,2011,2010-10-01,68.75,71.0909090909091,63.6,4,16
Belarus,2012,2011-10-01,65.3,68.54545454545455,61.333333333333336,2,20
Belarus,2013,2012-10-01,65.53846153846153,66.45454545454545,60.5,0,13
Belarus,2014,2013-10-01,65.66666666666667,66.0,62.0,0,12
Belarus,2015,2014-10-01,66.3529411764706,68.27272727272727,62.833333333333336,0,17
Belarus,2016,2015-10-01,69.0,70.54545454545455,65.6,0,16
Belarus,2017,2016-10-01,70.14285714285714,71.0909090909091,66.66666666666667,2,14
Belgium,2005,2004-10-01,76.04347826086956,78.81818181818181,73.5,15,294
Belgium,2006,2005-10-01,76.04347826086956,79.0909090909091,73.25,12,245
Belgium,2007,2006-10-01,74.78260869565217,77.27272727272727,72.5,7,256
Belgium,2008,2007-10-01,74.43478260869566,76.45454545454545,72.58333333333333,9,238
Belgium,2009,2008-10-01,73.26086956521739,75.18181818181819,71.5,5,195
Belgium,2010,2009-10-01,75.21739130434783,77.72727272727273,72.91666666666667,13,202
Belgium,2011,2010-10-01,76.21739130434783,78.9090909090909,73.75,13,219
Belgium,2012,2011-10-01,77.8695652173913,80.18181818181819,75.75,22,226
Belgium,2013,2012-10-01,79.34782608695652,81.63636363636364,77.25,26,225
Belgium,2014,2013-10-01,80.04347826086956,82.45454545454545,77.83333333333333,25,207
Belgium,2015,2014-10-01,80.0,82.81818181818181,77.41666666666667,27,218
Belgium,2016,2015-10-01,80.91304347826087,83.27272727272727,78.75,43,202
Belgium,2017,2016-10-01,82.6086956521739,85.63636363636364,79.83333333333333,45,186
Belgium,2018,2017-10-01,83.26086956521739,86.81818181818181,80.0,43,191
Belgium,2019,2018-10-01,83.17391304347827,86.72727272727273,79.91666666666667,48,189
Belgium,2020,2019-10-01,83.21739130434783,86.27272727272727,80.41666666666667,49,183
Belgium,2022,2021-10-01,82.04347826086956,85.36363636363636,79.0,46,321
Belgium,2026,2025-10-01,81.17391304347827,83.72727272727273,78.83333333333333,49,311
Benin,2016,2015-10-01,69.18181818181819,69.18181818181819,69.18181818181819,1,11
Benin,2017,2016-10-01,70.72727272727273,70.72727272727273,70.72727272727273,2,11
Benin,2020,2019-10-01,66.63636363636364,66.63636363636364,66.63636363636364,1,11
Boca Juniors,2020,2019-10-01,75.17391304347827,77.81818181818181,72.75,14,25
Bolivia,2013,2012-10-01,65.04761904761905,67.54545454545455,62.3,1,21
Bolivia,2014,2013-10-01,65.9090909090909,65.9090909090909,65.9090909090909,0,11
Bolivia,2015,2014-10-01,67.08695652173913,69.0909090909091,65.25,0,26
Bolivia,2016,2015-10-01,66.23529411764706,67.27272727272727,64.33333333333333,0,17
Bolivia,2017,2016-10-01,67.82352941176471,69.0909090909091,65.5,1,17
Bolivia,2018,2017-10-01,67.76470588235294,69.0,65.5,1,17
Bolivia,2019,2018-10-01,68.125,69.27272727272727,65.6,0,16
Bolivia,2020,2019-10-01,68.21739130434783,69.45454545454545,67.08333333333333,0,28
Bolivia,2022,2021-10-01,67.95652173913044,69.0,67.0,0,150
Bolivia,2026,2025-10-01,66.6086956521739,68.0,65.33333333333333,0,77
Bosnia-Herzegovina,2005,2004-10-01,66.65217391304348,72.27272727272727,61.5,4,32
Bosnia-Herzegovina,2006,2005-10-01,69.52173913043478,74.0909090909091,65.33333333333333,6,36
Bosnia-Herzegovina,2007,2006-10-01,67.52173913043478,74.0,61.583333333333336,4,30
Bosnia-Herzegovina,2008,2007-10-01,68.26086956521739,72.36363636363636,64.5,3,36
Bosnia-Herzegovina,2009,2008-10-01,70.04347826086956,73.54545454545455,66.83333333333333,3,38
Bosnia-Herzegovina,2010,2009-10-01,73.3913043478261,77.0,70.08333333333333,9,54
Bosnia-Herzegovina,2011,2010-10-01,73.0,77.36363636363636,69.0,8,50
Bosnia-Herzegovina,2012,2011-10-01,71.73913043478261,76.72727272727273,67.16666666666667,8,40
Bosnia-Herzegovina,2013,2012-10-01,70.30434782608695,76.0,65.08333333333333,7,27
Bosnia-Herzegovina,2014,2013-10-01,72.21739130434783,77.72727272727273,67.16666666666667,8,33
Bosnia-Herzegovina,2015,2014-10-01,72.43478260869566,76.63636363636364,68.58333333333333,6,40
Bosnia-Herzegovina,2016,2015-10-01,73.6086956521739,77.54545454545455,70.0,9,37
Bosnia-Herzegovina,2017,2016-10-01,75.78260869565217,79.0909090909091,72.75,12,42
Bosnia-Herzegovina,2018,2017-10-01,75.91304347826087,79.27272727272727,72.83333333333333,12,46
Bosnia-Herzegovina,2019,2018-10-01,75.47826086956522,79.0,72.25,10,48
Bosnia-Herzegovina,2020,2019-10-01,75.04347826086956,78.27272727272727,72.08333333333333,10,46
Bosnia-Herzegovina,2022,2021-10-01,74.04347826086956,76.63636363636364,71.66666666666667,7,71
Bosnia-Herzegovina,2026,2025-10-01,73.47826086956522,76.36363636363636,70.83333333333333,7,64
Brazil,2005,2004-10-01,88.78260869565217,91.0909090909091,86.66666666666667,139,764
Brazil,2006,2005-10-01,88.82608695652173,91.63636363636364,86.25,127,716
Brazil,2007,2006-10-01,85.95652173913044,87.81818181818181,84.25,139,871
Brazil,2008,2007-10-01,85.30434782608695,87.45454545454545,83.33333333333333,152,1038
Brazil,2009,2008-10-01,84.30434782608695,86.27272727272727,82.5,153,1172
Brazil,2010,2009-10-01,84.04347826086956,85.72727272727273,82.5,165,1045
Brazil,2011,2010-10-01,83.26086956521739,84.36363636363636,82.25,166,1011
Brazil,2012,2011-10-01,83.73913043478261,84.81818181818181,82.75,154,957
Brazil,2013,2012-10-01,82.34782608695652,83.45454545454545,81.33333333333333,152,893
Brazil,2014,2013-10-01,82.95652173913044,84.0,82.0,171,886
Brazil,2015,2014-10-01,82.3913043478261,83.45454545454545,81.41666666666667,98,381
Brazil,2016,2015-10-01,83.21739130434783,84.63636363636364,81.91666666666667,196,696
Brazil,2017,2016-10-01,84.1304347826087,85.9090909090909,82.5,171,745
Brazil,2018,2017-10-01,85.0,86.45454545454545,83.66666666666667,183,698
Brazil,2019,2018-10-01,85.43478260869566,86.9090909090909,84.08333333333333,184,721
Brazil,2020,2019-10-01,85.56521739130434,87.27272727272727,84.0,223,778
Brazil,2022,2021-10-01,84.43478260869566,86.54545454545455,82.5,195,897
Brazil,2026,2025-10-01,84.04347826086956,86.36363636363636,81.91666666666667,158,709
Bulgaria,2005,2004-10-01,72.65217391304348,77.36363636363636,68.33333333333333,7,36
Bulgaria,2006,2005-10-01,71.30434782608695,76.36363636363636,66.66666666666667,7,28
Bulgaria,2007,2006-10-01,72.43478260869566,76.9090909090909,68.33333333333333,6,32
Bulgaria,2008,2007-10-01,72.52173913043478,76.27272727272727,69.08333333333333,7,34
Bulgaria,2009,2008-10-01,72.21739130434783,75.9090909090909,68.83333333333333,6,36
Bulgaria,2010,2009-10-01,72.69565217391305,76.18181818181819,69.5,6,40
Bulgaria,2011,2010-10-01,72.30434782608695,75.45454545454545,69.41666666666667,5,37
Bulgaria,2012,2011-10-01,70.78260869565217,74.18181818181819,67.66666666666667,4,34
Bulgaria,2013,2012-10-01,68.56521739130434,71.9090909090909,65.5,3,30
Bulgaria,2014,2013-10-01,69.0,71.63636363636364,66.58333333333333,2,30
Bulgaria,2015,2014-10-01,69.21739130434783,71.45454545454545,67.16666666666667,2,32
Bulgaria,2016,2015-10-01,69.69565217391305,72.45454545454545,67.16666666666667,2,24
Bulgaria,2017,2016-10-01,69.69565217391305,71.54545454545455,68.0,1,24
Bulgaria,2018,2017-10-01,69.9,71.63636363636364,67.77777777777777,1,20
Bulgaria,2019,2018-10-01,68.52941176470588,70.0909090909091,65.66666666666667,1,17
Bulgaria,2020,2019-10-01,67.875,68.72727272727273,66.0,0,16
Bulgaria,2022,2021-10-01,63.608695652173914,66.27272727272727,61.166666666666664,0,24
Bulgaria,2026,2025-10-01,67.08695652173913,70.45454545454545,64.0,1,24
Burkina Faso,2005,2004-10-01,58.1764705882353,62.72727272727273,49.833333333333336,0,17
Burkina Faso,2006,2005-10-01,60.09090909090909,60.09090909090909,60.09090909090909,0,11
Burkina Faso,2007,2006-10-01,63.92857142857143,66.0,56.333333333333336,0,14
Burkina Faso,2008,2007-10-01,64.23076923076923,65.63636363636364,56.5,0,13
Burkina Faso,2009,2008-10-01,65.76923076923077,66.9090909090909,59.5,1,13
Burkina Faso,2010,2009-10-01,64.75,66.81818181818181,60.2,1,16
Burkina Faso,2012,2011-10-01,68.91666666666667,69.63636363636364,61.0,4,12
Burkina Faso,2013,2012-10-01,68.76923076923077,70.0909090909091,61.5,2,13
Burkina Faso,2014,2013-10-01,68.26666666666667,69.9090909090909,63.75,1,15
Burkina Faso,2015,2014-10-01,69.61538461538461,70.63636363636364,64.0,1,13
Burkina Faso,2016,2015-10-01,70.35714285714286,72.0909090909091,64.0,1,14
Burkina Faso,2017,2016-10-01,71.9090909090909,71.9090909090909,71.9090909090909,3,11
Burkina Faso,2018,2017-10-01,71.92307692307692,73.0909090909091,65.5,3,13
Burkina Faso,2019,2018-10-01,69.28571428571429,70.45454545454545,65.0,1,14
Burkina Faso,2020,2019-10-01,70.66666666666667,71.0,67.0,2,12
Burkina Faso,2022,2021-10-01,66.75,70.0,59.6,2,16
Burkina Faso,2026,2025-10-01,67.34782608695652,72.0909090909091,63.0,3,28
Cameroon,2005,2004-10-01,75.47826086956522,78.81818181818181,72.41666666666667,11,73
Cameroon,2006,2005-10-01,74.6086956521739,78.45454545454545,71.08333333333333,10,65
Cameroon,2007,2006-10-01,74.3913043478261,78.0909090909091,71.0,11,66
Cameroon,2008,2007-10-01,74.3913043478261,77.18181818181819,71.83333333333333,11,66
Cameroon,2009,2008-10-01,73.47826086956522,76.18181818181819,71.0,6,77
Cameroon,2010,2009-10-01,74.21739130434783,76.54545454545455,72.08333333333333,8,82
Cameroon,2011,2010-10-01,74.34782608695652,77.27272727272727,71.66666666666667,9,80
Cameroon,2012,2011-10-01,74.0,76.81818181818181,71.41666666666667,10,57
Cameroon,2013,2012-10-01,74.3913043478261,77.18181818181819,71.83333333333333,11,69
Cameroon,2014,2013-10-01,74.52173913043478,76.9090909090909,72.33333333333333,13,60
Cameroon,2015,2014-10-01,73.91304347826087,76.81818181818181,71.25,11,69
Cameroon,2016,2015-10-01,75.6086956521739,78.0,73.41666666666667,14,62
Cameroon,2017,2016-10-01,75.73913043478261,78.18181818181819,73.5,13,66
Cameroon,2018,2017-10-01,75.56521739130434,78.27272727272727,73.08333333333333,13,60
Cameroon,2019,2018-10-01,75.47826086956522,77.36363636363636,73.75,8,56
Cameroon,2020,2019-10-01,75.69565217391305,78.18181818181819,73.41666666666667,11,52
Cameroon,2022,2021-10-01,74.73913043478261,76.63636363636364,73.0,11,65
Cameroon,2026,2025-10-01,74.56521739130434,77.45454545454545,71.91666666666667,8,80
Canada,2005,2004-10-01,68.43478260869566,72.81818181818181,64.41666666666667,3,29
Canada,2006,2005-10-01,67.04347826086956,70.9090909090909,63.5,1,27
Canada,2007,2006-10-01,68.3913043478261,71.63636363636364,65.41666666666667,1,34
Canada,2008,2007-10-01,68.78260869565217,72.54545454545455,65.33333333333333,2,40
Canada,2009,2008-10-01,67.47826086956522,70.81818181818181,64.41666666666667,1,32
Canada,2010,2009-10-01,68.52173913043478,71.45454545454545,65.83333333333333,0,34
Canada,2011,2010-10-01,69.17391304347827,72.18181818181819,66.41666666666667,2,35
Canada,2012,2011-10-01,68.26086956521739,72.63636363636364,64.25,3,27
Canada,2013,2012-10-01,67.30434782608695,70.27272727272727,64.58333333333333,1,28
Canada,2014,2013-10-01,65.5,67.81818181818181,63.18181818181818,0,22
Canada,2015,2014-10-01,65.73684210526316,67.63636363636364,63.125,1,19
Canada,2016,2015-10-01,66.95652173913044,69.63636363636364,64.5,1,25
Canada,2017,2016-10-01,68.30434782608695,70.45454545454545,66.33333333333333,1,26
Canada,2018,2017-10-01,68.91304347826087,71.54545454545455,66.5,2,28
Canada,2019,2018-10-01,70.17391304347827,73.0909090909091,67.5,1,28
Canada,2020,2019-10-01,70.77272727272727,73.81818181818181,67.72727272727273,4,22
Canada,2022,2021-10-01,71.8695652173913,75.0909090909091,68.91666666666667,6,76
Canada,2026,2025-10-01,73.6086956521739,77.0909090909091,70.41666666666667,8,84
Cape Verde Islands,2007,2006-10-01,65.72727272727273,65.72727272727273,65.72727272727273,1,11
Cape Verde Islands,2012,2011-10-01,66.45454545454545,66.45454545454545,66.45454545454545,0,11
Cape Verde Islands,2013,2012-10-01,66.4375,68.72727272727273,61.4,0,16
Cape Verde Islands,2014,2013-10-01,66.16666666666667,68.18181818181819,63.0,0,18
Cape Verde Islands,2015,2014-10-01,66.2,70.0,61.55555555555556,0,20
Cape Verde Islands,2016,2015-10-01,69.72222222222223,72.0,66.14285714285714,2,18
Cape Verde Islands,2017,2016-10-01,70.55,73.0,67.55555555555556,2,20
Cape Verde Islands,2018,2017-10-01,71.52380952380952,74.36363636363636,68.4,4,21
Cape Verde Islands,2019,2018-10-01,71.6842105263158,74.81818181818181,67.375,6,19
Cape Verde Islands,2020,2019-10-01,72.17647058823529,74.81818181818181,67.33333333333333,6,17
Cape Verde Islands,2022,2021-10-01,68.61904761904762,73.0,63.8,3,21
Cape Verde Islands,2026,2025-10-01,68.69565217391305,71.72727272727273,65.91666666666667,1,29
Chile,2005,2004-10-01,69.30434782608695,75.36363636363636,63.75,6,30
Chile,2006,2005-10-01,67.95652173913044,73.72727272727273,62.666666666666664,4,26
Chile,2007,2006-10-01,72.26086956521739,75.27272727272727,69.5,6,29
Chile,2008,2007-10-01,73.73913043478261,77.36363636363636,70.41666666666667,10,29
Chile,2009,2008-10-01,73.26086956521739,76.63636363636364,70.16666666666667,9,30
Chile,2010,2009-10-01,75.0,77.0909090909091,73.08333333333333,13,33
Chile,2011,2010-10-01,75.34782608695652,77.9090909090909,73.0,14,33
Chile,2012,2011-10-01,76.73913043478261,79.45454545454545,74.25,16,48
Chile,2013,2012-10-01,76.78260869565217,79.0,74.75,20,44
Chile,2014,2013-10-01,76.52173913043478,78.63636363636364,74.58333333333333,18,228
Chile,2015,2014-10-01,75.95652173913044,78.45454545454545,73.66666666666667,13,240
Chile,2016,2015-10-01,77.04347826086956,79.72727272727273,74.58333333333333,18,226
Chile,2017,2016-10-01,78.1304347826087,81.0909090909091,75.41666666666667,25,224
Chile,2018,2017-10-01,77.6086956521739,80.0909090909091,75.33333333333333,24,229
Chile,2019,2018-10-01,77.21739130434783,79.27272727272727,75.33333333333333,22,182
Chile,2020,2019-10-01,76.73913043478261,78.9090909090909,74.75,19,166
Chile,2022,2021-10-01,75.47826086956522,77.54545454545455,73.58333333333333,14,165
Chile,2026,2025-10-01,73.56521739130434,75.0,72.25,6,168
China PR,2005,2004-10-01,66.30434782608695,70.27272727272727,62.666666666666664,0,24
China PR,2006,2005-10-01,65.17391304347827,69.0,61.666666666666664,0,24
China PR,2007,2006-10-01,66.21739130434783,69.36363636363636,63.333333333333336,0,25
China PR,2008,2007-10-01,65.34782608695652,68.72727272727273,62.25,0,26
China PR,2009,2008-10-01,63.82608695652174,66.18181818181819,61.666666666666664,0,28
China PR,2010,2009-10-01,65.91304347826087,68.0909090909091,63.916666666666664,0,29
China PR,2011,2010-10-01,65.47368421052632,67.72727272727273,62.375,0,19
China PR,2016,2015-10-01,68.27272727272727,70.72727272727273,65.81818181818181,0,22
China PR,2017,2016-10-01,66.83333333333333,67.0,65.0,0,12
China PR,2018,2017-10-01,69.1304347826087,71.0,67.41666666666667,0,23
China PR,2019,2018-10-01,71.17391304347827,73.0909090909091,69.41666666666667,3,78
China PR,2020,2019-10-01,70.6086956521739,73.0,68.41666666666667,3,58
China PR,2022,2021-10-01,71.47826086956522,74.0909090909091,69.08333333333333,5,385
China PR,2026,2025-10-01,68.17391304347827,69.9090909090909,66.58333333333333,0,401
Colo-Colo,2020,2019-10-01,70.81818181818181,73.36363636363636,68.27272727272727,1,22
Colombia,2005,2004-10-01,70.8695652173913,77.54545454545455,64.75,6,25
Colombia,2006,2005-10-01,72.6086956521739,77.0,68.58333333333333,7,27
Colombia,2007,2006-10-01,75.82608695652173,79.72727272727273,72.25,11,38
Colombia,2008,2007-10-01,74.95652173913044,78.63636363636364,71.58333333333333,11,41
Colombia,2009,2008-10-01,75.30434782608695,77.72727272727273,73.08333333333333,14,44
Colombia,2010,2009-10-01,75.21739130434783,76.72727272727273,73.83333333333333,11,52
Colombia,2011,2010-10-01,75.52173913043478,77.0909090909091,74.08333333333333,14,64
Colombia,2012,2011-10-01,76.34782608695652,78.45454545454545,74.41666666666667,15,85
Colombia,2013,2012-10-01,77.6086956521739,80.36363636363636,75.08333333333333,19,79
Colombia,2014,2013-10-01,77.34782608695652,80.0909090909091,74.83333333333333,19,349
Colombia,2015,2014-10-01,77.8695652173913,80.54545454545455,75.41666666666667,22,323
Colombia,2016,2015-10-01,77.69565217391305,79.81818181818181,75.75,26,329
Colombia,2017,2016-10-01,78.52173913043478,80.36363636363636,76.83333333333333,40,346
Colombia,2018,2017-10-01,79.0,81.18181818181819,77.0,42,353
Colombia,2019,2018-10-01,79.3913043478261,81.63636363636364,77.33333333333333,43,334
Colombia,2020,2019-10-01,78.91304347826087,80.63636363636364,77.33333333333333,42,328
Colombia,2022,2021-10-01,78.6086956521739,80.27272727272727,77.08333333333333,41,322
Colombia,2026,2025-10-01,77.95652173913044,79.72727272727273,76.33333333333333,30,212
Comoros,2026,2025-10-01,67.15384615384616,68.81818181818181,58.0,1,13
Congo,2005,2004-10-01,59.888888888888886,67.18181818181819,48.42857142857143,2,18
Congo,2006,2005-10-01,59.88235294117647,65.9090909090909,48.833333333333336,2,17
Congo,2007,2006-10-01,61.05555555555556,67.27272727272727,51.285714285714285,1,18
Congo,2008,2007-10-01,61.94444444444444,65.9090909090909,55.714285714285715,0,18
Congo,2009,2008-10-01,65.66666666666667,67.81818181818181,59.75,1,15
Congo,2010,2009-10-01,64.3529411764706,67.54545454545455,58.5,1,17
Congo,2011,2010-10-01,64.57142857142857,67.72727272727273,53.0,1,14
Congo,2012,2011-10-01,64.81818181818181,64.81818181818181,64.81818181818181,2,11
Congo,2013,2012-10-01,65.76923076923077,68.54545454545455,50.5,2,13
Congo,2015,2014-10-01,63.333333333333336,65.54545454545455,39.0,1,12
Congo,2016,2015-10-01,64.21428571428571,68.81818181818181,47.333333333333336,1,14
Congo,2017,2016-10-01,63.583333333333336,65.81818181818181,39.0,0,12
Congo,2018,2017-10-01,64.08333333333333,66.36363636363636,39.0,0,12
Congo,2022,2021-10-01,65.6875,67.63636363636364,61.4,0,16
Congo,2026,2025-10-01,64.5625,66.9090909090909,59.4,0,16
Congo DR,2005,2004-10-01,57.84615384615385,60.36363636363637,44.0,1,13
Congo DR,2006,2005-10-01,58.166666666666664,59.90909090909091,39.0,1,12
Congo DR,2007,2006-10-01,64.33333333333333,65.63636363636364,50.0,2,12
Congo DR,2008,2007-10-01,64.42857142857143,66.63636363636364,56.333333333333336,1,14
Congo DR,2010,2009-10-01,67.625,69.72727272727273,63.0,4,16
Congo DR,2011,2010-10-01,65.78260869565217,69.18181818181819,62.666666666666664,1,25
Congo DR,2012,2011-10-01,68.6086956521739,71.81818181818181,65.66666666666667,1,23
Congo DR,2013,2012-10-01,69.17391304347827,72.81818181818181,65.83333333333333,3,27
Congo DR,2014,2013-10-01,69.1304347826087,72.27272727272727,66.25,2,26
Congo DR,2015,2014-10-01,70.6086956521739,72.9090909090909,68.5,2,39
Congo DR,2016,2015-10-01,72.17391304347827,75.18181818181819,69.41666666666667,7,42
Congo DR,2017,2016-10-01,73.30434782608695,75.63636363636364,71.16666666666667,6,47
Congo DR,2018,2017-10-01,73.17391304347827,74.63636363636364,71.83333333333333,5,45
Congo DR,2019,2018-10-01,73.3913043478261,75.18181818181819,71.75,5,43
Congo DR,2020,2019-10-01,72.95652173913044,75.45454545454545,70.66666666666667,5,41
Congo DR,2022,2021-10-01,73.04347826086956,75.45454545454545,70.83333333333333,7,53
Congo DR,2026,2025-10-01,73.47826086956522,76.36363636363636,70.83333333333333,6,47
Costa Rica,2005,2004-10-01,68.78260869565217,71.45454545454545,66.33333333333333,0,28
Costa Rica,2006,2005-10-01,67.65217391304348,70.36363636363636,65.16666666666667,0,27
Costa Rica,2007,2006-10-01,62.23076923076923,63.63636363636363,54.5,0,13
Costa Rica,2008,2007-10-01,65.6923076923077,66.81818181818181,59.5,1,13
Costa Rica,2009,2008-10-01,65.26666666666667,66.54545454545455,61.75,0,15
Costa Rica,2010,2009-10-01,65.38888888888889,68.63636363636364,60.285714285714285,1,18
Costa Rica,2011,2010-10-01,66.21739130434783,69.81818181818181,62.916666666666664,1,23
Costa Rica,2012,2011-10-01,67.43478260869566,71.72727272727273,63.5,3,23
Costa Rica,2013,2012-10-01,68.5909090909091,72.9090909090909,64.27272727272727,1,22
Costa Rica,2014,2013-10-01,69.30434782608695,73.36363636363636,65.58333333333333,3,28
Costa Rica,2015,2014-10-01,69.6086956521739,74.0,65.58333333333333,4,24
Costa Rica,2016,2015-10-01,70.5,74.54545454545455,66.45454545454545,5,22
Costa Rica,2017,2016-10-01,71.73913043478261,75.72727272727273,68.08333333333333,7,23
Costa Rica,2018,2017-10-01,70.82608695652173,74.81818181818181,67.16666666666667,5,23
Costa Rica,2019,2018-10-01,70.33333333333333,73.63636363636364,66.7,5,21
Costa Rica,2020,2019-10-01,70.55,73.18181818181819,67.33333333333333,1,20
Costa Rica,2022,2021-10-01,68.65217391304348,72.45454545454545,65.16666666666667,2,23
Costa Rica,2026,2025-10-01,67.15384615384616,68.0909090909091,62.0,0,13
Croatia,2005,2004-10-01,77.34782608695652,79.9090909090909,75.0,18,83
Croatia,2006,2005-10-01,77.69565217391305,80.63636363636364,75.0,18,78
Croatia,2007,2006-10-01,77.34782608695652,80.45454545454545,74.5,17,71
Croatia,2008,2007-10-01,76.47826086956522,79.18181818181819,74.0,16,76
Croatia,2009,2008-10-01,77.08695652173913,80.18181818181819,74.25,16,85
Croatia,2010,2009-10-01,77.47826086956522,80.0909090909091,75.08333333333333,19,80
Croatia,2011,2010-10-01,77.0,80.0,74.25,16,84
Croatia,2012,2011-10-01,77.21739130434783,79.63636363636364,75.0,19,65
Croatia,2013,2012-10-01,75.73913043478261,78.81818181818181,72.91666666666667,12,60
Croatia,2014,2013-10-01,76.56521739130434,79.36363636363636,74.0,16,64
Croatia,2015,2014-10-01,76.26086956521739,80.0,72.83333333333333,12,70
Croatia,2016,2015-10-01,77.47826086956522,80.81818181818181,74.41666666666667,14,82
Croatia,2017,2016-10-01,79.73913043478261,83.0909090909091,76.66666666666667,25,88
Croatia,2018,2017-10-01,79.82608695652173,82.9090909090909,77.0,24,72
Croatia,2019,2018-10-01,80.26086956521739,83.54545454545455,77.25,29,97
Croatia,2020,2019-10-01,79.73913043478261,82.36363636363636,77.33333333333333,29,101
Croatia,2022,2021-10-01,79.08695652173913,82.0,76.41666666666667,29,154
Croatia,2026,2025-10-01,78.82608695652173,81.18181818181819,76.66666666666667,26,166
Curaçao,2019,2018-10-01,68.66666666666667,69.0,65.0,0,12
Curaçao,2022,2021-10-01,67.54545454545455,67.54545454545455,67.54545454545455,0,11
Curaçao,2026,2025-10-01,64.53333333333333,66.63636363636364,58.75,0,15
Cyprus,2022,2021-10-01,61.526315789473685,64.9090909090909,56.875,0,19
Cyprus,2026,2025-10-01,66.21739130434783,69.36363636363636,63.333333333333336,0,26
Czechia,2005,2004-10-01,80.52173913043478,84.36363636363636,77.0,22,96
Czechia,2006,2005-10-01,80.43478260869566,84.72727272727273,76.5,22,89
Czechia,2007,2006-10-01,79.30434782608695,82.54545454545455,76.33333333333333,20,92
Czechia,2008,2007-10-01,78.95652173913044,82.0909090909091,76.08333333333333,25,292
Czechia,2009,2008-10-01,76.91304347826087,79.81818181818181,74.25,16,228
Czechia,2010,2009-10-01,77.91304347826087,79.81818181818181,76.16666666666667,24,246
Czechia,2011,2010-10-01,76.65217391304348,79.0909090909091,74.41666666666667,15,245
Czechia,2012,2011-10-01,75.04347826086956,77.36363636363636,72.91666666666667,8,59
Czechia,2013,2012-10-01,75.43478260869566,77.27272727272727,73.75,13,55
Czechia,2014,2013-10-01,74.47826086956522,76.27272727272727,72.83333333333333,6,53
Czechia,2015,2014-10-01,74.30434782608695,76.18181818181819,72.58333333333333,6,45
Czechia,2016,2015-10-01,74.78260869565217,77.0,72.75,11,49
Czechia,2017,2016-10-01,75.69565217391305,77.81818181818181,73.75,14,50
Czechia,2018,2017-10-01,75.52173913043478,78.0909090909091,73.16666666666667,13,63
Czechia,2019,2018-10-01,75.95652173913044,77.9090909090909,74.16666666666667,12,79
Czechia,2020,2019-10-01,76.47826086956522,78.18181818181819,74.91666666666667,19,88
Czechia,2022,2021-10-01,77.04347826086956,78.81818181818181,75.41666666666667,21,104
Czechia,2026,2025-10-01,75.91304347826087,77.54545454545455,74.41666666666667,16,93
Côte d'Ivoire,2005,2004-10-01,72.17391304347827,77.54545454545455,67.25,8,53
Côte d'Ivoire,2006,2005-10-01,75.0,79.63636363636364,70.75,11,63
Côte d'Ivoire,2007,2006-10-01,77.3913043478261,80.45454545454545,74.58333333333333,18,60
Côte d'Ivoire,2008,2007-10-01,78.21739130434783,81.54545454545455,75.16666666666667,19,52
Côte d'Ivoire,2009,2008-10-01,76.56521739130434,80.18181818181819,73.25,15,53
Côte d'Ivoire,2010,2009-10-01,76.52173913043478,79.81818181818181,73.5,14,57
Côte d'Ivoire,2011,2010-10-01,76.04347826086956,79.9090909090909,72.5,12,56
Côte d'Ivoire,2012,2011-10-01,77.0,80.45454545454545,73.83333333333333,14,63
Côte d'Ivoire,2013,2012-10-01,76.73913043478261,80.18181818181819,73.58333333333333,14,74
Côte d'Ivoire,2014,2013-10-01,76.6086956521739,80.18181818181819,73.33333333333333,12,66
Côte d'Ivoire,2015,2014-10-01,76.1304347826087,79.18181818181819,73.33333333333333,13,73
Côte d'Ivoire,2016,2015-10-01,77.34782608695652,79.81818181818181,75.08333333333333,18,76
Côte d'Ivoire,2017,2016-10-01,77.91304347826087,80.63636363636364,75.41666666666667,22,74
Côte d'Ivoire,2018,2017-10-01,77.34782608695652,79.72727272727273,75.16666666666667,21,72
Côte d'Ivoire,2019,2018-10-01,77.3913043478261,79.54545454545455,75.41666666666667,26,78
Côte d'Ivoire,2020,2019-10-01,77.08695652173913,79.0,75.33333333333333,26,80
Côte d'Ivoire,2022,2021-10-01,77.0,79.18181818181819,75.0,21,111
Côte d'Ivoire,2026,2025-10-01,77.52173913043478,79.27272727272727,75.91666666666667,21,144
Denmark,2005,2004-10-01,78.91304347826087,82.36363636363636,75.75,19,297
Denmark,2006,2005-10-01,77.73913043478261,80.72727272727273,75.0,19,266
Denmark,2007,2006-10-01,77.82608695652173,80.0909090909091,75.75,21,249
Denmark,2008,2007-10-01,77.0,79.36363636363636,74.83333333333333,17,214
Denmark,2009,2008-10-01,75.52173913043478,78.36363636363636,72.91666666666667,13,169
Denmark,2010,2009-10-01,74.65217391304348,76.63636363636364,72.83333333333333,11,162
Denmark,2011,2010-10-01,74.65217391304348,76.9090909090909,72.58333333333333,10,165
Denmark,2012,2011-10-01,74.52173913043478,76.81818181818181,72.41666666666667,9,166
Denmark,2013,2012-10-01,74.82608695652173,76.81818181818181,73.0,8,165
Denmark,2014,2013-10-01,74.56521739130434,76.72727272727273,72.58333333333333,9,146
Denmark,2015,2014-10-01,74.8695652173913,76.72727272727273,73.16666666666667,12,154
Denmark,2016,2015-10-01,76.0,78.0,74.16666666666667,14,156
Denmark,2017,2016-10-01,77.56521739130434,80.18181818181819,75.16666666666667,19,150
Denmark,2018,2017-10-01,77.3913043478261,79.72727272727273,75.25,21,144
Denmark,2019,2018-10-01,78.04347826086956,80.45454545454545,75.83333333333333,25,145
Denmark,2020,2019-10-01,77.95652173913044,80.45454545454545,75.66666666666667,26,139
Denmark,2022,2021-10-01,77.91304347826087,80.45454545454545,75.58333333333333,24,307
Denmark,2026,2025-10-01,78.34782608695652,79.72727272727273,77.08333333333333,34,385
Ecuador,2007,2006-10-01,67.43478260869566,72.0,63.25,2,25
Ecuador,2008,2007-10-01,66.52173913043478,69.81818181818181,63.5,1,24
Ecuador,2009,2008-10-01,69.1304347826087,72.72727272727273,65.83333333333333,2,34
Ecuador,2010,2009-10-01,70.73913043478261,74.0,67.75,3,34
Ecuador,2011,2010-10-01,70.26086956521739,74.0909090909091,66.75,3,26
Ecuador,2012,2011-10-01,71.56521739130434,74.27272727272727,69.08333333333333,4,32
Ecuador,2013,2012-10-01,71.30434782608695,74.45454545454545,68.41666666666667,3,30
Ecuador,2014,2013-10-01,71.3913043478261,74.0909090909091,68.91666666666667,4,31
Ecuador,2015,2014-10-01,71.1304347826087,73.72727272727273,68.75,5,41
Ecuador,2016,2015-10-01,72.0,74.63636363636364,69.58333333333333,6,30
Ecuador,2017,2016-10-01,73.0,75.45454545454545,70.75,5,29
Ecuador,2018,2017-10-01,72.69565217391305,75.27272727272727,70.33333333333333,4,34
Ecuador,2019,2018-10-01,72.73913043478261,74.9090909090909,70.75,6,36
Ecuador,2020,2019-10-01,74.73913043478261,76.63636363636364,73.0,12,113
Ecuador,2022,2021-10-01,72.8695652173913,75.0909090909091,70.83333333333333,6,178
Ecuador,2026,2025-10-01,74.04347826086956,77.18181818181819,71.16666666666667,6,124
Egypt,2012,2011-10-01,66.82608695652173,70.18181818181819,63.75,1,25
Egypt,2013,2012-10-01,67.3913043478261,70.54545454545455,64.5,1,35
Egypt,2014,2013-10-01,68.82608695652173,71.72727272727273,66.16666666666667,1,28
Egypt,2015,2014-10-01,67.65217391304348,71.18181818181819,64.41666666666667,1,26
Egypt,2016,2015-10-01,69.17391304347827,73.0,65.66666666666667,3,25
Egypt,2017,2016-10-01,71.17391304347827,74.36363636363636,68.25,3,27
Egypt,2018,2017-10-01,72.17391304347827,75.27272727272727,69.33333333333333,5,36
Egypt,2019,2018-10-01,71.95652173913044,75.18181818181819,69.0,4,30
Egypt,2020,2019-10-01,72.73913043478261,75.36363636363636,70.33333333333333,4,28
Egypt,2022,2021-10-01,72.25,73.27272727272727,61.0,4,12
England,2005,2004-10-01,87.21739130434783,90.36363636363636,84.33333333333333,86,1436
England,2006,2005-10-01,86.43478260869566,89.27272727272727,83.83333333333333,83,1254
England,2007,2006-10-01,84.3913043478261,87.0909090909091,81.91666666666667,94,1022
England,2008,2007-10-01,84.30434782608695,86.27272727272727,82.5,82,742
England,2009,2008-10-01,83.52173913043478,85.45454545454545,81.75,77,771
England,2010,2009-10-01,83.3913043478261,85.27272727272727,81.66666666666667,94,771
England,2011,2010-10-01,82.52173913043478,84.18181818181819,81.0,90,779
England,2012,2011-10-01,82.78260869565217,84.27272727272727,81.41666666666667,84,847
England,2013,2012-10-01,81.65217391304348,83.0909090909091,80.33333333333333,68,787
England,2014,2013-10-01,80.82608695652173,82.36363636363636,79.41666666666667,64,665
England,2015,2014-10-01,80.17391304347827,81.72727272727273,78.75,68,705
England,2016,2015-10-01,81.17391304347827,82.54545454545455,79.91666666666667,90,624
England,2017,2016-10-01,82.04347826086956,82.81818181818181,81.33333333333333,93,595
England,2018,2017-10-01,81.69565217391305,82.81818181818181,80.66666666666667,99,603
England,2019,2018-10-01,82.04347826086956,83.9090909090909,80.33333333333333,114,641
England,2020,2019-10-01,82.78260869565217,84.9090909090909,80.83333333333333,124,602
England,2022,2021-10-01,84.17391304347827,85.81818181818181,82.66666666666667,126,1719
England,2026,2025-10-01,83.95652173913044,86.0909090909091,82.0,117,1495
Equatorial Guinea,2026,2025-10-01,65.9090909090909,65.9090909090909,65.9090909090909,2,11
Finland,2005,2004-10-01,73.43478260869566,78.54545454545455,68.75,9,47
Finland,2006,2005-10-01,73.43478260869566,78.36363636363636,68.91666666666667,9,42
Finland,2007,2006-10-01,72.65217391304348,77.63636363636364,68.08333333333333,8,44
Finland,2008,2007-10-01,71.95652173913044,75.9090909090909,68.33333333333333,7,45
Finland,2009,2008-10-01,70.04347826086956,73.63636363636364,66.75,6,46
Finland,2010,2009-10-01,71.1304347826087,74.81818181818181,67.75,6,50
Finland,2011,2010-10-01,70.78260869565217,73.63636363636364,68.16666666666667,3,52
Finland,2012,2011-10-01,70.21739130434783,73.45454545454545,67.25,4,41
Finland,2013,2012-10-01,69.21739130434783,72.54545454545455,66.16666666666667,3,34
Finland,2014,2013-10-01,68.73913043478261,72.0909090909091,65.66666666666667,3,34
Finland,2015,2014-10-01,68.82608695652173,71.63636363636364,66.25,2,34
Finland,2016,2015-10-01,69.82608695652173,72.54545454545455,67.33333333333333,3,28
Finland,2017,2016-10-01,70.78260869565217,73.45454545454545,68.33333333333333,3,30
Finland,2018,2017-10-01,70.73913043478261,73.9090909090909,67.83333333333333,3,28
Finland,2019,2018-10-01,71.17391304347827,74.27272727272727,68.33333333333333,5,30
Finland,2020,2019-10-01,71.1304347826087,74.36363636363636,68.16666666666667,4,26
Finland,2022,2021-10-01,70.26086956521739,73.81818181818181,67.0,4,64
Finland,2026,2025-10-01,71.0,73.45454545454545,68.75,3,83
France,2005,2004-10-01,88.3913043478261,91.81818181818181,85.25,106,874
France,2006,2005-10-01,87.56521739130434,89.72727272727273,85.58333333333333,95,755
France,2007,2006-10-01,84.56521739130434,86.54545454545455,82.75,125,751
France,2008,2007-10-01,83.82608695652173,85.63636363636364,82.16666666666667,115,719
France,2009,2008-10-01,83.65217391304348,85.0,82.41666666666667,96,728
France,2010,2009-10-01,83.34782608695652,84.72727272727273,82.08333333333333,98,666
France,2011,2010-10-01,82.43478260869566,83.81818181818181,81.16666666666667,105,607
France,2012,2011-10-01,82.34782608695652,84.0909090909091,80.75,100,700
France,2013,2012-10-01,82.30434782608695,83.63636363636364,81.08333333333333,98,693
France,2014,2013-10-01,81.91304347826087,83.54545454545455,80.41666666666667,89,632
France,2015,2014-10-01,82.08695652173913,83.63636363636364,80.66666666666667,86,674
France,2016,2015-10-01,83.04347826086956,84.27272727272727,81.91666666666667,125,651
France,2017,2016-10-01,84.21739130434783,85.9090909090909,82.66666666666667,163,611
France,2018,2017-10-01,84.08695652173913,85.45454545454545,82.83333333333333,157,605
France,2019,2018-10-01,84.8695652173913,86.54545454545455,83.33333333333333,172,616
France,2020,2019-10-01,84.78260869565217,86.63636363636364,83.08333333333333,177,594
France,2022,2021-10-01,84.65217391304348,86.63636363636364,82.83333333333333,169,980
France,2026,2025-10-01,85.17391304347827,86.72727272727273,83.75,148,913
Gabon,2016,2015-10-01,69.42857142857143,72.45454545454545,58.333333333333336,3,14
Gabon,2017,2016-10-01,69.06666666666666,72.45454545454545,59.75,2,15
Gabon,2018,2017-10-01,72.46153846153847,73.45454545454545,67.0,3,13
Gabon,2020,2019-10-01,73.5,74.18181818181819,66.0,4,12
Gabon,2022,2021-10-01,71.16666666666667,71.81818181818181,64.0,3,12
Gambia,2010,2009-10-01,63.23076923076923,63.81818181818182,60.0,0,13
Gambia,2019,2018-10-01,69.08333333333333,69.45454545454545,65.0,1,12
Gambia,2020,2019-10-01,69.08333333333333,69.36363636363636,66.0,1,12
Gambia,2022,2021-10-01,67.21739130434783,69.63636363636364,65.0,1,26
Gambia,2026,2025-10-01,68.78260869565217,71.54545454545455,66.25,2,43
Georgia,2006,2005-10-01,70.36363636363636,70.36363636363636,70.36363636363636,4,11
Georgia,2007,2006-10-01,71.72727272727273,71.72727272727273,71.72727272727273,4,11
Georgia,2008,2007-10-01,68.92307692307692,70.9090909090909,58.0,4,13
Georgia,2010,2009-10-01,66.58823529411765,68.45454545454545,63.166666666666664,1,17
Georgia,2011,2010-10-01,69.0,70.9090909090909,64.8,0,16
Georgia,2012,2011-10-01,67.78260869565217,71.0909090909091,64.75,1,25
Georgia,2013,2012-10-01,66.88888888888889,69.0909090909091,63.42857142857143,1,18
Georgia,2014,2013-10-01,66.05882352941177,67.45454545454545,63.5,0,17
Georgia,2015,2014-10-01,67.6923076923077,68.45454545454545,63.5,0,13
Georgia,2016,2015-10-01,68.75,71.81818181818181,65.0,2,20
Georgia,2017,2016-10-01,70.10526315789474,72.72727272727273,66.5,3,19
Georgia,2018,2017-10-01,69.77272727272727,72.45454545454545,67.0909090909091,3,22
Georgia,2019,2018-10-01,69.1304347826087,71.45454545454545,67.0,1,23
Georgia,2020,2019-10-01,70.16666666666667,72.18181818181819,67.0,2,18
Georgia,2022,2021-10-01,68.1304347826087,71.36363636363636,65.16666666666667,2,25
Georgia,2026,2025-10-01,72.0,76.18181818181819,68.16666666666667,4,34
Germany,2005,2004-10-01,85.47826086956522,88.0,83.16666666666667,70,510
Germany,2006,2005-10-01,85.3913043478261,87.27272727272727,83.66666666666667,84,461
Germany,2007,2006-10-01,83.91304347826087,85.9090909090909,82.08333333333333,76,466
Germany,2008,2007-10-01,83.08695652173913,84.72727272727273,81.58333333333333,77,477
Germany,2009,2008-10-01,82.47826086956522,84.63636363636364,80.5,64,475
Germany,2010,2009-10-01,82.08695652173913,83.81818181818181,80.5,68,493
Germany,2011,2010-10-01,81.91304347826087,83.63636363636364,80.33333333333333,66,525
Germany,2012,2011-10-01,82.95652173913044,84.81818181818181,81.25,81,559
Germany,2013,2012-10-01,83.43478260869566,85.36363636363636,81.66666666666667,82,554
Germany,2014,2013-10-01,83.69565217391305,85.54545454545455,82.0,85,521
Germany,2015,2014-10-01,83.6086956521739,86.36363636363636,81.08333333333333,84,516
Germany,2016,2015-10-01,84.21739130434783,86.36363636363636,82.25,114,491
Germany,2017,2016-10-01,84.8695652173913,87.18181818181819,82.75,131,487
Germany,2018,2017-10-01,85.21739130434783,87.18181818181819,83.41666666666667,134,652
Germany,2019,2018-10-01,84.95652173913044,86.63636363636364,83.41666666666667,132,655
Germany,2020,2019-10-01,85.0,86.9090909090909,83.25,122,616
Germany,2022,2021-10-01,84.82608695652173,86.9090909090909,82.91666666666667,93,1214
Germany,2026,2025-10-01,83.82608695652173,85.72727272727273,82.08333333333333,114,1163
Ghana,2005,2004-10-01,70.21739130434783,75.36363636363636,65.5,6,40
Ghana,2006,2005-10-01,69.91304347826087,75.45454545454545,64.83333333333333,5,40
Ghana,2007,2006-10-01,72.8695652173913,76.9090909090909,69.16666666666667,7,46
Ghana,2008,2007-10-01,72.17391304347827,76.54545454545455,68.16666666666667,7,47
Ghana,2009,2008-10-01,70.65217391304348,74.81818181818181,66.83333333333333,5,46
Ghana,2010,2009-10-01,72.69565217391305,76.54545454545455,69.16666666666667,7,54
Ghana,2011,2010-10-01,73.69565217391305,77.0909090909091,70.58333333333333,10,60
Ghana,2012,2011-10-01,74.52173913043478,77.9090909090909,71.41666666666667,9,66
Ghana,2013,2012-10-01,73.78260869565217,77.0909090909091,70.75,8,75
Ghana,2014,2013-10-01,72.91304347826087,75.72727272727273,70.33333333333333,7,68
Ghana,2015,2014-10-01,73.34782608695652,75.45454545454545,71.41666666666667,6,80
Ghana,2016,2015-10-01,74.26086956521739,75.9090909090909,72.75,7,78
Ghana,2017,2016-10-01,75.08695652173913,76.81818181818181,73.5,13,74
Ghana,2018,2017-10-01,75.1304347826087,76.9090909090909,73.5,12,78
Ghana,2019,2018-10-01,75.3913043478261,77.0,73.91666666666667,13,79
Ghana,2020,2019-10-01,74.91304347826087,77.0,73.0,11,82
Ghana,2022,2021-10-01,74.73913043478261,76.72727272727273,72.91666666666667,11,128
Ghana,2026,2025-10-01,75.6086956521739,78.0909090909091,73.33333333333333,12,138
Greece,2005,2004-10-01,81.04347826086956,85.0,77.41666666666667,22,89
Greece,2006,2005-10-01,78.56521739130434,81.9090909090909,75.5,20,60
Greece,2007,2006-10-01,77.8695652173913,79.45454545454545,76.41666666666667,25,67
Greece,2008,2007-10-01,76.95652173913044,78.9090909090909,75.16666666666667,19,66
Greece,2009,2008-10-01,76.26086956521739,77.36363636363636,75.25,19,73
Greece,2010,2009-10-01,76.04347826086956,77.54545454545455,74.66666666666667,18,59
Greece,2011,2010-10-01,75.69565217391305,77.54545454545455,74.0,15,68
Greece,2012,2011-10-01,74.34782608695652,75.9090909090909,72.91666666666667,9,76
Greece,2013,2012-10-01,74.17391304347827,75.72727272727273,72.75,8,84
Greece,2014,2013-10-01,74.17391304347827,76.0,72.5,9,68
Greece,2015,2014-10-01,74.8695652173913,76.81818181818181,73.08333333333333,10,70
Greece,2016,2015-10-01,75.95652173913044,78.18181818181819,73.91666666666667,14,71
Greece,2017,2016-10-01,76.34782608695652,78.81818181818181,74.08333333333333,15,70
Greece,2018,2017-10-01,76.1304347826087,78.54545454545455,73.91666666666667,13,79
Greece,2019,2018-10-01,76.43478260869566,78.72727272727273,74.33333333333333,17,83
Greece,2020,2019-10-01,75.69565217391305,77.54545454545455,74.0,13,77
Greece,2022,2021-10-01,75.30434782608695,77.45454545454545,73.33333333333333,11,98
Greece,2026,2025-10-01,76.1304347826087,78.0,74.41666666666667,17,105
Guinea,2005,2004-10-01,62.95454545454545,70.54545454545455,55.36363636363637,3,22
Guinea,2006,2005-10-01,65.55,70.27272727272727,59.77777777777778,1,20
Guinea,2007,2006-10-01,66.47826086956522,72.9090909090909,60.583333333333336,3,25
Guinea,2008,2007-10-01,66.61111111111111,72.54545454545455,57.285714285714285,3,18
Guinea,2009,2008-10-01,67.3529411764706,72.27272727272727,58.333333333333336,4,17
Guinea,2010,2009-10-01,67.45,72.72727272727273,61.0,3,20
Guinea,2011,2010-10-01,68.125,70.54545454545455,62.8,1,16
Guinea,2013,2012-10-01,68.13333333333334,70.36363636363636,62.0,3,15
Guinea,2014,2013-10-01,68.75,70.36363636363636,65.2,2,16
Guinea,2015,2014-10-01,68.0,71.0909090909091,64.6,2,21
Guinea,2016,2015-10-01,69.65217391304348,73.27272727272727,66.33333333333333,3,23
Guinea,2017,2016-10-01,70.73913043478261,74.45454545454545,67.33333333333333,5,23
Guinea,2018,2017-10-01,70.80952380952381,74.36363636363636,66.9,4,21
Guinea,2019,2018-10-01,70.56521739130434,73.54545454545455,67.83333333333333,4,30
Guinea,2020,2019-10-01,70.6086956521739,73.45454545454545,68.0,4,28
Guinea,2022,2021-10-01,69.52173913043478,73.0909090909091,66.25,4,33
Guinea,2026,2025-10-01,70.78260869565217,75.0,66.91666666666667,4,40
Guinea Bissau,2016,2015-10-01,68.54545454545455,68.54545454545455,68.54545454545455,0,11
Guinea Bissau,2020,2019-10-01,69.83333333333333,70.0909090909091,67.0,0,12
Guinea Bissau,2022,2021-10-01,66.0,69.9090909090909,62.09090909090909,1,22
Guinea-Bissau,2026,2025-10-01,67.78260869565217,71.18181818181819,64.66666666666667,1,25
Haiti,2026,2025-10-01,66.57142857142857,69.27272727272727,56.666666666666664,1,14
Honduras,2010,2009-10-01,70.0,70.81818181818181,61.0,3,12
Honduras,2011,2010-10-01,70.08333333333333,70.81818181818181,62.0,3,12
Honduras,2012,2011-10-01,69.0,70.72727272727273,62.666666666666664,1,14
Honduras,2013,2012-10-01,68.70588235294117,70.72727272727273,65.0,1,17
Honduras,2014,2013-10-01,68.06666666666666,69.9090909090909,63.0,1,15
Honduras,2015,2014-10-01,67.3076923076923,68.18181818181819,62.5,0,13
Honduras,2017,2016-10-01,70.54545454545455,70.54545454545455,70.54545454545455,0,11
Honduras,2018,2017-10-01,70.63636363636364,70.63636363636364,70.63636363636364,1,11
Honduras,2019,2018-10-01,70.53846153846153,71.27272727272727,66.5,1,13
Honduras,2022,2021-10-01,68.0909090909091,68.0909090909091,68.0909090909091,1,11
Honduras,2026,2025-10-01,67.63636363636364,67.63636363636364,67.63636363636364,0,11
Hungary,2005,2004-10-01,69.91304347826087,73.36363636363636,66.75,2,42
Hungary,2006,2005-10-01,70.34782608695652,73.45454545454545,67.5,3,43
Hungary,2007,2006-10-01,68.91304347826087,72.0,66.08333333333333,3,43
Hungary,2008,2007-10-01,68.8695652173913,72.0909090909091,65.91666666666667,3,50
Hungary,2009,2008-10-01,70.26086956521739,73.54545454545455,67.25,4,42
Hungary,2010,2009-10-01,71.69565217391305,74.81818181818181,68.83333333333333,6,48
Hungary,2011,2010-10-01,71.95652173913044,74.54545454545455,69.58333333333333,5,56
Hungary,2012,2011-10-01,71.56521739130434,74.0909090909091,69.25,4,47
Hungary,2013,2012-10-01,71.1304347826087,73.81818181818181,68.66666666666667,3,45
Hungary,2014,2013-10-01,70.30434782608695,72.27272727272727,68.5,2,42
Hungary,2015,2014-10-01,69.78260869565217,72.0,67.75,2,36
Hungary,2016,2015-10-01,71.34782608695652,73.0909090909091,69.75,1,37
Hungary,2017,2016-10-01,71.73913043478261,73.72727272727273,69.91666666666667,3,34
Hungary,2018,2017-10-01,71.26086956521739,73.45454545454545,69.25,3,29
Hungary,2019,2018-10-01,72.52173913043478,75.27272727272727,70.0,6,29
Hungary,2020,2019-10-01,72.04347826086956,74.72727272727273,69.58333333333333,3,29
Hungary,2022,2021-10-01,72.1304347826087,75.36363636363636,69.16666666666667,5,49
Hungary,2026,2025-10-01,73.8695652173913,78.0,70.08333333333333,7,62
Iceland,2005,2004-10-01,67.3913043478261,72.81818181818181,62.416666666666664,2,27
Iceland,2006,2005-10-01,68.56521739130434,72.54545454545455,64.91666666666667,4,30
Iceland,2007,2006-10-01,68.52173913043478,72.72727272727273,64.66666666666667,2,33
Iceland,2008,2007-10-01,68.95652173913044,73.27272727272727,65.0,3,36
Iceland,2009,2008-10-01,68.3913043478261,71.45454545454545,65.58333333333333,2,36
Iceland,2010,2009-10-01,69.0,71.36363636363636,66.83333333333333,2,39
Iceland,2011,2010-10-01,67.91304347826087,70.18181818181819,65.83333333333333,1,39
Iceland,2012,2011-10-01,69.3913043478261,72.45454545454545,66.58333333333333,3,40
Iceland,2013,2012-10-01,68.82608695652173,71.36363636363636,66.5,2,36
Iceland,2014,2013-10-01,68.8695652173913,71.27272727272727,66.66666666666667,1,34
Iceland,2015,2014-10-01,68.21739130434783,71.18181818181819,65.5,2,31
Iceland,2016,2015-10-01,70.08695652173913,72.81818181818181,67.58333333333333,4,33
Iceland,2017,2016-10-01,70.95652173913044,73.81818181818181,68.33333333333333,4,32
Iceland,2018,2017-10-01,71.52173913043478,73.81818181818181,69.41666666666667,3,32
Iceland,2019,2018-10-01,72.0,74.54545454545455,69.66666666666667,3,31
Iceland,2020,2019-10-01,71.8695652173913,74.36363636363636,69.58333333333333,3,27
Iceland,2022,2021-10-01,70.69565217391305,72.72727272727273,68.83333333333333,3,58
Iceland,2026,2025-10-01,70.3913043478261,72.72727272727273,68.25,3,61
India,2022,2021-10-01,61.0,62.63636363636363,59.5,0,223
India,2026,2025-10-01,65.17391304347827,66.45454545454545,64.0,0,299
Indonesia,2026,2025-10-01,68.07142857142857,70.0909090909091,60.666666666666664,1,14
Iran,2018,2017-10-01,71.78571428571429,72.9090909090909,67.66666666666667,3,14
Iran,2019,2018-10-01,69.66666666666667,70.0,66.0,1,12
Iran,2020,2019-10-01,71.23076923076923,72.0909090909091,66.5,1,13
Iran,2022,2021-10-01,69.42857142857143,72.36363636363636,66.2,1,21
Iraq,2026,2025-10-01,65.42857142857143,66.63636363636364,61.0,0,14
Ireland,2005,2004-10-01,76.78260869565217,81.18181818181819,72.75,13,121
Ireland,2006,2005-10-01,76.78260869565217,80.72727272727273,73.16666666666667,13,134
Ireland,2007,2006-10-01,75.56521739130434,78.54545454545455,72.83333333333333,11,123
Ireland,2008,2007-10-01,75.30434782608695,78.45454545454545,72.41666666666667,12,168
Ireland,2009,2008-10-01,74.17391304347827,77.54545454545455,71.08333333333333,9,153
Ireland,2010,2009-10-01,74.52173913043478,77.27272727272727,72.0,8,164
Ireland,2011,2010-10-01,75.34782608695652,78.18181818181819,72.75,10,169
Ireland,2012,2011-10-01,75.65217391304348,77.45454545454545,74.0,15,154
Ireland,2013,2012-10-01,74.43478260869566,76.27272727272727,72.75,9,161
Ireland,2014,2013-10-01,74.0,76.0,72.16666666666667,10,120
Ireland,2015,2014-10-01,74.21739130434783,76.63636363636364,72.0,10,130
Ireland,2016,2015-10-01,74.91304347826087,76.81818181818181,73.16666666666667,12,105
Ireland,2017,2016-10-01,75.34782608695652,77.0,73.83333333333333,12,94
Ireland,2018,2017-10-01,74.47826086956522,76.27272727272727,72.83333333333333,10,88
Ireland,2019,2018-10-01,74.21739130434783,75.72727272727273,72.83333333333333,7,86
Ireland,2020,2019-10-01,74.47826086956522,76.63636363636364,72.5,10,75
Ireland,2022,2021-10-01,73.26086956521739,74.81818181818181,71.83333333333333,5,374
Ireland,2026,2025-10-01,74.0,75.45454545454545,72.66666666666667,6,356
Israel,2009,2008-10-01,69.6923076923077,71.27272727272727,61.0,3,13
Israel,2010,2009-10-01,69.73333333333333,72.27272727272727,62.75,2,15
Israel,2011,2010-10-01,70.81818181818181,70.81818181818181,70.81818181818181,2,11
Israel,2012,2011-10-01,70.8695652173913,74.54545454545455,67.5,5,29
Israel,2013,2012-10-01,68.8695652173913,72.81818181818181,65.25,2,23
Israel,2014,2013-10-01,69.0,72.0,64.875,2,19
Israel,2015,2014-10-01,69.2,70.63636363636364,65.25,1,15
Israel,2016,2015-10-01,70.35714285714286,71.72727272727273,65.33333333333333,2,14
Israel,2017,2016-10-01,72.9090909090909,72.9090909090909,72.9090909090909,3,11
Israel,2018,2017-10-01,72.0909090909091,72.0909090909091,72.0909090909091,2,11
Israel,2019,2018-10-01,71.625,73.81818181818181,66.8,4,16
Israel,2020,2019-10-01,71.52941176470588,73.36363636363636,68.16666666666667,2,17
Israel,2022,2021-10-01,68.18181818181819,73.0909090909091,63.27272727272727,5,22
Israel,2026,2025-10-01,68.63636363636364,72.81818181818181,64.45454545454545,3,22
Italy,2005,2004-10-01,89.0,92.18181818181819,86.08333333333333,90,819
Italy,2006,2005-10-01,87.6086956521739,90.18181818181819,85.25,79,752
Italy,2007,2006-10-01,85.17391304347827,87.72727272727273,82.83333333333333,145,727
Italy,2008,2007-10-01,84.52173913043478,86.72727272727273,82.5,138,610
Italy,2009,2008-10-01,84.78260869565217,86.54545454545455,83.16666666666667,141,714
Italy,2010,2009-10-01,83.82608695652173,85.36363636363636,82.41666666666667,142,650
Italy,2011,2010-10-01,81.69565217391305,83.36363636363636,80.16666666666667,109,662
Italy,2012,2011-10-01,82.78260869565217,84.18181818181819,81.5,107,646
Italy,2013,2012-10-01,83.30434782608695,84.9090909090909,81.83333333333333,107,612
Italy,2014,2013-10-01,81.73913043478261,83.45454545454545,80.16666666666667,82,566
Italy,2015,2014-10-01,80.8695652173913,82.81818181818181,79.08333333333333,71,526
Italy,2016,2015-10-01,81.73913043478261,83.36363636363636,80.25,100,535
Italy,2017,2016-10-01,83.30434782608695,85.18181818181819,81.58333333333333,120,487
Italy,2018,2017-10-01,83.69565217391305,85.63636363636364,81.91666666666667,118,518
Italy,2019,2018-10-01,83.73913043478261,85.36363636363636,82.25,105,499
Italy,2020,2019-10-01,83.21739130434783,85.18181818181819,81.41666666666667,95,454
Italy,2022,2021-10-01,83.26086956521739,85.27272727272727,81.41666666666667,88,338
Italy,2026,2025-10-01,83.43478260869566,85.0909090909091,81.91666666666667,82,652
Jamaica,2005,2004-10-01,69.91304347826087,72.81818181818181,67.25,3,32
Jamaica,2006,2005-10-01,65.56521739130434,69.9090909090909,61.583333333333336,0,26
Jamaica,2007,2006-10-01,65.78260869565217,70.45454545454545,61.5,1,28
Jamaica,2008,2007-10-01,65.17391304347827,69.18181818181819,61.5,1,27
Jamaica,2009,2008-10-01,66.95652173913044,69.18181818181819,64.91666666666667,0,30
Jamaica,2010,2009-10-01,67.17391304347827,69.63636363636364,64.91666666666667,2,32
Jamaica,2011,2010-10-01,67.1304347826087,69.54545454545455,64.91666666666667,0,31
Jamaica,2012,2011-10-01,67.30434782608695,70.72727272727273,64.16666666666667,1,33
Jamaica,2013,2012-10-01,67.0,68.72727272727273,65.41666666666667,0,37
Jamaica,2014,2013-10-01,66.91304347826087,68.9090909090909,65.08333333333333,0,28
Jamaica,2015,2014-10-01,66.82608695652173,68.54545454545455,65.25,0,32
Jamaica,2016,2015-10-01,69.08695652173913,71.27272727272727,67.08333333333333,1,27
Jamaica,2017,2016-10-01,69.43478260869566,72.36363636363636,66.75,3,23
Jamaica,2018,2017-10-01,70.25,72.63636363636364,67.33333333333333,3,20
Jamaica,2019,2018-10-01,70.6,72.18181818181819,66.25,3,15
Jamaica,2020,2019-10-01,72.57142857142857,73.63636363636364,68.66666666666667,1,14
Jamaica,2022,2021-10-01,70.91304347826087,74.27272727272727,67.83333333333333,3,36
Jamaica,2026,2025-10-01,69.21739130434783,72.0909090909091,66.58333333333333,3,44
Japan,2010,2009-10-01,69.2,72.54545454545455,60.0,4,15
Japan,2011,2010-10-01,68.75,71.0909090909091,63.6,2,16
Japan,2012,2011-10-01,70.52173913043478,74.27272727272727,67.08333333333333,4,26
Japan,2013,2012-10-01,72.78260869565217,76.0909090909091,69.75,7,36
Japan,2014,2013-10-01,72.43478260869566,75.81818181818181,69.33333333333333,6,30
Japan,2015,2014-10-01,72.17391304347827,74.9090909090909,69.66666666666667,5,32
Japan,2016,2015-10-01,72.8695652173913,75.54545454545455,70.41666666666667,5,32
Japan,2017,2016-10-01,74.82608695652173,76.72727272727273,73.08333333333333,11,164
Japan,2018,2017-10-01,75.34782608695652,77.18181818181819,73.66666666666667,12,169
Japan,2019,2018-10-01,75.1304347826087,77.18181818181819,73.25,11,197
Japan,2020,2019-10-01,74.52173913043478,76.27272727272727,72.91666666666667,9,216
Japan,2022,2021-10-01,74.73913043478261,76.27272727272727,73.33333333333333,11,546
Japan,2026,2025-10-01,77.17391304347827,79.27272727272727,75.25,20,103
Kenya,2026,2025-10-01,64.75,65.18181818181819,60.0,0,12
Korea Republic,2005,2004-10-01,74.17391304347827,75.81818181818181,72.66666666666667,9,271
Korea Republic,2006,2005-10-01,75.08695652173913,77.81818181818181,72.58333333333333,13,232
Korea Republic,2007,2006-10-01,72.78260869565217,75.27272727272727,70.5,8,246
Korea Republic,2008,2007-10-01,67.26086956521739,68.36363636363636,66.25,0,263
Korea Republic,2009,2008-10-01,67.82608695652173,69.36363636363636,66.41666666666667,0,203
Korea Republic,2010,2009-10-01,70.69565217391305,72.81818181818181,68.75,1,156
Korea Republic,2011,2010-10-01,70.43478260869566,72.63636363636364,68.41666666666667,3,219
Korea Republic,2012,2011-10-01,72.65217391304348,74.72727272727273,70.75,4,256
Korea Republic,2013,2012-10-01,72.17391304347827,73.9090909090909,70.58333333333333,3,214
Korea Republic,2014,2013-10-01,71.43478260869566,73.72727272727273,69.33333333333333,3,151
Korea Republic,2015,2014-10-01,71.73913043478261,73.63636363636364,70.0,4,165
Korea Republic,2016,2015-10-01,72.78260869565217,74.63636363636364,71.08333333333333,4,139
Korea Republic,2017,2016-10-01,73.69565217391305,75.0909090909091,72.41666666666667,4,153
Korea Republic,2018,2017-10-01,73.17391304347827,75.0,71.5,4,151
Korea Republic,2019,2018-10-01,73.43478260869566,75.27272727272727,71.75,5,131
Korea Republic,2020,2019-10-01,74.08695652173913,76.0909090909091,72.25,8,129
Korea Republic,2022,2021-10-01,73.43478260869566,75.54545454545455,71.5,5,325
Korea Republic,2026,2025-10-01,74.17391304347827,77.0,71.58333333333333,8,411
Kosovo,2016,2015-10-01,66.35714285714286,67.0909090909091,63.666666666666664,0,14
Kosovo,2017,2016-10-01,69.81818181818181,72.36363636363636,67.27272727272727,0,22
Kosovo,2018,2017-10-01,69.55,71.9090909090909,66.66666666666667,2,20
Kosovo,2019,2018-10-01,70.15,72.27272727272727,67.55555555555556,2,20
Kosovo,2020,2019-10-01,70.78260869565217,73.63636363636364,68.16666666666667,5,28
Kosovo,2022,2021-10-01,70.69565217391305,73.36363636363636,68.25,4,46
Kosovo,2026,2025-10-01,72.43478260869566,75.18181818181819,69.91666666666667,5,65
Lithuania,2008,2007-10-01,64.4,66.27272727272727,59.25,0,15
Lithuania,2010,2009-10-01,66.42857142857143,67.72727272727273,61.666666666666664,0,14
Lithuania,2011,2010-10-01,65.94444444444444,68.72727272727273,61.57142857142857,0,18
Lithuania,2012,2011-10-01,66.45454545454545,66.45454545454545,66.45454545454545,0,11
Lithuania,2013,2012-10-01,66.27272727272727,66.27272727272727,66.27272727272727,0,11
Luxembourg,2022,2021-10-01,65.86666666666666,68.18181818181819,59.5,0,15
Luxembourg,2026,2025-10-01,65.73333333333333,67.63636363636364,60.5,2,15
Mali,2005,2004-10-01,66.05,73.9090909090909,56.44444444444444,5,20
Mali,2006,2005-10-01,70.1304347826087,76.36363636363636,64.41666666666667,6,30
Mali,2007,2006-10-01,71.73913043478261,76.81818181818181,67.08333333333333,6,28
Mali,2008,2007-10-01,71.17391304347827,76.0,66.75,5,31
Mali,2009,2008-10-01,70.21739130434783,74.72727272727273,66.08333333333333,4,30
Mali,2010,2009-10-01,71.8695652173913,75.36363636363636,68.66666666666667,4,37
Mali,2011,2010-10-01,71.73913043478261,75.0909090909091,68.66666666666667,5,36
Mali,2012,2011-10-01,71.95652173913044,75.0,69.16666666666667,5,41
Mali,2013,2012-10-01,70.78260869565217,73.45454545454545,68.33333333333333,4,39
Mali,2014,2013-10-01,70.95652173913044,73.45454545454545,68.66666666666667,4,38
Mali,2015,2014-10-01,70.43478260869566,72.45454545454545,68.58333333333333,2,46
Mali,2016,2015-10-01,71.91304347826087,73.9090909090909,70.08333333333333,5,38
Mali,2017,2016-10-01,71.30434782608695,73.27272727272727,69.5,2,34
Mali,2018,2017-10-01,72.26086956521739,73.9090909090909,70.75,3,37
Mali,2019,2018-10-01,72.69565217391305,74.9090909090909,70.66666666666667,5,38
Mali,2020,2019-10-01,73.69565217391305,75.9090909090909,71.66666666666667,8,39
Mali,2022,2021-10-01,73.21739130434783,75.45454545454545,71.16666666666667,6,57
Mali,2026,2025-10-01,73.95652173913044,75.72727272727273,72.33333333333333,6,74
Mexico,2005,2004-10-01,72.6086956521739,76.0,69.5,6,357
Mexico,2006,2005-10-01,75.69565217391305,78.63636363636364,73.0,12,318
Mexico,2007,2006-10-01,77.69565217391305,79.45454545454545,76.08333333333333,32,333
Mexico,2008,2007-10-01,77.73913043478261,79.54545454545455,76.08333333333333,26,331
Mexico,2009,2008-10-01,77.82608695652173,79.45454545454545,76.33333333333333,29,343
Mexico,2010,2009-10-01,76.08695652173913,78.27272727272727,74.08333333333333,12,326
Mexico,2011,2010-10-01,76.04347826086956,78.18181818181819,74.08333333333333,16,339
Mexico,2012,2011-10-01,75.17391304347827,76.72727272727273,73.75,12,336
Mexico,2013,2012-10-01,75.78260869565217,77.63636363636364,74.08333333333333,15,343
Mexico,2014,2013-10-01,75.47826086956522,77.72727272727273,73.41666666666667,11,315
Mexico,2015,2014-10-01,76.0,78.54545454545455,73.66666666666667,14,292
Mexico,2016,2015-10-01,76.91304347826087,79.0909090909091,74.91666666666667,20,244
Mexico,2017,2016-10-01,78.04347826086956,79.72727272727273,76.5,28,208
Mexico,2018,2017-10-01,77.82608695652173,79.18181818181819,76.58333333333333,31,200
Mexico,2019,2018-10-01,77.8695652173913,79.9090909090909,76.0,29,199
Mexico,2020,2019-10-01,77.78260869565217,79.9090909090909,75.83333333333333,28,177
Mexico,2022,2021-10-01,78.1304347826087,79.9090909090909,76.5,34,352
Mexico,2026,2025-10-01,76.08695652173913,78.18181818181819,74.16666666666667,17,44
Montenegro,2008,2007-10-01,67.75,68.63636363636364,58.0,3,12
Montenegro,2009,2008-10-01,67.1,71.27272727272727,62.0,3,20
Montenegro,2010,2009-10-01,68.94736842105263,73.18181818181819,63.125,4,19
Montenegro,2011,2010-10-01,70.0,73.72727272727273,64.875,4,19
Montenegro,2012,2011-10-01,68.57142857142857,73.45454545454545,63.2,4,21
Montenegro,2013,2012-10-01,69.15789473684211,73.54545454545455,63.125,5,19
Montenegro,2014,2013-10-01,68.25,70.9090909090909,62.4,4,16
Montenegro,2015,2014-10-01,67.1875,69.18181818181819,62.8,3,16
Montenegro,2016,2015-10-01,70.22222222222223,73.0,65.85714285714286,4,18
Montenegro,2017,2016-10-01,70.78947368421052,73.72727272727273,66.75,5,19
Montenegro,2018,2017-10-01,70.75,73.45454545454545,67.44444444444444,4,20
Montenegro,2019,2018-10-01,70.0,72.63636363636364,65.85714285714286,4,18
Montenegro,2020,2019-10-01,70.13636363636364,73.18181818181819,67.0909090909091,4,22
Montenegro,2022,2021-10-01,69.30434782608695,74.0,65.0,5,23
Montenegro,2026,2025-10-01,67.91304347826087,71.36363636363636,64.75,3,25
Morocco,2005,2004-10-01,68.95652173913044,73.45454545454545,64.83333333333333,4,35
Morocco,2006,2005-10-01,69.6086956521739,74.0909090909091,65.5,4,33
Morocco,2007,2006-10-01,71.21739130434783,74.72727272727273,68.0,5,45
Morocco,2008,2007-10-01,70.47826086956522,74.18181818181819,67.08333333333333,5,40
Morocco,2009,2008-10-01,70.91304347826087,73.81818181818181,68.25,4,40
Morocco,2010,2009-10-01,72.6086956521739,75.81818181818181,69.66666666666667,7,43
Morocco,2011,2010-10-01,72.43478260869566,74.9090909090909,70.16666666666667,4,41
Morocco,2012,2011-10-01,74.04347826086956,77.18181818181819,71.16666666666667,10,48
Morocco,2013,2012-10-01,75.0,77.54545454545455,72.66666666666667,10,54
Morocco,2014,2013-10-01,73.91304347826087,76.36363636363636,71.66666666666667,5,47
Morocco,2015,2014-10-01,74.26086956521739,76.36363636363636,72.33333333333333,7,58
Morocco,2016,2015-10-01,76.08695652173913,77.72727272727273,74.58333333333333,18,58
Morocco,2017,2016-10-01,76.69565217391305,79.0,74.58333333333333,16,65
Morocco,2018,2017-10-01,77.0,79.0,75.16666666666667,22,68
Morocco,2019,2018-10-01,77.21739130434783,78.72727272727273,75.83333333333333,24,76
Morocco,2020,2019-10-01,77.43478260869566,79.27272727272727,75.75,23,73
Morocco,2022,2021-10-01,77.95652173913044,80.54545454545455,75.58333333333333,21,101
Morocco,2026,2025-10-01,78.82608695652173,81.0,76.83333333333333,26,142
Netherlands,2005,2004-10-01,84.73913043478261,89.18181818181819,80.66666666666667,35,312
Netherlands,2006,2005-10-01,84.34782608695652,87.54545454545455,81.41666666666667,36,294
Netherlands,2007,2006-10-01,82.52173913043478,85.0,80.25,43,296
Netherlands,2008,2007-10-01,83.82608695652173,85.45454545454545,82.33333333333333,52,316
Netherlands,2009,2008-10-01,83.08695652173913,85.18181818181819,81.16666666666667,45,319
Netherlands,2010,2009-10-01,80.04347826086956,82.45454545454545,77.83333333333333,33,289
Netherlands,2011,2010-10-01,80.26086956521739,82.81818181818181,77.91666666666667,32,301
Netherlands,2012,2011-10-01,80.69565217391305,83.9090909090909,77.75,34,358
Netherlands,2013,2012-10-01,80.34782608695652,83.0,77.91666666666667,41,363
Netherlands,2014,2013-10-01,79.30434782608695,82.0,76.83333333333333,41,323
Netherlands,2015,2014-10-01,79.47826086956522,81.63636363636364,77.5,43,353
Netherlands,2016,2015-10-01,79.82608695652173,81.27272727272727,78.5,60,306
Netherlands,2017,2016-10-01,80.56521739130434,82.36363636363636,78.91666666666667,71,303
Netherlands,2018,2017-10-01,80.43478260869566,82.54545454545455,78.5,75,300
Netherlands,2019,2018-10-01,81.56521739130434,83.63636363636364,79.66666666666667,66,314
Netherlands,2020,2019-10-01,81.69565217391305,84.45454545454545,79.16666666666667,67,289
Netherlands,2022,2021-10-01,81.82608695652173,84.0909090909091,79.75,68,439
Netherlands,2026,2025-10-01,82.6086956521739,84.72727272727273,80.66666666666667,81,466
New Zealand,2008,2007-10-01,62.0,65.36363636363636,57.375,1,19
New Zealand,2009,2008-10-01,62.666666666666664,63.09090909090909,58.0,1,12
New Zealand,2010,2009-10-01,63.5,63.81818181818182,60.0,1,12
New Zealand,2011,2010-10-01,65.53846153846153,66.18181818181819,62.0,1,13
New Zealand,2012,2011-10-01,65.44444444444444,67.81818181818181,61.714285714285715,1,18
New Zealand,2013,2012-10-01,65.625,67.72727272727273,61.0,0,16
New Zealand,2014,2013-10-01,66.28571428571429,67.36363636363636,62.333333333333336,1,14
New Zealand,2015,2014-10-01,66.61538461538461,67.45454545454545,62.0,1,13
New Zealand,2016,2015-10-01,68.6923076923077,69.54545454545455,64.0,1,13
New Zealand,2017,2016-10-01,69.46153846153847,70.27272727272727,65.0,2,13
New Zealand,2018,2017-10-01,69.42857142857143,70.54545454545455,65.33333333333333,3,14
New Zealand,2019,2018-10-01,69.76923076923077,70.54545454545455,65.5,3,13
New Zealand,2020,2019-10-01,70.46153846153847,71.18181818181819,66.5,2,13
New Zealand,2022,2021-10-01,67.21739130434783,70.45454545454545,64.25,1,37
New Zealand,2026,2025-10-01,68.0,71.0909090909091,65.16666666666667,1,55
Nigeria,2005,2004-10-01,75.17391304347827,78.72727272727273,71.91666666666667,12,78
Nigeria,2006,2005-10-01,76.08695652173913,79.72727272727273,72.75,12,72
Nigeria,2007,2006-10-01,76.95652173913044,79.63636363636364,74.5,17,72
Nigeria,2008,2007-10-01,77.91304347826087,80.54545454545455,75.5,18,73
Nigeria,2009,2008-10-01,75.0,78.54545454545455,71.75,11,70
Nigeria,2010,2009-10-01,75.1304347826087,78.45454545454545,72.08333333333333,11,82
Nigeria,2011,2010-10-01,74.3913043478261,77.18181818181819,71.83333333333333,11,72
Nigeria,2012,2011-10-01,74.73913043478261,76.54545454545455,73.08333333333333,13,89
Nigeria,2013,2012-10-01,73.52173913043478,75.54545454545455,71.66666666666667,6,81
Nigeria,2014,2013-10-01,73.17391304347827,75.54545454545455,71.0,7,72
Nigeria,2015,2014-10-01,73.69565217391305,76.0909090909091,71.5,8,76
Nigeria,2016,2015-10-01,75.0,76.81818181818181,73.33333333333333,12,82
Nigeria,2017,2016-10-01,74.6086956521739,75.9090909090909,73.41666666666667,9,79
Nigeria,2018,2017-10-01,75.04347826086956,76.45454545454545,73.75,11,83
Nigeria,2019,2018-10-01,75.17391304347827,76.54545454545455,73.91666666666667,12,86
Nigeria,2020,2019-10-01,75.91304347826087,77.72727272727273,74.25,15,80
Nigeria,2022,2021-10-01,76.08695652173913,78.0,74.33333333333333,15,125
Nigeria,2026,2025-10-01,77.73913043478261,80.18181818181819,75.5,22,151
North Macedonia,2005,2004-10-01,66.9090909090909,66.9090909090909,66.9090909090909,0,11
North Macedonia,2006,2005-10-01,64.5,66.63636363636364,56.666666666666664,0,14
North Macedonia,2007,2006-10-01,67.2,70.36363636363636,58.5,4,15
North Macedonia,2008,2007-10-01,66.95238095238095,71.63636363636364,61.8,4,21
North Macedonia,2009,2008-10-01,67.11111111111111,70.54545454545455,61.714285714285715,2,18
North Macedonia,2010,2009-10-01,66.73913043478261,70.63636363636364,63.166666666666664,1,25
North Macedonia,2011,2010-10-01,66.83333333333333,69.45454545454545,62.714285714285715,1,18
North Macedonia,2012,2011-10-01,66.14285714285714,67.72727272727273,60.333333333333336,1,14
North Macedonia,2014,2013-10-01,66.8,68.45454545454545,62.25,2,15
North Macedonia,2015,2014-10-01,66.6923076923077,67.45454545454545,62.5,0,13
North Macedonia,2019,2018-10-01,71.64285714285714,73.0909090909091,66.33333333333333,3,14
North Macedonia,2020,2019-10-01,71.3125,73.18181818181819,67.2,3,16
North Macedonia,2022,2021-10-01,69.26086956521739,73.45454545454545,65.41666666666667,4,28
North Macedonia,2026,2025-10-01,67.72222222222223,70.81818181818181,62.857142857142854,2,18
Northern Ireland,2005,2004-10-01,70.65217391304348,74.36363636363636,67.25,5,60
Northern Ireland,2006,2005-10-01,69.82608695652173,72.9090909090909,67.0,3,57
Northern Ireland,2007,2006-10-01,68.43478260869566,71.54545454545455,65.58333333333333,3,52
Northern Ireland,2008,2007-10-01,69.21739130434783,72.0909090909091,66.58333333333333,3,46
Northern Ireland,2009,2008-10-01,68.43478260869566,71.45454545454545,65.66666666666667,0,42
Northern Ireland,2010,2009-10-01,69.69565217391305,73.27272727272727,66.41666666666667,4,42
Northern Ireland,2011,2010-10-01,70.26086956521739,73.45454545454545,67.33333333333333,4,39
Northern Ireland,2012,2011-10-01,70.30434782608695,72.9090909090909,67.91666666666667,4,48
Northern Ireland,2013,2012-10-01,69.69565217391305,72.72727272727273,66.91666666666667,2,47
Northern Ireland,2014,2013-10-01,69.26086956521739,72.72727272727273,66.08333333333333,2,37
Northern Ireland,2015,2014-10-01,68.82608695652173,71.72727272727273,66.16666666666667,2,39
Northern Ireland,2016,2015-10-01,69.78260869565217,72.18181818181819,67.58333333333333,3,35
Northern Ireland,2017,2016-10-01,70.47826086956522,73.18181818181819,68.0,3,34
Northern Ireland,2018,2017-10-01,70.65217391304348,73.18181818181819,68.33333333333333,3,36
Northern Ireland,2019,2018-10-01,70.65217391304348,72.81818181818181,68.66666666666667,3,34
Northern Ireland,2020,2019-10-01,70.43478260869566,73.0909090909091,68.0,3,32
Northern Ireland,2022,2021-10-01,69.69565217391305,72.9090909090909,66.75,3,78
Northern Ireland,2026,2025-10-01,69.6086956521739,71.9090909090909,67.5,1,78
Norway,2005,2004-10-01,78.43478260869566,79.9090909090909,77.08333333333333,39,320
Norway,2006,2005-10-01,78.91304347826087,80.9090909090909,77.08333333333333,32,237
Norway,2007,2006-10-01,75.1304347826087,77.0909090909091,73.33333333333333,11,224
Norway,2008,2007-10-01,75.30434782608695,77.27272727272727,73.5,12,216
Norway,2009,2008-10-01,74.47826086956522,76.72727272727273,72.41666666666667,8,159
Norway,2010,2009-10-01,74.43478260869566,76.81818181818181,72.25,8,159
Norway,2011,2010-10-01,74.56521739130434,76.81818181818181,72.5,9,141
Norway,2012,2011-10-01,74.26086956521739,75.72727272727273,72.91666666666667,6,160
Norway,2013,2012-10-01,73.26086956521739,75.0909090909091,71.58333333333333,6,172
Norway,2014,2013-10-01,72.73913043478261,74.27272727272727,71.33333333333333,4,153
Norway,2015,2014-10-01,72.1304347826087,73.72727272727273,70.66666666666667,3,162
Norway,2016,2015-10-01,73.17391304347827,74.54545454545455,71.91666666666667,5,150
Norway,2017,2016-10-01,74.08695652173913,75.81818181818181,72.5,7,142
Norway,2018,2017-10-01,74.3913043478261,76.36363636363636,72.58333333333333,9,136
Norway,2019,2018-10-01,75.34782608695652,77.18181818181819,73.66666666666667,13,120
Norway,2020,2019-10-01,75.78260869565217,78.0,73.75,13,126
Norway,2022,2021-10-01,75.73913043478261,77.81818181818181,73.83333333333333,14,379
Norway,2026,2025-10-01,77.30434782608695,80.18181818181819,74.66666666666667,18,424
Panama,2018,2017-10-01,68.27272727272727,68.27272727272727,68.27272727272727,0,11
Panama,2022,2021-10-01,67.05882352941177,70.45454545454545,60.833333333333336,2,17
Panama,2026,2025-10-01,66.46666666666667,68.9090909090909,59.75,1,15
Paraguay,2005,2004-10-01,69.78260869565217,73.72727272727273,66.16666666666667,4,33
Paraguay,2006,2005-10-01,71.30434782608695,77.0909090909091,66.0,6,31
Paraguay,2007,2006-10-01,74.47826086956522,78.0909090909091,71.16666666666667,11,35
Paraguay,2008,2007-10-01,75.26086956521739,77.36363636363636,73.33333333333333,13,36
Paraguay,2009,2008-10-01,74.47826086956522,76.54545454545455,72.58333333333333,8,42
Paraguay,2010,2009-10-01,74.1304347826087,76.45454545454545,72.0,8,48
Paraguay,2011,2010-10-01,72.78260869565217,75.54545454545455,70.25,4,38
Paraguay,2012,2011-10-01,71.65217391304348,75.54545454545455,68.08333333333333,6,31
Paraguay,2013,2012-10-01,75.17391304347827,77.36363636363636,73.16666666666667,8,48
Paraguay,2014,2013-10-01,75.0,76.81818181818181,73.33333333333333,8,77
Paraguay,2015,2014-10-01,74.08695652173913,75.0909090909091,73.16666666666667,6,76
Paraguay,2016,2015-10-01,74.17391304347827,75.54545454545455,72.91666666666667,10,57
Paraguay,2017,2016-10-01,75.56521739130434,76.9090909090909,74.33333333333333,17,69
Paraguay,2018,2017-10-01,75.04347826086956,76.63636363636364,73.58333333333333,13,62
Paraguay,2019,2018-10-01,75.82608695652173,77.27272727272727,74.5,17,74
Paraguay,2020,2019-10-01,75.0,76.0909090909091,74.0,13,116
Paraguay,2022,2021-10-01,74.47826086956522,75.18181818181819,73.83333333333333,8,197
Paraguay,2026,2025-10-01,74.1304347826087,75.63636363636364,72.75,8,161
Peru,2005,2004-10-01,64.81818181818181,64.81818181818181,64.81818181818181,2,11
Peru,2008,2007-10-01,67.0,71.0909090909091,59.5,3,17
Peru,2009,2008-10-01,67.89473684210526,73.0,60.875,4,19
Peru,2010,2009-10-01,70.4375,73.36363636363636,64.0,4,16
Peru,2011,2010-10-01,73.23076923076923,74.63636363636364,65.5,6,13
Peru,2012,2011-10-01,71.26086956521739,76.27272727272727,66.66666666666667,6,33
Peru,2013,2012-10-01,70.34782608695652,75.45454545454545,65.66666666666667,6,28
Peru,2014,2013-10-01,70.69565217391305,74.63636363636364,67.08333333333333,6,31
Peru,2015,2014-10-01,69.56521739130434,73.45454545454545,66.0,5,28
Peru,2016,2015-10-01,70.3913043478261,74.27272727272727,66.83333333333333,5,29
Peru,2017,2016-10-01,71.30434782608695,74.72727272727273,68.16666666666667,5,27
Peru,2018,2017-10-01,72.26086956521739,74.81818181818181,69.91666666666667,6,34
Peru,2019,2018-10-01,72.1304347826087,74.63636363636364,69.83333333333333,5,33
Peru,2020,2019-10-01,72.8695652173913,74.9090909090909,71.0,5,56
Peru,2022,2021-10-01,72.91304347826087,75.45454545454545,70.58333333333333,6,156
Peru,2026,2025-10-01,71.65217391304348,72.45454545454545,70.91666666666667,1,110
Poland,2005,2004-10-01,76.21739130434783,79.45454545454545,73.25,13,103
Poland,2006,2005-10-01,77.04347826086956,80.36363636363636,74.0,15,314
Poland,2007,2006-10-01,74.47826086956522,77.0,72.16666666666667,10,312
Poland,2008,2007-10-01,75.3913043478261,77.36363636363636,73.58333333333333,13,343
Poland,2009,2008-10-01,73.91304347826087,75.72727272727273,72.25,9,206
Poland,2010,2009-10-01,73.95652173913044,75.9090909090909,72.16666666666667,7,165
Poland,2011,2010-10-01,73.52173913043478,75.72727272727273,71.5,6,142
Poland,2012,2011-10-01,74.47826086956522,77.0,72.16666666666667,12,177
Poland,2013,2012-10-01,75.08695652173913,77.9090909090909,72.5,10,201
Poland,2014,2013-10-01,75.30434782608695,78.54545454545455,72.33333333333333,12,178
Poland,2015,2014-10-01,75.3913043478261,78.9090909090909,72.16666666666667,11,181
Poland,2016,2015-10-01,76.21739130434783,79.27272727272727,73.41666666666667,14,169
Poland,2017,2016-10-01,77.69565217391305,81.0909090909091,74.58333333333333,17,163
Poland,2018,2017-10-01,77.26086956521739,80.72727272727273,74.08333333333333,16,161
Poland,2019,2018-10-01,77.6086956521739,81.27272727272727,74.25,16,128
Poland,2020,2019-10-01,77.73913043478261,81.18181818181819,74.58333333333333,17,124
Poland,2022,2021-10-01,77.04347826086956,80.54545454545455,73.83333333333333,15,403
Poland,2026,2025-10-01,77.26086956521739,80.0,74.75,18,332
Portugal,2005,2004-10-01,83.47826086956522,86.54545454545455,80.66666666666667,36,308
Portugal,2006,2005-10-01,82.82608695652173,86.27272727272727,79.66666666666667,29,260
Portugal,2007,2006-10-01,81.91304347826087,84.36363636363636,79.66666666666667,39,241
Portugal,2008,2007-10-01,82.1304347826087,84.63636363636364,79.83333333333333,44,234
Portugal,2009,2008-10-01,81.21739130434783,83.63636363636364,79.0,40,215
Portugal,2010,2009-10-01,81.0,83.18181818181819,79.0,54,259
Portugal,2011,2010-10-01,80.65217391304348,82.45454545454545,79.0,47,242
Portugal,2012,2011-10-01,80.8695652173913,83.36363636363636,78.58333333333333,40,234
Portugal,2013,2012-10-01,80.0,82.54545454545455,77.66666666666667,38,269
Portugal,2014,2013-10-01,80.04347826086956,82.27272727272727,78.0,39,267
Portugal,2015,2014-10-01,79.8695652173913,81.9090909090909,78.0,44,307
Portugal,2016,2015-10-01,81.08695652173913,82.63636363636364,79.66666666666667,64,298
Portugal,2017,2016-10-01,82.52173913043478,84.45454545454545,80.75,81,305
Portugal,2018,2017-10-01,82.43478260869566,84.18181818181819,80.83333333333333,81,292
Portugal,2019,2018-10-01,83.0,84.9090909090909,81.25,75,290
Portugal,2020,2019-10-01,83.0,84.9090909090909,81.25,78,270
Portugal,2022,2021-10-01,83.21739130434783,85.18181818181819,81.41666666666667,80,373
Portugal,2026,2025-10-01,83.21739130434783,85.27272727272727,81.33333333333333,82,349
Qatar,2026,2025-10-01,69.34782608695652,72.54545454545455,66.41666666666667,3,30
River Plate,2020,2019-10-01,76.04347826086956,78.72727272727273,73.58333333333333,14,25
Romania,2005,2004-10-01,75.1304347826087,78.81818181818181,71.75,12,48
Romania,2006,2005-10-01,75.08695652173913,79.0,71.5,10,43
Romania,2007,2006-10-01,74.73913043478261,77.45454545454545,72.25,9,48
Romania,2008,2007-10-01,75.17391304347827,77.63636363636364,72.91666666666667,10,42
Romania,2009,2008-10-01,74.73913043478261,78.18181818181819,71.58333333333333,10,46
Romania,2010,2009-10-01,74.30434782608695,77.0909090909091,71.75,8,50
Romania,2011,2010-10-01,72.52173913043478,75.0,70.25,6,56
Romania,2012,2011-10-01,72.47826086956522,75.0909090909091,70.08333333333333,4,47
Romania,2013,2012-10-01,72.30434782608695,74.54545454545455,70.25,3,42
Romania,2014,2013-10-01,72.78260869565217,74.54545454545455,71.16666666666667,4,44
Romania,2015,2014-10-01,71.91304347826087,74.18181818181819,69.83333333333333,4,42
Romania,2016,2015-10-01,73.1304347826087,75.18181818181819,71.25,7,47
Romania,2017,2016-10-01,74.26086956521739,75.9090909090909,72.75,6,52
Romania,2018,2017-10-01,73.47826086956522,75.9090909090909,71.25,6,49
Romania,2019,2018-10-01,73.91304347826087,76.0909090909091,71.91666666666667,8,43
Romania,2020,2019-10-01,74.26086956521739,75.81818181818181,72.83333333333333,9,114
Romania,2022,2021-10-01,73.56521739130434,75.0909090909091,72.16666666666667,5,338
Romania,2026,2025-10-01,73.52173913043478,75.27272727272727,71.91666666666667,6,294
Russia,2005,2004-10-01,75.30434782608695,80.0,71.0,16,34
Russia,2006,2005-10-01,75.30434782608695,80.45454545454545,70.58333333333333,13,28
Russia,2007,2006-10-01,76.69565217391305,80.63636363636364,73.08333333333333,15,28
Russia,2008,2007-10-01,75.0,80.0,70.41666666666667,13,27
Russia,2009,2008-10-01,76.82608695652173,80.36363636363636,73.58333333333333,16,32
Russia,2010,2009-10-01,78.91304347826087,81.36363636363636,76.66666666666667,32,206
Russia,2011,2010-10-01,78.78260869565217,80.54545454545455,77.16666666666667,30,200
Russia,2012,2011-10-01,78.78260869565217,80.63636363636364,77.08333333333333,29,196
Russia,2013,2012-10-01,78.43478260869566,80.0,77.0,26,180
Russia,2014,2013-10-01,77.17391304347827,78.9090909090909,75.58333333333333,21,161
Russia,2015,2014-10-01,77.1304347826087,78.63636363636364,75.75,23,165
Russia,2016,2015-10-01,77.82608695652173,79.0,76.75,31,179
Russia,2017,2016-10-01,78.56521739130434,79.81818181818181,77.41666666666667,38,175
Russia,2018,2017-10-01,78.56521739130434,79.72727272727273,77.5,35,175
Russia,2019,2018-10-01,77.56521739130434,79.27272727272727,76.0,22,63
Russia,2020,2019-10-01,77.21739130434783,79.18181818181819,75.41666666666667,18,56
Russia,2022,2021-10-01,76.6086956521739,78.18181818181819,75.16666666666667,20,93
Russia,2026,2025-10-01,69.94444444444444,73.72727272727273,64.0,3,18
Saudi Arabia,2013,2012-10-01,69.91304347826087,71.9090909090909,68.08333333333333,1,119
Saudi Arabia,2014,2013-10-01,70.17391304347827,72.0909090909091,68.41666666666667,2,92
Saudi Arabia,2015,2014-10-01,70.43478260869566,72.18181818181819,68.83333333333333,1,102
Saudi Arabia,2016,2015-10-01,71.56521739130434,72.81818181818181,70.41666666666667,1,98
Saudi Arabia,2017,2016-10-01,71.78260869565217,73.0,70.66666666666667,0,93
Saudi Arabia,2018,2017-10-01,72.56521739130434,74.18181818181819,71.08333333333333,3,75
Saudi Arabia,2019,2018-10-01,70.21739130434783,71.54545454545455,69.0,0,52
Saudi Arabia,2020,2019-10-01,69.95652173913044,71.72727272727273,68.33333333333333,0,40
Saudi Arabia,2022,2021-10-01,69.73913043478261,71.9090909090909,67.75,2,355
Saudi Arabia,2026,2025-10-01,71.30434782608695,73.36363636363636,69.41666666666667,4,353
Scotland,2005,2004-10-01,79.04347826086956,81.81818181818181,76.5,23,315
Scotland,2006,2005-10-01,74.04347826086956,75.81818181818181,72.41666666666667,8,270
Scotland,2007,2006-10-01,75.08695652173913,77.45454545454545,72.91666666666667,10,271
Scotland,2008,2007-10-01,77.8695652173913,81.0,75.0,18,226
Scotland,2009,2008-10-01,75.1304347826087,77.54545454545455,72.91666666666667,10,231
Scotland,2010,2009-10-01,75.6086956521739,77.54545454545455,73.83333333333333,15,223
Scotland,2011,2010-10-01,75.47826086956522,77.18181818181819,73.91666666666667,12,207
Scotland,2012,2011-10-01,74.6086956521739,76.45454545454545,72.91666666666667,10,206
Scotland,2013,2012-10-01,73.47826086956522,74.72727272727273,72.33333333333333,5,202
Scotland,2014,2013-10-01,73.52173913043478,74.9090909090909,72.25,8,150
Scotland,2015,2014-10-01,73.30434782608695,74.36363636363636,72.33333333333333,4,151
Scotland,2016,2015-10-01,74.17391304347827,74.9090909090909,73.5,7,133
Scotland,2017,2016-10-01,74.6086956521739,75.9090909090909,73.41666666666667,11,129
Scotland,2018,2017-10-01,74.91304347826087,76.27272727272727,73.66666666666667,12,120
Scotland,2019,2018-10-01,75.65217391304348,77.0909090909091,74.33333333333333,15,140
Scotland,2020,2019-10-01,76.17391304347827,78.0,74.5,17,123
Scotland,2022,2021-10-01,76.04347826086956,77.72727272727273,74.5,19,293
Scotland,2026,2025-10-01,75.91304347826087,78.63636363636364,73.41666666666667,10,265
Senegal,2005,2004-10-01,71.47826086956522,74.0909090909091,69.08333333333333,5,62
Senegal,2006,2005-10-01,73.43478260869566,77.27272727272727,69.91666666666667,8,59
Senegal,2007,2006-10-01,74.47826086956522,77.63636363636364,71.58333333333333,13,60
Senegal,2008,2007-10-01,74.73913043478261,77.54545454545455,72.16666666666667,12,60
Senegal,2009,2008-10-01,72.8695652173913,75.45454545454545,70.5,4,62
Senegal,2010,2009-10-01,74.3913043478261,77.36363636363636,71.66666666666667,9,66
Senegal,2011,2010-10-01,74.1304347826087,77.0,71.5,9,71
Senegal,2012,2011-10-01,73.82608695652173,76.54545454545455,71.33333333333333,6,74
Senegal,2013,2012-10-01,74.17391304347827,76.54545454545455,72.0,8,75
Senegal,2014,2013-10-01,74.21739130434783,75.81818181818181,72.75,7,77
Senegal,2015,2014-10-01,74.52173913043478,76.0909090909091,73.08333333333333,8,85
Senegal,2016,2015-10-01,76.1304347826087,77.54545454545455,74.83333333333333,18,81
Senegal,2017,2016-10-01,77.3913043478261,79.45454545454545,75.5,21,91
Senegal,2018,2017-10-01,77.21739130434783,79.45454545454545,75.16666666666667,20,94
Senegal,2019,2018-10-01,77.30434782608695,79.81818181818181,75.0,21,91
Senegal,2020,2019-10-01,77.26086956521739,80.36363636363636,74.41666666666667,17,88
Senegal,2022,2021-10-01,77.43478260869566,80.0909090909091,75.0,19,127
Senegal,2026,2025-10-01,77.52173913043478,79.72727272727273,75.5,20,142
Serbia,2005,2004-10-01,76.73913043478261,80.45454545454545,73.33333333333333,15,88
Serbia,2006,2005-10-01,77.8695652173913,81.63636363636364,74.41666666666667,18,82
Serbia,2007,2006-10-01,78.73913043478261,81.72727272727273,76.0,20,104
Serbia,2008,2007-10-01,77.73913043478261,81.0,74.75,18,93
Serbia,2009,2008-10-01,76.43478260869566,79.0,74.08333333333333,17,99
Serbia,2010,2009-10-01,77.1304347826087,79.36363636363636,75.08333333333333,20,117
Serbia,2011,2010-10-01,77.34782608695652,79.81818181818181,75.08333333333333,19,110
Serbia,2012,2011-10-01,77.30434782608695,80.0,74.83333333333333,18,99
Serbia,2013,2012-10-01,77.65217391304348,80.0909090909091,75.41666666666667,18,99
Serbia,2014,2013-10-01,77.0,79.27272727272727,74.91666666666667,19,95
Serbia,2015,2014-10-01,77.0,79.45454545454545,74.75,17,103
Serbia,2016,2015-10-01,77.73913043478261,79.36363636363636,76.25,24,105
Serbia,2017,2016-10-01,78.34782608695652,80.0909090909091,76.75,27,113
Serbia,2018,2017-10-01,78.6086956521739,80.63636363636364,76.75,31,109
Serbia,2019,2018-10-01,79.08695652173913,81.45454545454545,76.91666666666667,30,108
Serbia,2020,2019-10-01,78.82608695652173,81.27272727272727,76.58333333333333,27,99
Serbia,2022,2021-10-01,77.91304347826087,80.27272727272727,75.75,26,123
Serbia,2026,2025-10-01,77.78260869565217,80.54545454545455,75.25,20,117
Sierra Leone,2026,2025-10-01,63.72222222222222,66.81818181818181,58.857142857142854,0,18
Slovakia,2005,2004-10-01,65.26086956521739,71.0909090909091,59.916666666666664,3,24
Slovakia,2006,2005-10-01,68.65217391304348,74.0,63.75,3,30
Slovakia,2007,2006-10-01,68.78260869565217,73.81818181818181,64.16666666666667,3,28
Slovakia,2008,2007-10-01,70.34782608695652,74.27272727272727,66.75,3,49
Slovakia,2009,2008-10-01,71.69565217391305,75.54545454545455,68.16666666666667,6,53
Slovakia,2010,2009-10-01,73.17391304347827,76.0909090909091,70.5,7,63
Slovakia,2011,2010-10-01,73.0,75.54545454545455,70.66666666666667,5,57
Slovakia,2012,2011-10-01,70.08695652173913,74.45454545454545,66.08333333333333,5,41
Slovakia,2013,2012-10-01,70.8695652173913,74.9090909090909,67.16666666666667,5,37
Slovakia,2014,2013-10-01,70.8695652173913,74.72727272727273,67.33333333333333,5,46
Slovakia,2015,2014-10-01,70.21739130434783,73.54545454545455,67.16666666666667,3,42
Slovakia,2016,2015-10-01,71.56521739130434,75.45454545454545,68.0,6,39
Slovakia,2017,2016-10-01,72.8695652173913,76.54545454545455,69.5,6,41
Slovakia,2018,2017-10-01,73.82608695652173,77.63636363636364,70.33333333333333,10,39
Slovakia,2019,2018-10-01,74.6086956521739,78.18181818181819,71.33333333333333,10,40
Slovakia,2020,2019-10-01,75.04347826086956,78.54545454545455,71.83333333333333,11,46
Slovakia,2022,2021-10-01,74.52173913043478,77.0,72.25,7,60
Slovakia,2026,2025-10-01,74.69565217391305,78.27272727272727,71.41666666666667,11,57
Slovenia,2005,2004-10-01,68.3913043478261,73.45454545454545,63.75,5,35
Slovenia,2006,2005-10-01,68.91304347826087,73.0909090909091,65.08333333333333,2,36
Slovenia,2007,2006-10-01,69.78260869565217,74.27272727272727,65.66666666666667,5,35
Slovenia,2008,2007-10-01,67.34782608695652,70.0,64.91666666666667,1,33
Slovenia,2009,2008-10-01,69.0,72.36363636363636,65.91666666666667,3,37
Slovenia,2010,2009-10-01,69.52173913043478,72.36363636363636,66.91666666666667,2,40
Slovenia,2011,2010-10-01,70.6086956521739,72.72727272727273,68.66666666666667,3,46
Slovenia,2012,2011-10-01,71.8695652173913,75.54545454545455,68.5,7,41
Slovenia,2013,2012-10-01,71.56521739130434,74.54545454545455,68.83333333333333,3,39
Slovenia,2014,2013-10-01,71.73913043478261,74.63636363636364,69.08333333333333,4,35
Slovenia,2015,2014-10-01,71.78260869565217,74.9090909090909,68.91666666666667,5,45
Slovenia,2016,2015-10-01,73.95652173913044,77.27272727272727,70.91666666666667,9,48
Slovenia,2017,2016-10-01,74.8695652173913,79.0,71.08333333333333,11,44
Slovenia,2018,2017-10-01,75.30434782608695,79.0909090909091,71.83333333333333,11,48
Slovenia,2019,2018-10-01,75.52173913043478,79.81818181818181,71.58333333333333,11,44
Slovenia,2020,2019-10-01,74.82608695652173,79.18181818181819,70.83333333333333,9,41
Slovenia,2022,2021-10-01,74.3913043478261,78.27272727272727,70.83333333333333,6,52
Slovenia,2026,2025-10-01,72.47826086956522,76.0909090909091,69.16666666666667,5,52
South Africa,2005,2004-10-01,66.47826086956522,73.81818181818181,59.75,6,30
South Africa,2006,2005-10-01,69.04347826086956,74.81818181818181,63.75,5,52
South Africa,2007,2006-10-01,67.6086956521739,72.72727272727273,62.916666666666664,4,49
South Africa,2008,2007-10-01,71.8695652173913,74.54545454545455,69.41666666666667,4,77
South Africa,2009,2008-10-01,70.56521739130434,73.45454545454545,67.91666666666667,4,62
South Africa,2010,2009-10-01,71.04347826086956,73.27272727272727,69.0,4,61
South Africa,2011,2010-10-01,70.78260869565217,73.18181818181819,68.58333333333333,2,64
South Africa,2012,2011-10-01,71.30434782608695,73.54545454545455,69.25,4,70
South Africa,2013,2012-10-01,71.26086956521739,73.45454545454545,69.25,2,66
South Africa,2014,2013-10-01,72.3913043478261,74.0,70.91666666666667,3,69
South Africa,2015,2014-10-01,72.21739130434783,74.0909090909091,70.5,4,74
South Africa,2016,2015-10-01,73.30434782608695,74.81818181818181,71.91666666666667,5,68
South Africa,2017,2016-10-01,73.47826086956522,74.9090909090909,72.16666666666667,6,63
South Africa,2018,2017-10-01,72.26086956521739,74.0909090909091,70.58333333333333,4,66
South Africa,2019,2018-10-01,71.95652173913044,74.0909090909091,70.0,4,64
South Africa,2020,2019-10-01,71.3913043478261,72.9090909090909,70.0,0,50
South Africa,2022,2021-10-01,70.1304347826087,71.27272727272727,69.08333333333333,0,63
South Africa,2026,2025-10-01,65.25,68.18181818181819,58.8,0,16
Spain,2005,2004-10-01,87.73913043478261,89.54545454545455,86.08333333333333,145,791
Spain,2006,2005-10-01,87.52173913043478,89.36363636363636,85.83333333333333,137,718
Spain,2007,2006-10-01,84.8695652173913,86.54545454545455,83.33333333333333,130,711
Spain,2008,2007-10-01,84.82608695652173,86.27272727272727,83.5,131,717
Spain,2009,2008-10-01,84.26086956521739,86.54545454545455,82.16666666666667,108,799
Spain,2010,2009-10-01,84.52173913043478,86.63636363636364,82.58333333333333,117,810
Spain,2011,2010-10-01,84.56521739130434,86.36363636363636,82.91666666666667,133,866
Spain,2012,2011-10-01,85.73913043478261,88.0,83.66666666666667,114,878
Spain,2013,2012-10-01,85.17391304347827,86.9090909090909,83.58333333333333,131,855
Spain,2014,2013-10-01,84.69565217391305,86.27272727272727,83.25,131,770
Spain,2015,2014-10-01,84.21739130434783,85.9090909090909,82.66666666666667,145,802
Spain,2016,2015-10-01,84.1304347826087,85.72727272727273,82.66666666666667,189,816
Spain,2017,2016-10-01,85.3913043478261,86.9090909090909,84.0,239,824
Spain,2018,2017-10-01,85.73913043478261,87.54545454545455,84.08333333333333,240,795
Spain,2019,2018-10-01,85.65217391304348,87.54545454545455,83.91666666666667,253,827
Spain,2020,2019-10-01,85.30434782608695,86.81818181818181,83.91666666666667,250,794
Spain,2022,2021-10-01,84.82608695652173,86.0,83.75,236,1086
Spain,2026,2025-10-01,84.95652173913044,86.45454545454545,83.58333333333333,199,1036
Suriname,2022,2021-10-01,70.27272727272727,70.27272727272727,70.27272727272727,2,11
Suriname,2026,2025-10-01,69.47826086956522,71.54545454545455,67.58333333333333,1,31
Sweden,2005,2004-10-01,78.43478260869566,81.27272727272727,75.83333333333333,28,307
Sweden,2006,2005-10-01,76.8695652173913,80.72727272727273,73.33333333333333,15,270
Sweden,2007,2006-10-01,76.65217391304348,80.27272727272727,73.33333333333333,12,279
Sweden,2008,2007-10-01,77.30434782608695,80.0909090909091,74.75,18,259
Sweden,2009,2008-10-01,76.0,78.72727272727273,73.5,12,261
Sweden,2010,2009-10-01,76.47826086956522,78.18181818181819,74.91666666666667,18,268
Sweden,2011,2010-10-01,75.95652173913044,78.18181818181819,73.91666666666667,13,261
Sweden,2012,2011-10-01,76.08695652173913,78.27272727272727,74.08333333333333,15,213
Sweden,2013,2012-10-01,75.08695652173913,77.18181818181819,73.16666666666667,11,205
Sweden,2014,2013-10-01,75.34782608695652,77.72727272727273,73.16666666666667,10,177
Sweden,2015,2014-10-01,75.04347826086956,77.63636363636364,72.66666666666667,10,199
Sweden,2016,2015-10-01,75.6086956521739,77.9090909090909,73.5,12,181
Sweden,2017,2016-10-01,77.04347826086956,79.54545454545455,74.75,17,174
Sweden,2018,2017-10-01,76.6086956521739,78.9090909090909,74.5,19,170
Sweden,2019,2018-10-01,76.69565217391305,78.9090909090909,74.66666666666667,17,159
Sweden,2020,2019-10-01,76.26086956521739,78.18181818181819,74.5,15,146
Sweden,2022,2021-10-01,76.34782608695652,78.63636363636364,74.25,17,385
Sweden,2026,2025-10-01,77.56521739130434,80.27272727272727,75.08333333333333,21,406
Switzerland,2005,2004-10-01,76.52173913043478,78.81818181818181,74.41666666666667,18,156
Switzerland,2006,2005-10-01,75.82608695652173,78.0909090909091,73.75,14,142
Switzerland,2007,2006-10-01,75.73913043478261,78.0909090909091,73.58333333333333,13,160
Switzerland,2008,2007-10-01,76.0,78.18181818181819,74.0,16,123
Switzerland,2009,2008-10-01,75.91304347826087,78.0,74.0,16,106
Switzerland,2010,2009-10-01,75.17391304347827,77.18181818181819,73.33333333333333,13,95
Switzerland,2011,2010-10-01,75.08695652173913,77.18181818181819,73.16666666666667,10,104
Switzerland,2012,2011-10-01,75.43478260869566,78.0909090909091,73.0,14,120
Switzerland,2013,2012-10-01,75.52173913043478,77.81818181818181,73.41666666666667,13,117
Switzerland,2014,2013-10-01,76.34782608695652,78.54545454545455,74.33333333333333,15,108
Switzerland,2015,2014-10-01,76.65217391304348,78.9090909090909,74.58333333333333,17,113
Switzerland,2016,2015-10-01,77.82608695652173,79.63636363636364,76.16666666666667,27,107
Switzerland,2017,2016-10-01,78.30434782608695,80.36363636363636,76.41666666666667,29,98
Switzerland,2018,2017-10-01,77.73913043478261,79.54545454545455,76.08333333333333,30,107
Switzerland,2019,2018-10-01,78.34782608695652,80.27272727272727,76.58333333333333,28,110
Switzerland,2020,2019-10-01,78.21739130434783,80.45454545454545,76.16666666666667,26,107
Switzerland,2022,2021-10-01,78.0,79.81818181818181,76.33333333333333,26,192
Switzerland,2026,2025-10-01,78.56521739130434,81.45454545454545,75.91666666666667,27,243
Syria,2026,2025-10-01,64.92857142857143,67.72727272727273,54.666666666666664,1,14
Togo,2005,2004-10-01,60.84615384615385,63.0,49.0,1,13
Togo,2008,2007-10-01,63.18181818181818,63.18181818181818,63.18181818181818,1,11
Togo,2011,2010-10-01,65.88235294117646,68.0909090909091,61.833333333333336,1,17
Togo,2012,2011-10-01,67.27272727272727,67.27272727272727,67.27272727272727,2,11
Togo,2013,2012-10-01,69.45454545454545,69.45454545454545,69.45454545454545,2,11
Togo,2016,2015-10-01,69.23076923076923,70.18181818181819,64.0,3,13
Togo,2022,2021-10-01,68.72727272727273,68.72727272727273,68.72727272727273,2,11
Togo,2026,2025-10-01,67.21052631578948,71.27272727272727,61.625,4,19
Trinidad & Tobago,2005,2004-10-01,67.05882352941177,72.0909090909091,57.833333333333336,3,17
Trinidad & Tobago,2006,2005-10-01,63.666666666666664,66.18181818181819,56.75,1,15
Trinidad & Tobago,2007,2006-10-01,61.10526315789474,65.81818181818181,54.625,0,19
Trinidad & Tobago,2008,2007-10-01,64.5,66.54545454545455,60.0,1,16
Trinidad & Tobago,2009,2008-10-01,66.84615384615384,67.54545454545455,63.0,2,13
Trinidad & Tobago,2010,2009-10-01,65.3529411764706,67.72727272727273,61.0,1,17
Tunisia,2005,2004-10-01,63.21739130434783,70.81818181818181,56.25,2,25
Tunisia,2006,2005-10-01,67.8695652173913,72.27272727272727,63.833333333333336,3,29
Tunisia,2007,2006-10-01,68.6086956521739,73.18181818181819,64.41666666666667,3,31
Tunisia,2008,2007-10-01,67.11764705882354,70.0909090909091,61.666666666666664,2,17
Tunisia,2009,2008-10-01,66.69565217391305,69.36363636363636,64.25,0,28
Tunisia,2010,2009-10-01,68.6086956521739,71.0909090909091,66.33333333333333,0,28
Tunisia,2011,2010-10-01,69.30434782608695,71.45454545454545,67.33333333333333,1,30
Tunisia,2012,2011-10-01,70.08695652173913,72.81818181818181,67.58333333333333,2,31
Tunisia,2013,2012-10-01,70.04347826086956,73.27272727272727,67.08333333333333,4,29
Tunisia,2014,2013-10-01,70.21739130434783,74.0,66.75,3,23
Tunisia,2015,2014-10-01,68.69565217391305,73.18181818181819,64.58333333333333,4,23
Tunisia,2016,2015-10-01,70.0,73.72727272727273,66.58333333333333,3,23
Tunisia,2017,2016-10-01,71.43478260869566,74.0909090909091,69.0,3,31
Tunisia,2018,2017-10-01,71.21739130434783,73.36363636363636,69.25,3,30
Tunisia,2019,2018-10-01,71.69565217391305,73.9090909090909,69.66666666666667,4,31
Tunisia,2020,2019-10-01,71.1304347826087,73.0,69.41666666666667,2,24
Tunisia,2022,2021-10-01,68.82608695652173,72.54545454545455,65.41666666666667,4,30
Tunisia,2026,2025-10-01,69.78260869565217,72.9090909090909,66.91666666666667,2,31
Turkey,2005,2004-10-01,77.17391304347827,80.45454545454545,74.16666666666667,15,60
Turkey,2006,2005-10-01,76.0,78.45454545454545,73.75,14,65
Turkey,2007,2006-10-01,78.47826086956522,81.27272727272727,75.91666666666667,22,307
Turkey,2008,2007-10-01,77.21739130434783,79.45454545454545,75.16666666666667,19,298
Turkey,2009,2008-10-01,77.34782608695652,79.0909090909091,75.75,22,294
Turkey,2010,2009-10-01,77.95652173913044,79.18181818181819,76.83333333333333,34,278
Turkey,2011,2010-10-01,77.73913043478261,79.36363636363636,76.25,26,213
Turkey,2012,2011-10-01,76.04347826086956,78.18181818181819,74.08333333333333,15,55
Turkey,2013,2012-10-01,76.47826086956522,79.18181818181819,74.0,15,54
Turkey,2014,2013-10-01,77.0,79.36363636363636,74.83333333333333,19,50
Turkey,2015,2014-10-01,77.78260869565217,79.36363636363636,76.33333333333333,28,232
Turkey,2016,2015-10-01,77.8695652173913,79.63636363636364,76.25,28,242
Turkey,2017,2016-10-01,78.3913043478261,79.81818181818181,77.08333333333333,43,204
Turkey,2018,2017-10-01,78.1304347826087,79.72727272727273,76.66666666666667,35,180
Turkey,2019,2018-10-01,77.17391304347827,78.36363636363636,76.08333333333333,31,171
Turkey,2020,2019-10-01,76.95652173913044,78.0,76.0,29,161
Turkey,2022,2021-10-01,76.6086956521739,78.45454545454545,74.91666666666667,20,291
Turkey,2026,2025-10-01,78.43478260869566,80.27272727272727,76.75,31,269
USA,2005,2004-10-01,80.1304347826087,82.18181818181819,78.25,38,202
USA,2006,2005-10-01,76.6086956521739,78.72727272727273,74.66666666666667,16,218
USA,2007,2006-10-01,75.26086956521739,77.45454545454545,73.25,10,226
USA,2008,2007-10-01,75.56521739130434,77.63636363636364,73.66666666666667,14,197
USA,2009,2008-10-01,73.78260869565217,76.18181818181819,71.58333333333333,5,221
USA,2010,2009-10-01,75.08695652173913,78.0909090909091,72.33333333333333,9,216
USA,2011,2010-10-01,75.0,77.9090909090909,72.33333333333333,12,222
USA,2012,2011-10-01,74.65217391304348,77.45454545454545,72.08333333333333,9,245
USA,2013,2012-10-01,74.47826086956522,77.0,72.16666666666667,8,264
USA,2014,2013-10-01,74.82608695652173,77.36363636363636,72.5,9,214
USA,2015,2014-10-01,74.17391304347827,76.27272727272727,72.25,7,245
USA,2016,2015-10-01,74.65217391304348,76.45454545454545,73.0,10,217
USA,2017,2016-10-01,75.52173913043478,77.0909090909091,74.08333333333333,14,194
USA,2018,2017-10-01,75.0,76.63636363636364,73.5,10,188
USA,2019,2018-10-01,74.8695652173913,76.36363636363636,73.5,12,171
USA,2020,2019-10-01,74.8695652173913,76.0,73.83333333333333,13,143
USA,2022,2021-10-01,75.0,76.72727272727273,73.41666666666667,11,413
USA,2026,2025-10-01,77.17391304347827,79.54545454545455,75.0,21,420
Ukraine,2006,2005-10-01,68.91666666666667,70.45454545454545,52.0,3,12
Ukraine,2007,2006-10-01,72.30434782608695,76.81818181818181,68.16666666666667,8,30
Ukraine,2008,2007-10-01,72.8695652173913,76.72727272727273,69.33333333333333,8,30
Ukraine,2009,2008-10-01,71.8695652173913,75.54545454545455,68.5,7,35
Ukraine,2010,2009-10-01,74.26086956521739,77.63636363636364,71.16666666666667,11,42
Ukraine,2011,2010-10-01,68.66666666666667,71.54545454545455,60.75,3,15
Ukraine,2012,2011-10-01,68.0,68.72727272727273,60.0,3,12
Ukraine,2014,2013-10-01,71.17391304347827,75.0,67.66666666666667,7,23
Ukraine,2015,2014-10-01,69.91304347826087,74.0909090909091,66.08333333333333,5,25
Ukraine,2016,2015-10-01,74.26086956521739,77.0909090909091,71.66666666666667,9,38
Ukraine,2017,2016-10-01,74.8695652173913,77.63636363636364,72.33333333333333,11,45
Ukraine,2018,2017-10-01,75.3913043478261,77.9090909090909,73.08333333333333,10,47
Ukraine,2019,2018-10-01,76.3913043478261,78.18181818181819,74.75,18,56
Ukraine,2020,2019-10-01,76.26086956521739,78.0909090909091,74.58333333333333,18,50
Ukraine,2022,2021-10-01,76.0,78.18181818181819,74.0,15,69
Ukraine,2026,2025-10-01,76.95652173913044,79.0909090909091,75.0,19,95
United Arab Emirates,2022,2021-10-01,63.21052631578947,66.27272727272727,59.0,0,19
United Arab Emirates,2026,2025-10-01,64.72727272727273,64.72727272727273,64.72727272727273,0,11
Uruguay,2005,2004-10-01,77.52173913043478,80.45454545454545,74.83333333333333,16,67
Uruguay,2006,2005-10-01,79.26086956521739,81.9090909090909,76.83333333333333,23,67
Uruguay,2007,2006-10-01,77.08695652173913,79.63636363636364,74.75,18,65
Uruguay,2008,2007-10-01,76.17391304347827,78.0909090909091,74.41666666666667,15,82
Uruguay,2009,2008-10-01,76.56521739130434,78.45454545454545,74.83333333333333,19,92
Uruguay,2010,2009-10-01,77.43478260869566,79.45454545454545,75.58333333333333,25,83
Uruguay,2011,2010-10-01,78.04347826086956,80.18181818181819,76.08333333333333,22,81
Uruguay,2012,2011-10-01,78.34782608695652,80.63636363636364,76.25,25,87
Uruguay,2013,2012-10-01,78.08695652173913,81.0,75.41666666666667,18,84
Uruguay,2014,2013-10-01,77.0,80.63636363636364,73.66666666666667,13,118
Uruguay,2015,2014-10-01,77.08695652173913,80.45454545454545,74.0,13,122
Uruguay,2016,2015-10-01,77.95652173913044,81.18181818181819,75.0,19,127
Uruguay,2017,2016-10-01,79.21739130434783,82.18181818181819,76.5,29,125
Uruguay,2018,2017-10-01,79.6086956521739,82.45454545454545,77.0,33,118
Uruguay,2019,2018-10-01,80.47826086956522,83.54545454545455,77.66666666666667,34,122
Uruguay,2020,2019-10-01,81.6086956521739,83.45454545454545,79.91666666666667,55,223
Uruguay,2022,2021-10-01,79.73913043478261,82.0909090909091,77.58333333333333,37,280
Uruguay,2026,2025-10-01,78.91304347826087,81.18181818181819,76.83333333333333,32,248
Venezuela,2009,2008-10-01,67.42857142857143,68.9090909090909,62.0,2,14
Venezuela,2010,2009-10-01,66.0,68.45454545454545,61.5,2,17
Venezuela,2011,2010-10-01,67.36842105263158,70.18181818181819,63.5,1,19
Venezuela,2012,2011-10-01,69.47826086956522,73.54545454545455,65.75,5,26
Venezuela,2013,2012-10-01,73.26086956521739,76.36363636363636,70.41666666666667,6,45
Venezuela,2014,2013-10-01,72.78260869565217,75.81818181818181,70.0,7,47
Venezuela,2015,2014-10-01,73.34782608695652,75.27272727272727,71.58333333333333,5,50
Venezuela,2016,2015-10-01,71.47826086956522,74.27272727272727,68.91666666666667,5,33
Venezuela,2017,2016-10-01,73.56521739130434,76.0909090909091,71.25,9,33
Venezuela,2018,2017-10-01,73.91304347826087,76.0909090909091,71.91666666666667,8,44
Venezuela,2019,2018-10-01,72.69565217391305,75.0909090909091,70.5,5,44
Venezuela,2020,2019-10-01,72.91304347826087,75.45454545454545,70.58333333333333,6,53
Venezuela,2022,2021-10-01,73.43478260869566,75.72727272727273,71.33333333333333,6,212
Venezuela,2026,2025-10-01,71.3913043478261,73.72727272727273,69.25,2,115
Wales,2005,2004-10-01,73.6086956521739,77.36363636363636,70.16666666666667,6,99
Wales,2006,2005-10-01,72.78260869565217,76.18181818181819,69.66666666666667,5,86
Wales,2007,2006-10-01,72.6086956521739,76.81818181818181,68.75,8,83
Wales,2008,2007-10-01,72.30434782608695,76.54545454545455,68.41666666666667,8,59
Wales,2009,2008-10-01,71.04347826086956,74.45454545454545,67.91666666666667,6,61
Wales,2010,2009-10-01,72.34782608695652,75.72727272727273,69.25,8,62
Wales,2011,2010-10-01,73.17391304347827,76.72727272727273,69.91666666666667,8,68
Wales,2012,2011-10-01,74.1304347826087,77.36363636363636,71.16666666666667,8,65
Wales,2013,2012-10-01,73.17391304347827,76.27272727272727,70.33333333333333,6,69
Wales,2014,2013-10-01,72.52173913043478,75.54545454545455,69.75,4,57
Wales,2015,2014-10-01,71.82608695652173,75.27272727272727,68.66666666666667,4,61
Wales,2016,2015-10-01,73.26086956521739,76.72727272727273,70.08333333333333,6,56
Wales,2017,2016-10-01,74.56521739130434,78.0909090909091,71.33333333333333,8,57
Wales,2018,2017-10-01,73.91304347826087,77.54545454545455,70.58333333333333,8,53
Wales,2019,2018-10-01,73.69565217391305,76.81818181818181,70.83333333333333,7,60
Wales,2020,2019-10-01,73.82608695652173,77.27272727272727,70.66666666666667,8,54
Wales,2022,2021-10-01,73.47826086956522,76.36363636363636,70.83333333333333,7,137
Wales,2026,2025-10-01,73.08695652173913,75.63636363636364,70.75,9,144
Zambia,2006,2005-10-01,62.333333333333336,63.09090909090909,54.0,1,12
Zimbabwe,2008,2007-10-01,64.0,64.0,64.0,1,11
Zimbabwe,2009,2008-10-01,66.07692307692308,67.36363636363636,59.0,1,13
Zimbabwe,2010,2009-10-01,65.9090909090909,65.9090909090909,65.9090909090909,1,11
Zimbabwe,2011,2010-10-01,65.15384615384616,66.0909090909091,60.0,1,13
Zimbabwe,2012,2011-10-01,64.57142857142857,65.72727272727273,60.333333333333336,0,14
Zimbabwe,2013,2012-10-01,65.81818181818181,65.81818181818181,65.81818181818181,0,11
Zimbabwe,2020,2019-10-01,70.36363636363636,70.36363636363636,70.36363636363636,2,11
Zimbabwe,2022,2021-10-01,67.53846153846153,69.27272727272727,58.0,2,13
Zimbabwe,2026,2025-10-01,64.625,67.54545454545455,58.2,1,16
