tree
version=v4
num_class=3
num_tree_per_iteration=3
label_index=0
max_feature_idx=40
objective=multiclass num_class:3
feature_names=home_fifa_rank away_fifa_rank fifa_rank_diff home_elo away_elo elo_diff home_win_rate_5 home_avg_goals_5 home_avg_gd_5 home_win_rate_10 home_avg_goals_10 home_avg_gd_10 away_win_rate_5 away_avg_goals_5 away_avg_gd_5 away_win_rate_10 away_avg_goals_10 away_avg_gd_10 home_weighted_win_rate_5 home_weighted_avg_goals_5 home_weighted_avg_gd_5 home_weighted_win_rate_10 home_weighted_avg_goals_10 home_weighted_avg_gd_10 away_weighted_win_rate_5 away_weighted_avg_goals_5 away_weighted_avg_gd_5 away_weighted_win_rate_10 away_weighted_avg_goals_10 away_weighted_avg_gd_10 h2h_home_wins h2h_draws h2h_away_wins h2h_total h2h_home_win_rate home_days_rest away_days_rest is_knockout altitude_m tournament_tier neutral
feature_infos=[1:211] [1:211] [-209:210] [967.99000000000001:2052.4699999999998] [967.63999999999999:2049.7600000000002] [-953.26999999999998:956.13999999999999] [0:1] [0:11.25] [-15:11] [0:1] [0:11.25] [-15:11] [0:1] [0:15] [-16.5:15] [0:1] [0:15] [-16.5:15] [0:1] [0:11.316435531301908] [-13:11.064409021738769] [0:1] [0:11.316435531301908] [-13:11.064409021738769] [0:1] [0:15] [-15:15] [0:1] [0:15] [-15:15] [0:12] [0:6] [0:11] [0:19] [0:1] [1:5882] [1:3644] none none [1:4] [0:1]
tree_sizes=1681 1572 1699 1723 1422 1731 1734 1743 1741 1728 1627 1742 1626 1731 1741 1623 1635 1734 1729 1743 1740 1722 1742 1736 1741 1731 1722 1738 1732 1749 1721 1745 1730 1748 1722 1730 1741 1728 1743 1740 1718 1743 1742 1726 1732 1748 1731 1734 1736 1729 1727 1749 1517 1622 1747 1628 1735 1742 1526 1735 1753 1429 1739 1724 1518 1527 1751 1741 1735 1742 1499 1736 1761 1607 1530 1745 1421 1731 1745 1739 1735 1751 1208 1525 1755 1100 1536 1746 894 1421 1723 1710 1530 1736 784 1536 1750 782 1738 1748 786 1536 1526 886 1735 1742 994 1531 1643 1637 1638 1620 1090 1540 1639 1632 1608 1640 1096 1620 1749 1313 1616 1533 1104 1539 1619 1086 1754 1750 1094 1757 1620 896 1538 1621 889 1748 1397 1524 1744 1532 1095 1749 1723 1204 1733 1422 994 1725 1620 1218 1736 1641 787 1745 1419 1309 1529

Tree=0
num_leaves=15
num_cat=0
split_feature=5 5 5 40 2 3 5 35 11 20 4 1 2 14
split_gain=1180.91 283.78 129.618 58.4601 45.4561 45.2924 37.9106 31.4283 29.8147 23.2277 14.2699 10.6827 6.57386 6.13368
threshold=-68.785000000000068 -285.17500000000001 109.11000000000014 1.0000000180025095e-35 -16.499999999999996 1369.1300000000003 -133.77500000000006 3.5000000000000004 -2.3874999999999997 -3.2222639787680785 1803.7250000000001 74.500000000000014 41.500000000000007 0.77500000000000013
decision_type=2 2 2 2 2 2 2 2 2 2 2 2 2 2
left_child=1 5 4 9 11 12 -5 -7 -6 -3 13 -2 -1 -4
right_child=2 3 10 6 8 7 -8 -9 -10 -11 -12 -13 -14 -15
leaf_value=-1.2999641901708636 -1.3591648675704628 -1.2880690746835515 -1.3894882183685322 -1.2791584895013068 -1.2965039095940323 -1.245785802730659 -1.3257477369646318 -1.3062484307219733 -1.3558391420575491 -1.3314225334737435 -1.3436980636948535 -1.3803544660986062 -1.2359071209147738 -1.3771607475742129
leaf_weight=6.8092007983941576 77.167805907782167 31.83070540393237 830.77794915670529 110.97820536524523 20.875901425606571 33.060460814507678 74.863764643087052 68.289635975263081 650.85502506408375 655.47660923853982 18.131268894299865 284.77308787556831 116.87211809738073 128.61610806139652
leaf_count=28 242 78 2544 248 74 55 206 304 1926 2024 33 719 390 410
internal_value=-1.35122 -1.30955 -1.37399 -1.32252 -1.36163 -1.25957 -1.29766 -1.28564 -1.35391 -1.32932 -1.38704 -1.37588 -1.23895 -1.38787
internal_weight=3109.38 1098.18 2011.2 873.149 1033.67 225.031 185.842 101.35 671.731 687.307 977.525 361.941 123.681 959.394
internal_count=9281 3333 5948 2556 2961 777 454 359 2000 2102 2987 961 418 2954
is_linear=0
shrinkage=1


Tree=1
num_leaves=14
num_cat=0
split_feature=5 5 0 1 5 17 28 27 28 29 31 8 29
split_gain=173.537 110.899 48.402 35.2407 21.4704 29.9808 18.0134 27.9361 17.1579 15.7088 11.3457 2.46505 1.56073
threshold=168.35000000000005 -384.3300000000001 153.50000000000003 156.50000000000003 240.67999999999998 -4.3166666666666655 0.77794854085755982 0.16958123879261086 0.88937792545539629 -1.9191770626150186 1.5000000000000002 -0.22499999999999998 -0.59405562013413393
decision_type=2 2 2 2 2 2 2 2 2 2 2 2 2
left_child=1 11 3 -3 5 -2 10 -8 -4 -7 -6 12 -1
right_child=4 2 8 -5 6 9 7 -9 -10 -11 -12 -13 -14
leaf_value=-1.1289482485548079 -1.0426947767979642 -1.1006312142003987 -1.1072090568685604 -1.1294723557856887 -1.1546309624488622 -1.1526268106777466 -1.0878851996892505 -1.1379625407522751 -1.1304059010575551 -1.1220315052243055 -1.1080210358537583 -1.1285986402870787 -1.1583671922451164
leaf_weight=6.8246311789844176 9.9953509084880334 2230.2415826048236 123.60560333228204 110.20012934517581 192.08862804970704 48.661221102927811 31.558971605496481 194.53902726562228 220.22656728222501 285.21060707245488 13.603112056851385 10.702320976066401 98.4970087998081
leaf_count=16 13 5812 292 219 590 109 84 497 501 778 16 38 316
internal_value=-1.11245 -1.10665 -1.10457 -1.102 -1.13336 -1.12396 -1.14079 -1.13087 -1.12206 -1.12661 -1.15152 -1.15429 -1.15668
internal_weight=3575.95 2800.3 2684.27 2340.44 775.657 343.867 431.79 226.098 343.832 333.872 205.692 116.024 105.322
internal_count=9281 7194 6824 6031 2087 900 1187 581 793 887 606 370 332
is_linear=0
shrinkage=1


Tree=2
num_leaves=15
num_cat=0
split_feature=2 2 4 34 2 2 23 34 21 11 8 4 4 19
split_gain=1021.87 248.339 83.7269 55.2204 51.9513 47.8099 37.1508 35.4584 29.3046 29.2779 31.0486 27.6894 23.4697 15.799
threshold=-30.499999999999996 10.500000000000002 1610.1150000000002 0.5277777777777779 51.500000000000007 -99.499999999999986 -0.013203988875974149 0.63068181818181823 0.47201886261864384 0.47222222222222227 1.9000000000000001 1875.2350000000004 1907.47 0.55636483926947478
decision_type=2 2 2 2 2 2 2 2 2 2 2 2 2 2
left_child=2 3 5 12 11 -1 -7 -6 -5 13 -11 -3 -2 -4
right_child=1 4 9 8 7 6 -8 -9 -10 10 -12 -13 -14 -15
leaf_value=-0.81752458546319506 -0.88896844089257965 -0.90371296582542693 -0.84451233075687204 -0.88019977394641591 -0.92762312116361001 -0.86015716934391739 -0.83764783907790785 -0.86626790591832048 -0.84772813989142581 -0.84682213345912105 -0.90264343092513377 -0.9302378545496931 -0.91997288680827705 -0.91390495814284711
leaf_weight=182.35500955861062 841.48379486554768 756.42452550656162 8.6028130218619463 159.75518620654475 684.0755516878562 301.00498010427691 491.55573907587677 23.71973318210803 123.1406669880962 85.311468501924537 34.207237658789381 113.32690133189317 64.902930932119489 56.726073358673602
leaf_count=487 2076 1887 13 266 1697 669 1280 49 254 211 58 159 68 107
internal_value=-0.885948 -0.902462 -0.84657 -0.885211 -0.915461 -0.840724 -0.846147 -0.925535 -0.865963 -0.87751 -0.862846 -0.907222 -0.891229 -0.904205
internal_weight=3926.59 2766.83 1159.76 1189.28 1577.55 974.916 792.561 707.795 282.896 184.848 119.519 869.751 906.387 65.3289
internal_count=9281 6456 2825 2664 3792 2436 1949 1746 520 389 269 2046 2144 120
is_linear=0
shrinkage=1


Tree=3
num_leaves=15
num_cat=0
split_feature=5 5 5 40 2 5 5 27 11 3 4 1 25 5
split_gain=1063.87 235.888 123.68 51.6796 42.1663 35.9038 32.2858 29.2112 27.0456 25.6613 13.8428 10.27 6.42179 0.186535
threshold=-68.785000000000068 -285.17500000000001 109.11000000000014 1.0000000180025095e-35 -16.499999999999996 -384.3300000000001 -133.77500000000006 0.38467582311584869 -2.3874999999999997 1369.1300000000003 1803.7250000000001 74.500000000000014 1.1909493350401468 -409.56499999999994
decision_type=2 2 2 2 2 2 2 2 2 2 2 2 2 2
left_child=1 5 4 7 11 13 -5 -3 -6 -7 12 -2 -4 -1
right_child=2 3 10 6 8 9 -8 -9 -10 -11 -12 -13 -14 -15
leaf_value=0.1094750729708852 -0.0074696628185852354 0.032678666318616066 -0.038826539287138633 0.066471762295804371 0.051280785368766069 0.09192839872353753 0.023995952861106673 0.011845850111433021 -0.0044798476813471466 0.045184210823374232 0.007677212569844361 -0.02834941601904728 -0.0295381677501452 0.084265449576448728
leaf_weight=83.50966108951252 76.565006117569283 287.98967289959546 633.91260077769402 115.51220861892216 21.491556115914136 51.107353631290607 76.057386810425669 410.12175002472941 649.48039737297222 78.793882020749152 18.09317496814765 279.13944632874336 302.05159502662718 24.261767846997827
leaf_count=296 242 922 1925 248 74 144 206 1180 1926 263 33 719 1029 74
internal_value=-7.9195e-06 0.0387456 -0.0220758 0.0268589 -0.0100098 0.082921 0.0498461 0.0204815 -0.00261271 0.0641749 -0.0350308 -0.0239026 -0.0358691 0.104673
internal_weight=3108.09 1127.35 1980.73 889.681 1026.68 237.673 191.57 698.111 670.972 129.901 954.057 355.704 935.964 107.771
internal_count=9281 3333 5948 2556 2961 777 454 2102 2000 407 2987 961 2954 370
is_linear=0
shrinkage=0.05


Tree=4
num_leaves=12
num_cat=0
split_feature=5 5 0 1 3 26 23 5 8 8 29
split_gain=158.048 102.256 44.6333 32.1118 20.2719 27.1753 21.7137 16.4481 7.60403 2.38974 1.54288
threshold=168.35000000000005 -384.3300000000001 153.50000000000003 156.50000000000003 1340.2500000000002 -1.9531289592509617 -0.074438105178634487 -285.17500000000001 -1.8999999999999997 -0.22499999999999998 -0.59405562013413393
decision_type=2 2 2 2 2 2 2 2 2 2 2
left_child=1 9 3 -3 -2 8 -7 -4 -6 10 -1
right_child=4 2 7 -5 5 6 -8 -9 -10 -11 -12
leaf_value=-0.015589487060569797 0.025375398585056743 0.011222063772760704 -0.039297549280260247 -0.016407558159036634 0.0059343928206862032 0.0051009569190042948 -0.020795271238831708 -0.005319916374670026 -0.042746967541113338 -0.015399152300996434 -0.044832767416566131
leaf_weight=6.7347742910496882 22.87062706053257 2242.2534851725213 39.541345824953169 109.33214318670798 8.0519795881118608 96.029132741619833 493.33338489534799 303.24445270840079 146.72379590664059 10.591967603308147 96.270045831566676
leaf_count=16 20 5812 96 219 15 247 1366 697 439 38 316
internal_value=7.49278e-06 0.00550449 0.00747093 0.00992893 -0.0200911 -0.0215274 -0.0165658 -0.00935679 -0.0401605 -0.0407513 -0.0431371
internal_weight=3574.98 2807.97 2694.37 2351.59 767.009 744.138 589.363 342.786 154.776 113.597 103.005
internal_count=9281 7194 6824 6031 2087 2067 1613 793 454 370 332
is_linear=0
shrinkage=0.05


Tree=5
num_leaves=15
num_cat=0
split_feature=5 5 5 5 27 25 5 32 14 3 21 25 5 16
split_gain=1096.44 201.92 181.846 33.0606 28.2723 41.2813 27.9222 41.588 28.4915 23.8809 23.0918 15.3949 7.52488 6.89694
threshold=36.165000000000084 158.62500000000014 -154.02499999999995 216.27500000000003 0.092676457492222572 0.68650890380179908 -61.695000000000043 2.5000000000000004 -2.2249999999999996 1873.0900000000004 0.072284522787768909 0.41913972379397507 -330.58999999999986 0.78888888888888908
decision_type=2 2 2 2 2 2 2 2 2 2 2 2 2 2
left_child=2 4 12 9 11 -6 7 -4 -8 -3 -5 -2 -1 -14
right_child=1 3 6 10 5 -7 8 -9 -10 -11 -12 -13 13 -15
leaf_value=-0.051365880357858988 0.010157528447781559 0.0388555618029729 -0.026728156731870512 -0.011849768221384543 0.039077314140445914 0.0092875740170847206 0.052556135536709139 0.0078291753473960484 -0.0076040095689419345 0.0046397870356272158 0.054087237747495943 -0.028537203059829985 -0.019831251302949424 -0.041163387433385844
leaf_weight=203.77291076933034 42.557847550488077 286.82643433962949 489.31251201301347 13.139999199891461 142.29043193999678 628.14697618945502 19.251415703329258 105.12858750438318 688.89211369794793 62.748295382945798 558.55680289352313 61.852986019221134 44.539933666819707 577.13670951221138
leaf_count=555 106 704 1261 22 299 1474 65 146 1540 88 1417 122 86 1396
internal_value=0 0.0287589 -0.0242764 0.0450862 0.0115276 0.0148394 -0.0126197 -0.0206053 -0.00588965 0.0327589 0.052545 -0.0127711 -0.0426276 -0.0396774
internal_weight=3924.15 1796.12 2128.03 921.272 874.848 770.437 1302.58 594.441 708.144 349.575 571.697 104.411 825.45 621.677
internal_count=9281 4232 5049 2231 2001 1773 3012 1407 1605 792 1439 228 2037 1482
is_linear=0
shrinkage=0.05


Tree=6
num_leaves=15
num_cat=0
split_feature=5 5 5 40 2 0 27 27 11 5 1 23 1 25
split_gain=954.353 197.081 117.848 45.8625 39.8952 31.4558 30.1877 26.2532 24.7668 23.7044 12.6956 11.3225 10.0306 6.01186
threshold=-68.785000000000068 -285.17500000000001 109.11000000000014 1.0000000180025095e-35 -16.499999999999996 151.50000000000003 0.75820487846777385 0.38467582311584869 -2.3874999999999997 -384.3300000000001 16.500000000000004 1.7295627687752777 74.500000000000014 1.1909493350401468
decision_type=2 2 2 2 2 2 2 2 2 2 2 2 2 2
left_child=1 5 4 7 12 9 -5 -3 -6 -1 11 -4 -2 -12
right_child=2 3 10 6 8 -7 -8 -9 -10 -11 13 -13 -14 -15
leaf_value=0.087305707411042113 -0.0069615244752187283 0.030508136550443706 0.031572248240164975 0.053505841318644456 0.048564933576508727 0.096715178122607784 -0.0068728485020245911 0.010924207880522049 -0.004238489411388633 0.043798643589098199 -0.038055241039187525 -0.037742314957476271 -0.027695850480593157 -0.028910461910463599
leaf_weight=50.383426509215496 75.915842702845111 294.06937902118079 13.202624668483624 173.89503112074453 21.98766937002074 103.80409569863696 23.075851453351788 414.70063047960866 647.03154513600748 95.012098330305889 614.94897811033297 9.0558344614692015 274.35966710920911 292.27693153405562
leaf_count=188 242 922 29 380 74 282 74 1180 1926 307 1921 25 719 1012
internal_value=-2.22133e-05 0.0359734 -0.021365 0.0250795 -0.00960218 0.0752895 0.046408 0.0190882 -0.00242572 0.0594025 -0.0342348 0.00274646 -0.0232489 -0.0351497
internal_weight=3103.72 1154.94 1948.78 905.741 1019.29 249.2 196.971 708.77 669.019 145.396 929.484 22.2585 350.276 907.226
internal_count=9281 3333 5948 2556 2961 777 454 2102 2000 495 2987 54 961 2933
is_linear=0
shrinkage=0.05


Tree=7
num_leaves=15
num_cat=0
split_feature=2 20 4 28 2 24 4 11 22 29 21 28 29 21
split_gain=111.468 43.3975 32.3271 35.5333 29.2318 33.7548 27.7441 27.1056 23.3245 24.264 21.7681 18.8869 12.9071 12.814
threshold=-37.499999999999993 -3.0353264647389451 1449.5950000000003 1.2510867380393829 46.500000000000007 0.5624970411817406 1610.1150000000002 -0.70714285714285696 1.3646450595813893 -1.7166621356702068 0.29691955262818243 0.69983777702063332 -0.052892696302025394 0.19338851563135481
decision_type=2 2 2 2 2 2 2 2 2 2 2 2 2 2
left_child=2 10 8 6 5 -3 -4 -6 9 -1 11 -2 -10 -5
right_child=1 4 3 13 7 -7 -8 -9 12 -11 -12 -13 -14 -15
leaf_value=-0.032120336263321732 0.0015310075389954293 0.0052366279657584114 -0.0023153283934634413 0.031086491222467139 -0.015017959132941926 0.019673884321866137 0.036608344601519169 0.0058555506525930371 -0.039576843759424968 -0.0013251164526218891 0.049371877879651929 -0.042882667681416617 0.0013586724068073636 -0.024171569238987421
leaf_weight=106.17724451026879 33.63206261349842 1321.212050720118 165.32432884629816 10.236411955207585 261.5387964603724 584.43887121474836 62.150758915115148 380.29995751695242 202.56327778962441 159.76140125317033 8.4670033454895002 79.696116246865131 20.936174391186796 176.13351570686791
leaf_count=296 68 3257 531 23 772 1506 113 988 552 405 9 240 50 471
internal_value=2.90871e-05 0.00516862 -0.0151421 -0.00482239 0.00656731 0.00967497 0.0084112 -0.00265242 -0.0238301 -0.0137133 -0.0238612 -0.0297603 -0.035731 -0.0209601
internal_weight=3572.57 2669.28 903.283 413.845 2547.49 1905.65 227.475 641.839 489.438 265.939 121.795 113.328 223.499 186.37
internal_count=9281 6840 2441 1138 6523 4763 644 1760 1303 701 317 308 602 494
is_linear=0
shrinkage=0.05


Tree=8
num_leaves=15
num_cat=0
split_feature=5 5 5 1 27 25 5 32 22 26 21 25 16 1
split_gain=988.203 181.437 165.722 39.5613 26.1726 37.0173 23.8873 39.2827 22.1572 19.1388 18.4368 14.4521 7.11454 21.3071
threshold=33.774999999999984 158.62500000000014 -154.02499999999995 54.500000000000007 0.092676457492222572 0.68650890380179908 -61.695000000000043 2.5000000000000004 1.4692193928142274 -1.804648763702565 0.18225253016554488 0.41913972379397507 0.78888888888888908 35.500000000000007
decision_type=2 2 2 2 2 2 2 2 2 2 2 2 2 2
left_child=2 4 12 8 11 -6 7 -4 -3 -8 -5 -2 13 -1
right_child=1 3 6 10 5 -7 9 -9 -10 -11 -12 -13 -14 -15
leaf_value=0.048698592341104442 0.0095156294639558662 -0.028328773291338472 -0.025578359644376471 0.023340907872011804 0.036216962579534072 0.0086322424538790698 0.025650258232452001 0.008046082397688812 0.025797100095220252 -0.0080541175854220524 0.049030696545377901 -0.027966103183981274 -0.042290952457072165 -0.036311020524954073
leaf_weight=7.975411321851424 42.701590956072323 22.034825811162591 485.26296799664851 81.223688689759001 149.68675778829493 641.40738060616422 44.034429877530783 104.99885701946914 105.62056124175433 644.63171827432234 720.39779961924069 61.632737040170468 764.51881873176899 41.345796812325716
leaf_count=11 108 57 1261 146 307 1500 118 146 225 1450 1803 123 1938 88
internal_value=-7.65072e-06 0.0268772 -0.0234529 0.0423452 0.0107896 0.0138971 -0.0122075 -0.0195851 0.0162679 -0.00585769 0.0464663 -0.0126335 -0.0410817 -0.0217707
internal_weight=3917.47 1824.71 2092.77 929.277 895.428 791.094 1278.93 590.262 127.655 688.666 801.621 104.334 813.84 49.3212
internal_count=9281 4269 5012 2231 2038 1807 2975 1407 282 1568 1949 231 2037 99
is_linear=0
shrinkage=0.05


Tree=9
num_leaves=15
num_cat=0
split_feature=5 5 5 40 2 27 0 36 27 5 4 1 11 4
split_gain=857.66 170.358 112.034 40.7265 37.8457 26.7587 26.377 25.6168 23.4569 20.585 12.9357 9.79723 5.32808 1.20838
threshold=-68.785000000000068 -285.17500000000001 109.11000000000014 1.0000000180025095e-35 -16.499999999999996 0.75820487846777385 151.50000000000003 237.50000000000003 0.38467582311584869 -384.3300000000001 1803.7250000000001 74.500000000000014 2.5357142857142865 1418.0050000000003
decision_type=2 2 2 2 2 2 2 2 2 2 2 2 2 2
left_child=1 6 4 8 11 -5 9 -6 -3 -1 12 -2 -4 -8
right_child=2 3 10 5 7 -7 13 -9 -10 -11 -12 -13 -14 -15
leaf_value=0.080396115787722988 -0.0065088519291821275 0.028407514832024951 -0.03510261959660118 0.049697623418800373 -0.0049254423371848498 -0.0069876567817856745 0.048774637841267371 0.033673048713206123 0.010043990013846088 0.040537940147144659 0.0078310086201087512 -0.027091572759183825 -0.014287513197930746 0.090362110515583793
leaf_weight=52.373961209552363 75.336469553993084 300.01215095142834 852.08770274941344 179.00620031659491 622.06879151449539 23.111246810643934 6.2114843390882006 45.157464051619172 419.07533215265721 97.560456508887 18.051048464607447 269.89810602914076 34.681047633290291 102.17158027191181
leaf_count=188 242 922 2873 380 1865 74 10 135 1180 307 33 719 81 272
internal_value=-4.1348e-05 0.0334883 -0.0206783 0.0233708 -0.00923128 0.0431888 0.0693206 -0.00225916 0.0177412 0.0549344 -0.0334572 -0.0226463 -0.0343112 0.0884921
internal_weight=3096.8 1179.52 1917.28 921.205 1012.46 202.117 258.317 667.226 719.087 149.934 904.82 345.235 886.769 108.383
internal_count=9281 3333 5948 2556 2961 454 777 2000 2102 495 2987 961 2954 282
is_linear=0
shrinkage=0.05


Tree=10
num_leaves=14
num_cat=0
split_feature=5 5 1 0 22 1 31 11 40 22 5 20 17
split_gain=130.537 84.5846 39.7809 27.8201 22.401 20.4847 23.1027 22.4476 23.6929 4.97089 2.33733 3.77886 2.14105
threshold=216.27500000000003 -384.3300000000001 151.50000000000003 184.50000000000003 0.9955599252091375 124.50000000000001 1.5000000000000002 -0.3166666666666666 1.0000000180025095e-35 1.0073588988427549 -409.56499999999994 -0.99103121901493296 -0.10555555555555554
decision_type=2 2 2 2 2 2 2 2 2 2 2 2 2
left_child=1 10 3 -3 -4 7 9 -2 -9 -7 12 -12 -1
right_child=5 2 4 -5 -6 6 -8 8 -10 -11 11 -13 -14
leaf_value=-0.010984416822625524 0.048740133046272123 0.0082769158219486456 0.0024509389550107633 -0.024816611376703931 -0.024368811425455383 -0.021168004837247095 0.050788824553125535 -0.024060701005976112 0.019638594377977461 -0.039673101618338681 -0.03534940627616124 0.0062112457772731311 -0.045469109158744657
leaf_weight=5.976752202725037 12.893542425706981 2593.2819611795712 149.66813077277038 64.081184822018258 160.20591534744017 50.636738617438823 7.0059501184150568 184.5915360248182 36.327672487706877 200.96819797798526 17.678816440515224 7.0902766558574504 78.688986020744778
leaf_count=25 25 6697 317 117 341 157 14 592 91 560 49 25 271
internal_value=6.13481e-05 0.0038904 0.00548927 0.00746796 -0.0114327 -0.0238119 -0.0335084 -0.0129687 -0.0167962 -0.0360672 -0.0390733 -0.0234791 -0.0432498
internal_weight=3569.1 3076.67 2967.24 2657.36 309.874 492.424 258.611 233.813 220.919 251.605 109.435 24.7691 84.6657
internal_count=9281 7842 7472 6814 658 1439 731 708 683 717 370 74 296
is_linear=0
shrinkage=0.05


Tree=11
num_leaves=15
num_cat=0
split_feature=5 5 5 1 27 25 26 23 22 21 21 25 13 4
split_gain=892.608 158.535 157.752 35.1481 25.1761 34.7392 22.5213 21.6377 20.8325 16.9046 16.5591 13.5535 6.85595 12.5758
threshold=36.165000000000084 158.62500000000014 -154.02499999999995 54.500000000000007 0.092676457492222572 0.68650890380179908 -1.804648763702565 -1.3133124247579793 1.4692193928142274 0.18225253016554488 0.091610662865910061 0.41913972379397507 0.77500000000000013 1730.9400000000003
decision_type=2 2 2 2 2 2 2 2 2 2 2 2 2 2
left_child=2 4 12 8 11 -6 10 -8 -3 -5 -4 -2 13 -1
right_child=1 3 6 9 5 -7 7 -9 -10 -11 -12 -13 -14 -15
leaf_value=-0.032825204458893607 0.0088247374658631302 -0.027884033152377335 -0.011497350130042008 0.021767969870302918 0.035565110207349204 0.0083862327110619025 -0.030853778581398109 -0.010554451813574381 0.024625875106348769 0.046294078747744626 0.035154095393548294 -0.027474254089412814 -0.041112582271406621 0.024957242709283838
leaf_weight=57.364862033515237 42.803414949332364 21.980257996474393 32.835816556354985 81.621515053091571 144.10489015758503 630.66075803618878 149.62680060276762 1066.9866678856779 106.03798773593735 724.74859334749635 42.617648413637653 61.419526918441989 733.80269990442321 10.363871298613956
leaf_count=122 106 57 62 146 299 1474 296 2536 225 1803 118 122 1899 16
internal_value=-2.19886e-05 0.0256485 -0.0222606 0.0399796 0.0103803 0.0134872 -0.0114303 -0.0130784 0.0154251 0.0438478 0.0149021 -0.0125769 -0.0396768 -0.0236761
internal_weight=3906.98 1813.38 2093.6 934.388 878.989 774.766 1292.07 1216.61 128.018 806.37 75.4535 104.223 801.531 67.7287
internal_count=9281 4232 5049 2231 2001 1773 3012 2832 282 1949 180 228 2037 138
is_linear=0
shrinkage=0.05


Tree=12
num_leaves=14
num_cat=0
split_feature=2 2 30 8 2 4 20 30 28 11 7 2 22
split_gain=677.141 147.382 71.8785 54.3011 48.0693 48.9356 24.8942 22.8883 21.2308 14.8723 11.3022 7.2402 6.74617
threshold=2.5000000000000004 46.500000000000007 1.5000000000000002 -1.3666666666666665 -26.499999999999996 1763.4400000000003 -4.3629804624743409 1.5000000000000002 2.0486712500339874 -2.0499999999999994 0.55000000000000016 62.500000000000007 0.77893487913547577
decision_type=2 2 2 2 2 2 2 2 2 2 2 2 2
left_child=4 6 3 -3 5 12 -2 9 -8 -6 -9 -4 -1
right_child=1 2 11 -5 7 -7 8 10 -10 -11 -12 -13 -14
leaf_value=-0.019219354855493573 0.08154850802662994 0.063381632999607321 -0.03640176806035024 0.033305282453460705 0.03256654182225642 0.061773505404259424 0.0049112374141004672 0.016888971032766136 0.026301560282533106 -0.0084814667813685879 -0.029480472667171256 0.0022881120634320631 -0.03356592202984951
leaf_weight=98.484812761889771 10.878910350147633 251.77939198014792 24.858983411686495 385.54292575013824 22.25748869695235 13.19955295731779 688.06817715638317 13.315634127706288 138.98597891000099 424.72440842783544 195.22020556638017 22.072896399535239 798.07033197744749
leaf_count=294 30 700 33 1166 76 32 2001 15 342 1486 345 40 2721
internal_value=-6.02056e-05 0.0236752 0.0408782 0.0452757 -0.0231458 -0.0305861 0.00958924 -0.0127814 0.00853933 -0.00635818 -0.0264293 -0.0184328 -0.0320187
internal_weight=3087.46 1522.19 684.254 637.322 1565.27 909.755 837.933 655.518 827.054 446.982 208.536 46.9319 896.555
internal_count=9281 4312 1939 1866 4969 3047 2373 1922 2343 1562 360 73 3015
is_linear=0
shrinkage=0.05


Tree=13
num_leaves=15
num_cat=0
split_feature=5 5 1 8 18 18 14 1 8 22 7 4 8 29
split_gain=118.012 77.695 36.2453 27.3518 26.127 24.5543 32.8728 21.8995 18.9399 14.7947 19.0961 12.5209 2.33774 1.62158
threshold=216.27500000000003 -384.3300000000001 151.50000000000003 1.3666666666666669 0.72557299358507887 0.76756752389778649 -0.44999999999999996 179.50000000000003 0.77500000000000013 1.3646450595813893 1.9000000000000001 1632.3700000000001 -0.22499999999999998 -0.59405562013413393
decision_type=2 2 2 2 2 2 2 2 2 2 2 2 2 2
left_child=1 12 3 -3 9 6 -6 -4 -7 10 -2 -11 13 -1
right_child=4 2 7 -5 5 8 -8 -9 -10 11 -12 -13 -14 -15
leaf_value=-0.012472548116761392 -0.024174725596255414 0.0090955031132152354 -0.022232235229284067 -0.0057180111964601462 -0.017215901189971988 0.051219739087068644 0.098602824755578272 0.0047110262912260954 -0.020395786146120785 -0.043389119823124274 0.030752225201724694 -0.003908177545227277 -0.012876772652158612 -0.042259546924433171
leaf_weight=6.4058091810438773 138.99407152540516 2306.6441790468525 179.45035876508337 359.12948985223193 11.417278876993807 9.2068188561825064 11.48086690623313 128.61518003966194 96.765108614694327 176.07721380481962 16.901047322899103 23.204151478596032 10.200558283599092 89.988418655004352
leaf_count=16 450 5809 395 1005 25 28 15 263 300 548 40 33 38 316
internal_value=9.84633e-05 0.00370835 0.00521835 0.00709658 -0.0228246 -0.00345985 0.0423411 -0.0109886 -0.0137065 -0.0298072 -0.01803 -0.0388594 -0.038029 -0.0404798
internal_weight=3564.48 3080.43 2973.84 2665.77 484.047 128.87 22.8981 308.066 105.972 355.176 155.895 199.281 106.595 96.3942
internal_count=9281 7842 7472 6814 1439 368 40 658 328 1071 490 581 370 332
is_linear=0
shrinkage=0.05


Tree=14
num_leaves=15
num_cat=0
split_feature=5 5 5 1 27 16 26 22 18 21 22 24 16 1
split_gain=806.574 144.879 144.737 31.9167 23.2232 30.1913 19.8588 19.3397 18.4004 15.4183 14.8296 12.7095 6.77432 19.3189
threshold=33.774999999999984 158.62500000000014 -154.02499999999995 54.500000000000007 0.092676457492222572 0.78888888888888908 -1.804648763702565 1.4692193928142274 0.59542759964615233 0.18225253016554488 0.28197651591671286 1.0000000180025095e-35 0.78888888888888908 35.500000000000007
decision_type=2 2 2 2 2 2 2 2 2 2 2 2 2 2
left_child=2 4 12 7 11 -6 10 -3 -8 -5 -4 -2 13 -1
right_child=1 3 6 9 5 -7 8 -9 -10 -11 -12 -13 -14 -15
leaf_value=0.047215892975866376 -0.0014586359048448445 -0.027384034731199099 -0.039024285027259881 0.020415588569119614 0.038295823660497996 0.0088679455887296071 -0.014930427252238003 0.02324331344179275 0.0040903909964492653 0.043794263777833908 0.022847402866511782 -0.040229263835681484 -0.039558192094907622 -0.033646277501524428
leaf_weight=8.039171156473456 75.53914342133794 21.915993970702402 10.388874507742001 81.896729863947257 99.042156631825492 695.98473423556425 1049.9042089383584 106.45475810428616 143.76749302342068 727.06564379273914 64.320986798615195 28.554086839780211 740.15040079108439 40.223641277756542
leaf_count=11 188 57 18 146 225 1582 2388 225 410 1803 159 43 1938 88
internal_value=-4.11186e-05 0.0240354 -0.0215421 0.0377825 0.00967253 0.0125838 -0.0110647 0.0144165 -0.0126338 0.0414618 0.0137759 -0.0124231 -0.0383561 -0.0193905
internal_weight=3893.25 1836.45 2056.79 937.333 899.12 795.027 1268.38 128.371 1193.67 808.962 74.7099 104.093 788.413 48.2628
internal_count=9281 4269 5012 2231 2038 1807 2975 282 2798 1949 177 231 2037 99
is_linear=0
shrinkage=0.05


Tree=15
num_leaves=14
num_cat=0
split_feature=2 2 30 3 2 4 20 30 28 28 7 3 2
split_gain=617.141 130.261 64.317 46.0908 45.9098 45.3666 22.4267 21.8978 19.1549 12.062 10.7395 8.97804 6.89592
threshold=2.5000000000000004 46.500000000000007 1.5000000000000002 1365.2250000000001 -26.499999999999996 1763.4400000000003 -4.3629804624743409 1.5000000000000002 2.0486712500339874 2.5421308866550905 0.55000000000000016 1479.6400000000001 62.500000000000007
decision_type=2 2 2 2 2 2 2 2 2 2 2 2 2
left_child=4 6 3 -3 5 11 -2 9 -8 -6 -9 -1 -4
right_child=1 2 12 -5 7 -7 8 10 -10 -11 -12 -13 -14
leaf_value=-0.019375062074635633 0.076356323079143418 0.059817990101063728 -0.035863098019208797 0.032006207864390006 -0.0081972888735345143 0.057761692921414393 0.0045757337958531761 0.016182475005387376 0.024759841101591917 0.025605630226974253 -0.028866218912680732 -0.033551081871047432 0.0020101353336121662
leaf_weight=139.73074788518716 11.223455441300755 239.4030429047998 24.441395542351529 411.08000065281522 417.51832143391948 13.608530018129384 690.88811966660433 13.436487480998037 141.11602005851455 27.142988053732552 191.71010713395663 734.19019236264285 22.14181799814105
leaf_count=360 30 581 33 1285 1480 32 2001 15 342 82 345 2655 40
internal_value=-7.85773e-05 0.0222811 0.0382609 0.0423258 -0.0224844 -0.02988 0.00903548 -0.0123451 0.00803077 -0.00606985 -0.0258272 -0.0313149 -0.0180923
internal_weight=3077.63 1540.29 697.066 650.483 1537.34 887.529 843.228 649.808 832.004 444.661 205.147 873.921 46.5832
internal_count=9281 4312 1939 1866 4969 3047 2373 1922 2343 1562 360 3015 73
is_linear=0
shrinkage=0.05


Tree=16
num_leaves=14
num_cat=0
split_feature=1 0 22 22 29 11 22 28 1 11 18 26 27
split_gain=75.1163 42.1294 31.9682 23.0986 44.4885 26.2765 19.237 18.2958 15.8991 9.35482 14.48 7.10763 2.99508
threshold=151.50000000000003 184.50000000000003 0.9955599252091375 1.4001993602120455 -0.033841073441981895 -0.70714285714285696 0.95913128636371925 0.69515652104554537 170.50000000000003 -1.0499999999999998 0.34391715487149521 0.73186876307431026 0.20063167991733233
decision_type=2 2 2 2 2 2 2 2 2 2 2 2 2
left_child=1 3 6 5 -5 -1 8 -3 -2 10 -4 -11 -9
right_child=2 7 9 4 -6 -7 -8 12 -10 11 -12 -13 -14
leaf_value=-0.0017253382912489146 -0.033098644311836393 0.020393055044105976 -0.040155039823097191 -0.015433382262432079 0.0051738073335275171 0.011536253110396055 0.048220677542896294 -0.014760483689845356 0.0012816648314656217 -0.033895877716263033 0.038347004419361404 0.0061620129907837438 -0.043143175728304679
leaf_weight=529.55624008667655 44.382024369086139 14.720436355564742 9.9380701053887623 381.68911019864026 828.57742628559936 1259.807910010335 15.895893370616248 12.990111320046706 128.60059578705113 242.67082556011155 11.676613221527075 11.085284735425374 67.743554412736557
leaf_count=1494 132 24 28 1182 2113 3206 38 31 250 574 23 36 150
internal_value=0.00014028 0.00295656 -0.0185907 0.00400266 -0.00132846 0.00760997 -0.0026925 -0.0295657 -0.00765007 -0.0294281 0.0018524 -0.032109 -0.038874
internal_weight=3559.33 3095.08 464.249 2999.63 1210.27 1789.36 188.879 95.4541 172.983 275.371 21.6147 253.756 80.7337
internal_count=9281 8200 1081 7995 3295 4700 420 205 382 661 51 610 181
is_linear=0
shrinkage=0.05


Tree=17
num_leaves=15
num_cat=0
split_feature=5 5 5 5 27 25 5 5 32 14 21 25 16 11
split_gain=729.816 135.658 130.555 23.5957 21.6228 30.2726 20.2828 19.0292 37.1932 23.1011 18.6045 12.4313 6.57014 14.5349
threshold=33.774999999999984 -154.02499999999995 158.62500000000014 216.27500000000003 0.092676457492222572 0.68650890380179908 190.53 -61.695000000000043 2.5000000000000004 -2.2249999999999996 0.072284522787768909 0.41913972379397507 0.78888888888888908 -0.86607142857142849
decision_type=2 2 2 2 2 2 2 2 2 2 2 2 2 2
left_child=1 12 4 6 11 -6 -4 8 -3 -9 -5 -2 13 -1
right_child=2 7 3 10 5 -7 -8 9 -10 -11 -12 -13 -14 -15
leaf_value=-0.032246688794253221 0.0082325498865647908 -0.023131294230336743 0.035111184618124562 -0.015092956732964022 0.031993421449248313 0.0071881078493468073 0.010548888318908507 0.047265792280608461 0.0097779761794495913 -0.0064909834685961953 0.043424687068132212 -0.026551590949725975 -0.038323647777652528 0.033796398872294575
leaf_weight=38.063030123244971 42.917438184143975 475.21156903903466 215.87314694444649 13.326983891660346 151.56185259728227 645.2333747074008 140.26852452359162 19.594496475765482 103.90877149254084 664.63021971785929 568.7646102757426 60.999518965836614 727.21677442325745 9.6450863578356785
leaf_count=75 108 1261 468 22 307 1500 324 65 146 1503 1417 123 1938 24
internal_value=-6.51163e-05 -0.0206665 0.0227654 0.0358117 0.00914542 0.0119469 0.0255078 -0.0105444 -0.0172112 -0.00487749 0.0420528 -0.0121966 -0.0371271 -0.0183725
internal_weight=3877.22 2038.27 1838.95 938.233 900.712 796.795 356.142 1263.35 579.12 684.225 582.092 103.917 774.925 47.7081
internal_count=9281 5012 4269 2231 2038 1807 792 2975 1407 1568 1439 231 2037 99
is_linear=0
shrinkage=0.05


Tree=18
num_leaves=15
num_cat=0
split_feature=5 5 5 40 0 5 20 0 36 27 7 1 21 25
split_gain=652.441 145.479 70.0325 34.9336 25.8764 25.2289 25.0951 19.7156 27.8565 18.9072 14.6613 12.2264 18.4829 6.51885
threshold=-37.730000000000011 -261.61499999999984 109.11000000000014 1.0000000180025095e-35 131.50000000000003 -409.56499999999994 -3.2222639787680785 180.50000000000003 32.500000000000007 0.67434784835962935 1.6333333333333335 16.500000000000004 0.58546498311027517 1.1909493350401468
decision_type=2 2 2 2 2 2 2 2 2 2 2 2 2 2
left_child=1 5 7 6 -5 -1 -3 9 -9 -2 -7 12 -4 -13
right_child=2 3 11 4 -6 10 -8 8 -10 -11 -12 13 -14 -15
leaf_value=0.074709281012205628 -0.014190314749141411 0.050667024106397208 0.064785606339514551 0.018274954891744667 0.052486274556193036 0.04829590095894943 0.0089928807338466067 -0.027388126724709302 0.085532147856010238 0.016148790390331801 0.0075913614571580775 -0.035568355317953541 -0.027864489905729341 -0.025646364666472177
leaf_weight=99.050313173560426 755.85586013947614 37.008050102740526 7.404534257133494 131.4507238259539 97.471989678801037 222.56713922589552 785.33761988615151 9.0018735029734689 11.388504945905877 54.122694219928235 25.338276681024581 551.47642772365361 13.950171940959988 264.82995668589137
leaf_count=296 2243 81 13 376 169 574 2257 32 28 182 56 1921 41 1012
internal_value=-0.000103138 0.0250769 -0.0212156 0.0157765 0.0330283 0.053116 0.0109337 -0.0108967 0.0364969 -0.0121395 0.0442028 -0.0314136 0.00549835 -0.0323909
internal_weight=3066.25 1398.22 1668.03 1051.27 228.923 346.956 822.346 830.369 20.3904 809.979 247.905 837.661 21.3547 816.306
internal_count=9281 3809 5472 2883 545 926 2338 2485 60 2425 630 2987 54 2933
is_linear=0
shrinkage=0.05


Tree=19
num_leaves=15
num_cat=0
split_feature=1 0 3 16 22 29 11 24 17 0 25 10 29 19
split_gain=69.1769 38.8795 30.4867 21.4468 20.7787 40.6423 24.2884 18.1661 20.5243 16.7033 11.1396 10.5179 14.0958 1.88567
threshold=151.50000000000003 184.50000000000003 1411.4800000000002 1.0500000000000003 1.4001993602120455 -0.033841073441981895 -0.70714285714285696 0.17088445120165649 -0.52777777777777768 175.50000000000003 0.50947782526164198 1.6458333333333337 -2.0574062768620025 3.4990777320329705
decision_type=2 2 2 2 2 2 2 2 2 2 2 2 2 2
left_child=1 4 7 10 6 -6 -1 9 -9 -2 -3 12 -4 -13
right_child=2 3 11 -5 5 -7 -8 8 -10 -11 -12 13 -14 -15
leaf_value=-0.0017014885801706803 -0.035154630554508341 -0.035269271046307574 -0.042570252921772467 -0.042571716300451264 -0.01476944766345098 0.0049898014490736085 0.011043829077864149 0.029859015739314428 -0.019533013622164752 0.0039061817609198409 0.034348311362272864 -0.044975194297925479 -0.010920426090651594 -0.018822555091434039
leaf_weight=529.20281563349999 57.703518958995119 7.588310818886387 51.642758068628609 69.669133613002487 377.89512788224965 829.75770974718034 1264.7512762602419 60.683887014631182 30.952484527835622 50.545992231811397 16.394404103513807 85.545327006955631 111.23304152931087 10.444576138746923
leaf_count=1494 129 14 174 150 1182 2113 3206 119 91 81 41 191 274 22
internal_value=0.000186439 0.00287505 -0.0179099 -0.0286729 0.00387025 -0.00119617 0.00728242 -0.0031842 0.0130909 -0.017001 0.0115906 -0.0292053 -0.0211846 -0.0424045
internal_weight=3554.01 3095.26 458.752 93.6518 3001.61 1207.65 1793.95 199.886 91.6364 108.25 23.9827 258.866 162.876 95.9899
internal_count=9281 8200 1081 205 7995 3295 4700 420 210 210 55 661 448 213
is_linear=0
shrinkage=0.05


Tree=20
num_leaves=15
num_cat=0
split_feature=5 5 5 1 23 27 25 26 23 3 21 13 0 16
split_gain=663.148 129.273 116.296 28.6231 25.9587 20.6389 28.7095 18.58 19.9772 17.7519 14.062 12.0416 6.57544 11.542
threshold=36.165000000000084 -154.02499999999995 158.62500000000014 137.50000000000003 -0.074438105178634487 0.092676457492222572 0.68650890380179908 -1.804648763702565 -1.3430022292371124 1340.2500000000002 0.091610662865910061 0.36666666666666675 143.50000000000003 0.78888888888888908
decision_type=2 2 2 2 2 2 2 2 2 2 2 2 2 2
left_child=1 12 5 4 -4 11 -7 10 -9 -5 -3 -2 13 -1
right_child=2 7 3 9 -6 6 -8 8 -10 -11 -12 -13 -14 -15
leaf_value=0.0038064507851824827 0.024270828326586755 -0.010553123777398888 0.00050534437829624363 0.0057475017026603946 0.031295673785153744 0.031548775501067113 0.0069504863604608908 -0.02880403213984975 -0.0090385074794289613 0.048269169954386335 0.032462042958301733 -0.019848398089944787 -0.042466309562703898 -0.033912944568127518
leaf_weight=20.747809987864457 17.833176585147157 32.553728192579001 79.838801308302209 27.077509924769402 494.88259714713786 145.48098690062761 634.20459769677836 145.23365936754271 1056.2935480300803 335.91516075201798 42.958497028797865 85.88578456104733 271.0988260981394 469.21141306764912
leaf_count=38 50 62 174 21 1253 299 1474 290 2542 783 118 178 656 1343
internal_value=-8.84514e-05 -0.0196774 0.0218304 0.0340879 0.0270354 0.0087899 0.0115812 -0.00993756 -0.0114538 0.0451355 0.0139571 -0.0120556 -0.0359795 -0.032301
internal_weight=3859.22 2038.1 1821.12 937.714 574.721 883.405 779.686 1277.04 1201.53 362.993 75.5122 103.719 761.058 489.959
internal_count=9281 5049 4232 2231 1427 2001 1773 3012 2832 804 180 228 2037 1381
is_linear=0
shrinkage=0.05


Tree=21
num_leaves=15
num_cat=0
split_feature=5 5 5 5 2 40 5 1 27 35 1 4 25 5
split_gain=597.029 155.069 37.7603 37.0816 31.4516 25.9162 23.2252 17.6538 19.5988 17.2664 13.8815 12.4376 6.85433 0.846486
threshold=1.0000000180025095e-35 -261.61499999999984 -131.10999999999999 109.11000000000014 -22.499999999999996 1.0000000180025095e-35 -384.3300000000001 43.500000000000007 0.68038633472944909 3.5000000000000004 151.50000000000003 1803.7250000000001 1.1909493350401468 -409.56499999999994
decision_type=2 2 2 2 2 2 2 2 2 2 2 2 2 2
left_child=1 6 5 7 -4 -3 13 8 -2 -8 -9 12 -5 -1
right_child=3 2 4 11 -6 -7 9 10 -10 -11 -12 -13 -14 -15
leaf_value=0.070417860814895858 -0.0053727087100786646 0.016527931376875037 -0.032767068043740293 -0.034957016226714037 0.0078877992295710107 0.042973300347330982 0.062540368382528633 -0.022822725139074202 0.053409746037229616 0.030812647157802266 0 0.010335777556201757 -0.024727660184195966 0.052735147627421625
leaf_weight=100.40056006691884 122.97777368465904 414.53601468284614 50.073666344978847 535.71456079359632 689.81808335497044 119.96266791643575 60.795450426172465 392.60876806126907 15.006902683875522 162.34318375051953 80.343296846025623 17.422140071168542 261.61912218027283 28.934358672122471
leaf_count=296 387 1210 141 1925 1945 235 74 1175 56 482 219 33 1029 74
internal_value=-0.000123747 0.0205689 0.0124249 -0.0237376 0.00508914 0.0225418 0.0498814 -0.0143736 0.00132265 0.0397198 -0.0189567 -0.0307267 -0.031642 0.0669353
internal_weight=3052.56 1626.86 1274.39 1425.69 739.892 534.499 352.474 610.937 137.985 223.139 472.952 814.756 797.334 129.335
internal_count=9281 4457 3531 4824 2086 1445 926 1837 443 556 1394 2987 2954 370
is_linear=0
shrinkage=0.05


Tree=22
num_leaves=15
num_cat=0
split_feature=5 5 8 0 18 18 14 10 21 8 4 5 20 17
split_gain=90.9758 66.8782 26.7661 30.1107 25.8733 23.8663 29.0116 21.9949 20.6645 18.2435 11.4895 2.41715 3.65124 2.28057
threshold=216.27500000000003 -384.3300000000001 1.4500000000000002 153.50000000000003 0.72557299358507887 0.76756752389778649 -0.44999999999999996 3.0500000000000003 0.072284522787768909 0.77500000000000013 1632.3700000000001 -409.56499999999994 -0.99103121901493296 -0.10555555555555554
decision_type=2 2 2 2 2 2 2 2 2 2 2 2 2 2
left_child=1 11 3 -3 8 6 -6 -4 -2 -7 -10 13 -13 -1
right_child=4 2 7 -5 5 9 -8 -9 10 -11 -12 12 -14 -15
leaf_value=-0.0074111212563890659 0.03467484092020074 0.0083030709670284496 -0.016303885829623398 -0.0074063277778711207 -0.014100011118612425 0.052698867054918053 0.096173105911976586 0.018565536529310974 -0.032607994224355341 -0.018055939167056185 0.0030244815841672496 -0.032640600595445358 0.0088848399320463328 -0.04312873049135816
leaf_weight=5.6156416216399512 11.972327401745131 2343.2998173594242 236.20937427680474 349.52985458751209 10.738654331769796 9.0928667839616519 11.641857207054271 54.873555923462845 302.21914984285831 92.874555883230641 23.996476630913094 16.475320513127375 6.8380057191243386 72.579457731568255
leaf_count=25 22 5851 684 788 25 28 15 149 1012 300 37 49 25 271
internal_value=0.000234063 0.00333735 0.00470152 0.00626014 -0.0204186 -0.000860159 0.0447078 -0.00967229 -0.0275716 -0.0112473 -0.0299704 -0.0363695 -0.0203907 -0.0407527
internal_weight=3547.96 3085.42 2983.91 2692.83 462.536 124.348 22.3805 291.083 338.188 101.967 326.216 101.508 23.3133 78.1951
internal_count=9281 7842 7472 6639 1439 368 40 833 1071 328 1049 370 74 296
is_linear=0
shrinkage=0.05


Tree=23
num_leaves=15
num_cat=0
split_feature=5 5 5 1 27 25 5 32 10 5 10 8 0 17
split_gain=600.386 118.853 108.332 27.8138 19.115 27.781 16.4882 35.1885 16.4262 15.8531 12.9845 11.5479 6.31775 10.2833
threshold=33.774999999999984 -154.02499999999995 158.62500000000014 54.500000000000007 0.092676457492222572 1.1936758424036931 -61.695000000000043 2.5000000000000004 1.5277777777777779 28.080000000000044 1.8166666666666669 -0.89999999999999991 143.50000000000003 -0.4142857142857142
decision_type=2 2 2 2 2 2 2 2 2 2 2 2 2 2
left_child=1 12 4 8 11 -6 7 -3 -4 -8 -5 -2 13 -1
right_child=2 6 3 10 5 -7 9 -9 -10 -11 -12 -13 -14 -15
leaf_value=0.0002111890076783799 0.010469884361536516 -0.02172815530163939 -0.024840302783620396 0.031422896629575453 0.019519127579240177 0.00083895158579618597 -0.0021834398768893004 0.01036720512574959 0.019489270304654395 -0.031015704427109603 0.045417826559560837 -0.024132204611179785 -0.041298621637396449 -0.032916802602229206
leaf_weight=24.357518390519544 36.311588568147272 468.65418230125215 25.08273868332617 553.71580007404555 423.21579271263909 376.22453387780115 630.90190669870935 103.51552122458816 104.21191156900022 50.654551544925198 252.79416606202722 67.31541853339877 264.65253946802113 457.36998833075631
leaf_count=56 79 1261 57 1353 916 891 1457 146 225 111 596 152 656 1325
internal_value=-0.000116618 -0.0190729 0.0204982 0.0324135 0.00812311 0.0107463 -0.00964992 -0.0159049 0.0107265 -0.00437593 0.0358665 -0.0119754 -0.0348602 -0.0312344
internal_weight=3838.98 2000.11 1838.87 935.805 903.067 799.44 1253.73 572.17 129.295 681.556 806.51 103.627 746.38 481.728
internal_count=9281 5012 4269 2231 2038 1807 2975 1407 282 1568 1949 231 2037 1381
is_linear=0
shrinkage=0.05


Tree=24
num_leaves=15
num_cat=0
split_feature=5 5 5 5 2 40 5 30 1 7 14 3 22 9
split_gain=544.741 138.317 35.6134 33.2528 29.6894 23.4668 20.6287 19.4095 21.0167 13.3516 12.3873 22.6508 4.84264 3.85636
threshold=1.0000000180025095e-35 -261.61499999999984 109.11000000000014 -131.10999999999999 -22.499999999999996 1.0000000180025095e-35 -384.3300000000001 1.5000000000000002 50.500000000000007 1.6333333333333335 0.90000000000000013 1898.8000000000002 0.68020710356264114 0.47222222222222227
decision_type=2 2 2 2 2 2 2 2 2 2 2 2 2 2
left_child=1 6 7 5 -5 -3 -1 8 -2 -8 12 -12 -4 -9
right_child=2 3 10 4 -6 -7 9 13 -10 -11 11 -13 -14 -15
leaf_value=0.062896563432887659 0.010797599473680877 0.015421584841627676 -0.016074255322834057 -0.032272015173453482 0.007501625880001115 0.040399826997589899 0.04167112342212307 -0.021343835872119139 -0.014552689544678915 0.0027686963807315164 -0.027883257153806199 0.027465701783350983 -0.033417542773062303 -0.037254035287000831
leaf_weight=130.56787261250429 108.27244427928235 418.96887527767103 47.054138280684128 49.303746022284031 692.88919195579365 121.9102377636591 201.07267780438997 102.82968482049182 323.35867103899363 25.235920675098896 63.885473185451701 24.864535164786503 656.79919406760018 70.286691080080345
leaf_count=370 394 1210 139 141 1945 235 503 168 1112 53 270 55 2523 163
internal_value=-0.000152426 0.0193866 -0.0230847 0.0117042 0.00481287 0.0211249 0.0468832 -0.0138956 -0.00817188 0.0373863 -0.0300633 -0.0121875 -0.0322896 -0.0280091
internal_weight=3037.3 1639.95 1397.35 1283.07 742.193 540.879 356.876 604.747 431.631 226.309 792.603 88.75 703.853 173.116
internal_count=9281 4457 4824 3531 2086 1445 926 1837 1506 556 2987 325 2662 331
is_linear=0
shrinkage=0.05


Tree=25
num_leaves=15
num_cat=0
split_feature=5 5 1 18 18 5 8 1 21 19 4 5 8 17
split_gain=82.1082 61.3731 26.2702 25.1234 22.3612 22.445 21.9943 19.8265 19.6002 17.0894 10.9922 2.36139 4.40677 2.27909
threshold=216.27500000000003 -384.3300000000001 151.50000000000003 0.72557299358507887 0.76756752389778649 323.78500000000025 1.3666666666666669 179.50000000000003 0.072284522787768909 1.8144428297067632 1632.3700000000001 -409.56499999999994 -1.2249999999999999 -0.10555555555555554
decision_type=2 2 2 2 2 2 2 2 2 2 2 2 2 2
left_child=1 11 6 8 5 -5 -3 -4 -2 -6 -10 13 -13 -1
right_child=3 2 7 4 9 -7 -8 -9 10 -11 -12 12 -14 -15
leaf_value=-0.0064625834529799357 0.033680360135561388 0.0078458196753369291 -0.020398110952933573 0.08954924765281054 0.022439936892580725 -0.0073619056700824931 -0.0054513823085128093 0.0054744539944760699 -0.031711997233435207 -0.023055537646849839 0.0031956277271057475 -0.032498464182160187 0.014255983720995152 -0.042269910465693603
leaf_weight=5.5201350101269773 12.06706244079396 2329.1799607123248 174.04765724705067 11.518030563136564 27.642781805247068 10.993314798455684 357.69303882413078 127.30995838507079 295.19992434815504 72.910132013843395 23.942961775348522 16.70118901971728 6.2064009933965272 70.062971971346997
leaf_count=25 22 5809 395 11 90 29 1005 263 1012 238 37 45 29 271
internal_value=0.00029029 0.00321438 0.00450068 -0.0195308 -0.000190297 0.0437102 0.00607238 -0.00946963 -0.0266798 -0.0104014 -0.0290757 -0.0354153 -0.0195556 -0.0398386
internal_weight=3541 3086.72 2988.23 454.274 123.064 22.5113 2686.87 301.358 331.21 100.553 319.143 98.4907 22.9076 75.5831
internal_count=9281 7842 7472 1439 368 40 6814 658 1071 328 1049 370 74 296
is_linear=0
shrinkage=0.05


Tree=26
num_leaves=15
num_cat=0
split_feature=5 5 5 2 10 1 11 21 18 33 3 30 5 31
split_gain=543.469 113.177 96.4108 35.7128 29.8128 23.2078 23.146 17.4117 16.4726 29.7219 17.7797 8.32796 5.43133 4.44699
threshold=36.165000000000084 -154.02499999999995 216.27500000000003 -36.499999999999993 1.8944444444444446 136.50000000000003 -0.3166666666666666 0.08872314313187972 0.59542759964615233 2.5000000000000004 1477.595 3.5000000000000004 -330.58999999999986 1.0000000180025095e-35
decision_type=2 2 2 2 2 2 2 2 2 2 2 2 2 2
left_child=1 11 3 4 -2 6 -4 -5 10 -10 -3 12 -1 -7
right_child=2 8 5 7 -6 13 -8 -9 9 -11 -12 -13 -14 -15
leaf_value=-0.042359486713478507 0.015595445746389944 -0.0035291232392807396 -0.028310997190077854 -0.030031109443605944 0.0455473077078202 0.051062768071346944 0.030733324605750453 0.0068397198097064254 -0.013523089698546223 0.03119136280321462 -0.016375842981585804 0.017622695108353497 -0.031698429854801181 0.02988511917672006
leaf_weight=173.98263836314436 347.83856486633886 455.98814649239648 16.681977005908266 32.42124924599193 109.49574321194086 211.57044398155995 312.40019019134343 752.19543742283713 81.895550962537527 66.327862604521215 663.39111254934687 7.1034093499183646 550.41422536573373 35.312984116841108
leaf_count=555 811 978 34 66 249 531 807 1667 305 116 1613 7 1475 67
internal_value=-0.000146697 -0.0181351 0.0196309 0.0117672 0.0228612 0.0365288 0.0276484 0.00527352 -0.00907982 0.00652742 -0.0111549 -0.0337861 -0.0343207 0.0481866
internal_weight=3817.02 1999.1 1817.92 1241.95 457.334 575.966 329.082 784.617 1267.6 148.223 1119.38 731.5 724.397 246.883
internal_count=9281 5049 4232 2793 1060 1439 841 1733 3012 421 2591 2037 2030 598
is_linear=0
shrinkage=0.05


Tree=27
num_leaves=15
num_cat=0
split_feature=5 5 5 20 40 29 30 1 5 28 14 3 21 9
split_gain=498.701 123.436 34.0569 31.304 27.017 22.7405 18.6159 19.7519 18.6151 12.4238 12.1921 21.4358 4.2351 3.77745
threshold=1.0000000180025095e-35 -261.61499999999984 109.11000000000014 -3.2222639787680785 1.0000000180025095e-35 -2.8197498203486071 1.5000000000000002 50.500000000000007 -409.56499999999994 0.73485748732553924 0.90000000000000013 1898.8000000000002 0.5815077279717914 0.47222222222222227
decision_type=2 2 2 2 2 2 2 2 2 2 2 2 2 2
left_child=1 8 6 5 -5 -3 7 -2 -1 -10 12 -12 -4 -8
right_child=2 3 10 4 -6 -7 13 -9 9 -11 11 -13 -14 -15
leaf_value=0.062516985880859563 0.010441214049973425 -0.025394725854783598 -0.028848171252416229 0.0054297752217168042 0.023672251483092016 0.056755863033176417 -0.020820665362979447 -0.01412053470562223 -0.015765784342036557 0.03895554721003789 -0.027221775144834117 0.026622640053633892 -0.037885541905149464 -0.036708057299745765
leaf_weight=101.68025581235997 108.77613488503266 9.2173895584419352 474.52498830284458 969.39646044163965 256.49264669348486 55.430610352545045 101.4549029818736 320.35265817202162 10.178747364203444 248.28782553155906 62.328293674392626 25.115237234625965 209.20854662900092 68.639985125511885
leaf_count=296 394 18 1898 2728 667 118 168 1112 23 607 270 55 764 163
internal_value=-0.000175249 0.0183279 -0.0224636 0.011082 0.00926691 0.0447584 -0.0134716 -0.00787317 0.0441764 0.0367288 -0.0294175 -0.0115741 -0.031672 -0.0274382
internal_weight=3021.08 1650.68 1370.4 1290.54 1225.89 64.648 599.224 429.129 360.147 258.467 771.177 87.4435 683.734 170.095
internal_count=9281 4457 4824 3531 3395 136 1837 1506 926 630 2987 325 2662 331
is_linear=0
shrinkage=0.05


Tree=28
num_leaves=15
num_cat=0
split_feature=5 5 1 18 3 18 26 27 21 7 36 19 4 2
split_gain=73.3972 56.5573 28.0473 24.2753 21.4977 21.0392 22.2188 20.5443 18.2515 18.0239 17.1452 16.1593 10.6121 6.16042
threshold=216.27500000000003 -285.17500000000001 151.50000000000003 0.72557299358507887 1369.1300000000003 0.76756752389778649 -0.7663847752884162 0.79284456847235041 0.072284522787768909 1.6333333333333335 5.5000000000000009 1.8144428297067632 1632.3700000000001 41.500000000000007
decision_type=2 2 2 2 2 2 2 2 2 2 2 2 2 2
left_child=1 4 7 8 13 6 -5 -3 -2 -4 -6 -7 -10 -1
right_child=3 2 9 5 10 11 -8 -9 12 -11 -12 -13 -14 -15
leaf_value=0.0081028942826773514 0.032155296670811871 0.005856609645856852 -0.0034719027098844197 -0.01165543821674437 -0.022399268723430329 0.022212847547592205 0.08499646008277989 0.029967633430715086 -0.03077752610358056 -0.034833857421704202 0.016064504038009648 -0.022110028682610878 0.0036166249044688654 -0.037672816280980181
leaf_weight=7.316519435029476 12.202644398785194 2464.7820953665068 239.91575345210731 10.104660337092357 61.769326142384671 27.707835632259957 12.491071832599117 90.839847448514774 287.58745809888933 55.856341150938533 52.749515850911848 71.462967976927757 23.822579150320962 114.8957617507549
leaf_count=28 22 6187 536 25 141 90 15 226 1012 116 218 238 37 390
internal_value=0.000345229 0.00308506 0.00503836 -0.0186051 -0.0203434 0.00038926 0.0429003 0.00672698 -0.0257467 -0.00950885 -0.00465316 -0.00957839 -0.0281272 -0.0348482
internal_weight=3533.5 3088.13 2851.39 445.379 236.731 121.767 22.5957 2555.62 323.613 295.772 114.519 99.1708 311.41 122.212
internal_count=9281 7842 7065 1439 777 368 40 6413 1071 652 359 328 1049 418
is_linear=0
shrinkage=0.05


Tree=29
num_leaves=15
num_cat=0
split_feature=5 5 5 1 27 25 22 26 23 22 40 24 30 5
split_gain=490.935 104.115 90.0149 23.9721 17.7454 25.8337 16.1984 15.9623 18.9097 13.2487 12.8956 11.084 7.97616 5.27626
threshold=33.774999999999984 -154.02499999999995 158.62500000000014 54.500000000000007 0.092676457492222572 1.1936758424036931 1.4692193928142274 -1.804648763702565 -1.3430022292371124 0.28197651591671286 1.0000000180025095e-35 1.0000000180025095e-35 3.5000000000000004 -330.58999999999986
decision_type=2 2 2 2 2 2 2 2 2 2 2 2 2 2
left_child=1 12 4 6 11 -6 -4 9 -9 -3 -5 -2 13 -1
right_child=2 7 3 10 5 -7 -8 8 -10 -11 -12 -13 -14 -15
leaf_value=-0.041329101364603507 -0.0019903099669591768 -0.037064420194858498 -0.028830685717488938 0.035886919152015043 0.018146974111663241 0.00015829135486490804 0.0173169759636536 -0.027250038207896038 -0.0078489247029667805 0.021990430330385627 0.019969637829796934 -0.038420441675827414 0.017510767575676423 -0.030687833564722173
leaf_weight=168.67453771026339 75.584365906310268 10.133547471603377 22.063804134028032 631.34401483391412 424.52194043830968 376.99023138813209 107.23158025543671 142.78181219648104 1027.3937238553772 64.243176262709312 166.97284063859843 28.087414398789406 7.1093784272670737 540.44085169688333
leaf_count=555 188 18 57 1695 916 891 225 290 2508 159 254 43 7 1475
internal_value=-0.000180678 -0.0175677 0.0184172 0.0293573 0.00718043 0.00970299 0.00924283 -0.00880957 -0.0102417 0.0134931 0.0325931 -0.0121807 -0.0327459 -0.0332807
internal_weight=3793.57 1960.78 1832.8 927.612 905.184 801.512 129.295 1244.55 1170.18 74.3767 798.317 103.672 716.225 709.115
internal_count=9281 5012 4269 2231 2038 1807 282 2975 2798 177 1949 231 2037 2030
is_linear=0
shrinkage=0.05


Tree=30
num_leaves=15
num_cat=0
split_feature=5 5 5 20 5 29 30 1 5 35 4 11 23 17
split_gain=455.919 109.411 32.689 28.491 26.05 20.601 17.869 18.6065 17.5241 11.9334 11.923 6.2292 3.86502 1.43338
threshold=1.0000000180025095e-35 -261.61499999999984 109.11000000000014 -3.2222639787680785 -131.10999999999999 -2.8197498203486071 1.5000000000000002 50.500000000000007 -409.56499999999994 3.5000000000000004 1803.7250000000001 2.5357142857142865 -1.5217383941101184 -0.10555555555555554
decision_type=2 2 2 2 2 2 2 2 2 2 2 2 2 2
left_child=1 8 6 5 -5 -3 7 -2 13 -10 11 -4 -8 -1
right_child=2 3 10 4 -6 -7 12 -9 9 -11 -12 -13 -14 -15
leaf_value=0.029224194119543606 0.010159806577773003 -0.024815456777073946 -0.030695338408527312 0.01727719968836311 0.0025476596605162024 0.053594465704107787 0.0050805041294852363 -0.01367561511554051 0.051426257485454874 0.02732338343653325 0.011729653452938877 -0.0066541385796878337 -0.028613321458173913 0.061269850666965969
leaf_weight=7.0963017316535106 109.17539136856794 9.1107760169543308 704.08705105009722 519.34562716539949 712.65357784705702 56.427039853530005 8.4342811182141286 317.27550657838583 74.801633052527905 186.43714540812653 17.068606193177402 29.230377353145741 158.58967870846391 94.384888141416013
leaf_count=25 394 18 2873 1381 2014 118 8 1112 87 543 33 81 323 271
internal_value=-0.000205732 0.0173125 -0.021849 0.0105042 0.00876989 0.04241 -0.0130312 -0.00755234 0.0415579 0.0344137 -0.0287896 -0.0297542 -0.026862 0.0593848
internal_weight=3004.12 1660.26 1343.86 1297.54 1232 65.5378 593.475 426.451 362.72 261.239 750.386 733.317 167.024 101.481
internal_count=9281 4457 4824 3531 3395 136 1837 1506 926 630 2987 2954 331 296
is_linear=0
shrinkage=0.05


Tree=31
num_leaves=15
num_cat=0
split_feature=2 0 28 29 23 18 18 18 16 27 20 13 23 24
split_gain=56.2501 41.4315 26.8463 25.6182 34.938 29.1418 22.0041 21.717 19.7668 25.4989 15.5583 13.4079 16.5203 1.4181
threshold=-37.499999999999993 153.50000000000003 0.88937792545539629 -2.0574062768620025 -0.074438105178634487 0.18796775412603231 0.61952328050713523 0.37746728806977425 3.8166666666666669 0.79284456847235041 -0.71831804393379417 0.77500000000000013 -0.58493143013986681 0.19509796427636183
decision_type=2 2 2 2 2 2 2 2 2 2 2 2 2 2
left_child=3 8 7 11 5 -5 -6 -3 9 -2 -4 13 -13 -1
right_child=1 2 10 4 6 -7 -8 -9 -10 -11 -12 12 -14 -15
leaf_value=-0.043394971731065178 0.0058935218153071504 0.014741539105716919 -0.02926046898624517 -0.012814640149381606 -0.020740553093037677 0.027787008643276018 0.00065912639546543276 -0.036816841253875514 -0.047686296930295059 0.033410684547816837 -0.0036696919082976932 0.041787948976696326 -0.038437866989010486 -0.014665497842361933
leaf_weight=83.640661389217712 2174.6985389693873 123.91253086272627 169.21671860257629 72.88581708620768 365.7504027846735 109.04122219723649 177.88008154509589 23.403742704773322 15.659255890990606 86.746220359695144 92.44662630779203 11.500530770979823 12.18240317259915 6.469929809216409
leaf_count=321 5556 281 468 176 1154 272 451 51 48 230 206 16 39 12
internal_value=0.000401112 0.00393332 -0.0106971 -0.0108879 -0.00739488 0.0115122 -0.0137409 0.00632388 0.00656676 0.00696556 -0.0202866 -0.0328578 0.000432205 -0.0415707
internal_weight=3525.43 2686.08 408.98 839.351 725.558 181.927 543.63 147.316 2277.1 2261.44 261.663 113.794 23.6829 90.1106
internal_count=9281 6840 1006 2441 2053 448 1605 332 5834 5786 674 388 55 333
is_linear=0
shrinkage=0.05


Tree=32
num_leaves=15
num_cat=0
split_feature=2 2 4 30 2 2 9 10 36 26 23 8 19 13
split_gain=391.146 97.193 38.0195 37.6532 31.398 23.2117 21.5883 20.2829 19.7508 19.0742 16.2214 24.6347 19.5455 6.55591
threshold=-30.499999999999996 10.500000000000002 1610.1150000000002 1.5000000000000002 83.500000000000014 -105.49999999999999 0.78888888888888908 1.8944444444444446 75.500000000000014 2.1515939549500827 0.18063806178329528 1.9000000000000001 0.55636483926947478 0.77500000000000013
decision_type=2 2 2 2 2 2 2 2 2 2 2 2 2 2
left_child=2 3 5 9 6 -1 -3 -7 -5 -2 12 -12 -4 -6
right_child=1 4 10 8 13 7 -8 -9 -10 -11 11 -13 -14 -15
leaf_value=0.046190805621769297 -0.0047034858893022667 -0.017011709650779368 0.04440178287198935 0.018235017581048858 -0.0021931251994806735 0.019817348937566655 0.041994181787703852 0.037782095553150728 -0.011188353789356226 -0.039852796511386755 0.024200565896907698 -0.02404059794831687 -0.036076890148453576 -0.037084794921995255
leaf_weight=145.35339505749289 773.06977104686666 1130.5154373999685 8.2913879058323783 302.24194493889809 14.670108611229805 626.82923596142791 14.746266576112246 213.21827849524561 69.307245888747275 39.717849807697348 101.40844553452916 34.701447792816907 40.219436911400408 254.89525867474731
leaf_count=395 2082 2935 13 392 45 1517 46 524 98 92 240 56 80 766
internal_value=-0.000209869 -0.0110176 0.0237837 -0.000443373 -0.019859 0.0276822 -0.0162116 0.0244226 0.0127178 -0.0064741 0.00291208 0.0117793 -0.0216016 -0.0352195
internal_weight=3769.19 2599.16 1170.02 1184.34 1414.83 985.401 1145.26 840.048 371.549 812.788 184.621 136.11 48.5108 269.565
internal_count=9281 6456 2825 2664 3792 2436 2981 2041 490 2174 389 296 93 811
is_linear=0
shrinkage=0.05


Tree=33
num_leaves=15
num_cat=0
split_feature=2 11 17 2 2 30 0 33 14 28 3 34 25 17
split_gain=364.875 75.7616 44.8261 35.3475 26.386 30.3893 24.4087 22.513 16.1805 16.0019 14.8542 14.7505 14.0821 10.6567
threshold=2.5000000000000004 -0.94999999999999984 -0.89444444444444426 -26.499999999999996 45.500000000000007 1.5000000000000002 39.500000000000007 2.5000000000000004 0.90000000000000013 2.5421308866550905 1185.8750000000002 0.37980769230769235 1.1495725610259064 1.0000000180025095e-35
decision_type=2 2 2 2 2 2 2 2 2 2 2 2 2 2
left_child=3 2 10 8 6 -6 -3 9 -1 -5 -2 -10 -4 -9
right_child=1 4 12 7 5 -7 -8 13 11 -11 -12 -13 -14 -15
leaf_value=-0.028734252722737132 0.03381587107201417 0.017388797253401984 0.029149288811833426 -0.0040334472497519291 0.022626708459479505 -0.022974158573989073 -0.0032951024408765768 -0.032542588304879778 0.022489956345759246 0.045050041676089149 -0.0052558132236014349 -0.020544282349640831 0.049792673337916343 -0.012301533556550082
leaf_weight=682.39445294003235 32.905580022139475 200.83293318469077 147.71129176369868 328.80806961853523 399.07870699360501 39.298368709161878 484.74027411546558 112.67750044167042 29.577212665579282 16.479385608923621 84.895078179775737 55.980052126571536 212.16990571247879 159.717039442854
leaf_count=2716 50 490 400 1327 1082 66 1400 198 100 71 173 231 651 326
internal_value=-0.000220552 0.0160267 0.0326923 -0.0190021 0.00891658 0.0184844 0.00277329 -0.0100605 -0.0261652 -0.00155309 0.00580888 -0.00552159 0.0414378 -0.0207811
internal_weight=2987.27 1601.63 477.682 1385.63 1123.95 438.377 685.573 617.682 767.952 345.287 117.801 85.5573 359.881 272.395
internal_count=9281 4312 1274 4969 3038 1148 1890 1922 3047 1398 223 331 1051 524
is_linear=0
shrinkage=0.05


Tree=34
num_leaves=15
num_cat=0
split_feature=5 5 18 8 20 10 18 26 8 22 7 4 5 8
split_gain=61.082 49.7429 23.1589 22.9905 24.3772 20.5435 20.009 18.9345 16.5298 14.8452 19.8802 11.0195 2.3395 4.21854
threshold=216.27500000000003 -384.3300000000001 0.72557299358507887 1.4500000000000002 -4.3629804624743409 3.0500000000000003 0.76756752389778649 -0.30749634801458203 0.77500000000000013 1.3646450595813893 1.9000000000000001 1632.3700000000001 -409.56499999999994 -1.2249999999999999
decision_type=2 2 2 2 2 2 2 2 2 2 2 2 2 2
left_child=1 12 9 4 -3 -5 7 -4 -8 10 -2 -11 -1 -14
right_child=2 3 6 5 -6 -7 8 -9 -10 11 -12 -13 13 -15
leaf_value=-0.037891444918296505 -0.018789548790180799 -0.040641765959295251 -0.0053428369426140902 -0.015807944301190906 0.0059469731836001433 0.017870076383691359 0.052166233677255293 0.084019817962696752 -0.015235464278839195 -0.039028834411469988 0.039572026025683868 -0.0011425753461574747 -0.030618938868777302 0.015662849299166653
leaf_weight=69.33129378571175 124.31141647358891 27.363220693310723 10.640861908672379 234.28622008441016 2679.7365248898277 55.064538904000074 9.1286353832110745 11.807494637323542 87.962626503547654 149.36521582386922 15.523877933504989 22.384709626669064 15.703985128784554 6.0953912565018973
leaf_count=296 450 80 30 684 6559 149 28 10 300 548 40 33 45 29
internal_value=0.000448236 0.00291291 -0.0171573 0.00402576 0.00545938 -0.0093422 0.00150883 0.043026 -0.0083801 -0.0243164 -0.01204 -0.0341551 -0.033271 -0.0173393
internal_weight=3518.71 3087.58 431.125 2996.45 2707.1 289.351 119.54 22.4484 97.0913 311.585 139.835 171.75 91.1307 21.7994
internal_count=9281 7842 1439 7472 6639 833 368 40 328 1071 490 581 370 74
is_linear=0
shrinkage=0.05


Tree=35
num_leaves=15
num_cat=0
split_feature=34 4 23 3 1 10 3 29 9 9 11 3 24 33
split_gain=173.303 96.3079 88.586 83.6397 75.9628 38.569 29.8999 29.7286 20.9812 20.2362 18.2746 18.1917 17.7761 18.6555
threshold=0.5277777777777779 1481.1800000000001 0.069668620162819425 1625.9650000000004 16.500000000000004 1.9500000000000002 1340.2500000000002 -2.0574062768620025 0.13392857142857142 0.73214285714285732 -1.3666666666666665 1456.8800000000003 0.54007877083749445 1.5000000000000002
decision_type=2 2 2 2 2 2 2 2 2 2 2 2 2 2
left_child=1 2 6 10 -5 7 -1 8 -2 -9 -3 -4 -7 -14
right_child=5 3 11 4 -6 12 -8 9 -10 -11 -12 -13 13 -15
leaf_value=-0.015947379967065283 -0.015868614953346852 -0.037314655361318567 0.010068724650992438 -0.022372682487082841 0.007696267584702092 0.043324386417809842 0.0065220225813600406 0.0097673365441544157 0.047392747293602433 -0.03608104610453234 -0.019373937149222885 0.044662124943281839 -0.019933138318522444 0.032132907487314975
leaf_weight=228.83343940740451 14.913794448133556 173.1627303872956 51.739812975632958 307.50587878818624 656.92513637116645 183.43715010548476 414.91271134093404 543.04298323066905 82.369870094582438 24.171741284895688 837.47614187875297 154.58054521167651 25.625865736976266 47.775731933303177
leaf_count=439 18 632 89 627 1660 404 994 1072 223 26 2470 497 48 82
internal_value=-0.000243788 -0.00638682 0.007675 -0.0124423 -0.00189919 0.0185739 -0.0014698 0.0121702 0.037581 0.00774466 -0.0224867 0.0361015 0.035011 0.0138649
internal_weight=3746.47 2825.14 850.067 1975.07 964.431 921.337 643.746 664.498 97.2837 567.215 1010.64 206.32 256.839 73.4016
internal_count=9281 7408 2019 5389 2287 1873 1433 1339 241 1098 3102 586 534 130
is_linear=0
shrinkage=0.05


Tree=36
num_leaves=15
num_cat=0
split_feature=5 5 5 40 20 30 1 5 5 4 1 25 9 29
split_gain=389.815 92.5828 30.5484 25.2637 21.8528 16.4756 16.9239 15.7488 15.387 11.3401 11.0735 7.18184 3.86694 0.834132
threshold=1.0000000180025095e-35 -261.61499999999984 109.11000000000014 1.0000000180025095e-35 -3.2222639787680785 1.5000000000000002 50.500000000000007 -409.56499999999994 -133.77500000000006 1803.7250000000001 26.500000000000004 1.1909493350401468 0.47222222222222227 -0.30204292937386684
decision_type=2 2 2 2 2 2 2 2 2 2 2 2 2 2
left_child=1 7 5 4 -3 6 -2 13 -5 11 -9 -4 -7 -1
right_child=2 3 9 8 -6 12 -8 10 -10 -11 -12 -13 -14 -15
leaf_value=0.031424317356279964 0.0098074563523195251 0.040208927572337176 -0.032360780902416647 0.03600415838367331 0.0042451162459107702 -0.019016239842662264 -0.012936793983072277 0.01835183261151857 0.012369752188127851 0.011794813608540945 0.039660659667054163 -0.021305235117648296 -0.035435287712162582 0.056832314629264302
leaf_weight=8.6252392178866994 109.64631469978485 43.214231021469459 464.79566858970793 122.35058230115101 981.41246653581038 96.725046332925558 312.01209200243466 105.07243438146543 161.84022732928861 17.035148425027728 159.12644143076614 233.49970278015826 64.638025337597355 91.501978578045964
leaf_count=21 394 93 1925 230 2728 168 1112 285 480 33 345 1029 163 275
internal_value=-0.000240451 0.0157069 -0.0207914 0.00948124 0.00580451 -0.0122487 -0.00700143 0.0379713 0.022653 -0.0277203 0.0313061 -0.0287069 -0.0258018 0.0550254
internal_weight=2971.5 1673.14 1298.35 1308.82 1024.63 583.021 421.658 364.326 284.191 715.331 264.199 698.295 161.363 100.127
internal_count=9281 4457 4824 3531 2821 1837 1506 926 710 2987 630 2954 331 296
is_linear=0
shrinkage=0.05


Tree=37
num_leaves=15
num_cat=0
split_feature=5 5 1 28 28 8 8 1 1 31 0 5 8 31
split_gain=55.7603 45.9676 22.2705 20.7826 29.4374 20.0365 19.2446 17.5725 15.7018 8.04821 5.2449 2.33507 4.03608 0.645551
threshold=222.94500000000008 -384.3300000000001 151.50000000000003 0.77794854085755982 0.91755606007458224 1.5500000000000003 1.4500000000000002 179.50000000000003 75.500000000000014 1.5000000000000002 165.50000000000003 -409.56499999999994 -1.2249999999999999 1.0000000180025095e-35
decision_type=2 2 2 2 2 2 2 2 2 2 2 2 2 2
left_child=1 11 6 9 8 -6 -3 -4 -5 10 -2 13 -13 -1
right_child=3 2 7 4 5 -7 -8 -9 -10 -11 -12 12 -14 -15
leaf_value=-0.039298247038437442 -0.034545248477754323 0.0066647966752865955 -0.01939039399428311 -0.03779389512810561 -0.02961763644038792 0.0053638543323072645 -0.007354052755389408 0.0049087608168048302 0.036910413655912737 0.0045128126951871897 0.0059849295841514077 -0.029845152940241895 0.015549528320743737 -0.018526109662881762
leaf_weight=59.205486262799241 158.90399471425917 2442.3521991583984 173.20238513720687 7.3989379452541462 108.67316647327971 64.536732947221026 270.90939766343217 128.82759691064712 45.137227563420311 15.522304586134849 7.8958130180835715 15.290468350518497 6.1032853878568849 7.9033683934248975
leaf_count=281 643 6069 405 26 393 163 800 270 111 23 8 45 29 15
internal_value=0.000489703 0.00277719 0.00382564 -0.0168611 -0.00664274 -0.0165991 0.00526103 -0.00902736 0.0257866 -0.0293806 -0.0325726 -0.0325315 -0.0165555 -0.0372333
internal_weight=3511.86 3103.79 3015.29 408.068 225.746 173.21 2713.26 302.03 52.5362 182.322 166.8 88.5026 21.3938 67.1089
internal_count=9281 7914 7544 1367 693 556 6869 675 137 674 651 370 74 296
is_linear=0
shrinkage=0.05


Tree=38
num_leaves=15
num_cat=0
split_feature=5 5 5 1 23 27 16 3 26 23 13 13 30 0
split_gain=375.031 90.616 70.9959 21.3695 21.7747 16.6336 23.899 14.5239 14.379 17.1909 12.4253 11.0387 7.78936 5.25363
threshold=33.774999999999984 -154.02499999999995 158.62500000000014 137.50000000000003 -0.074438105178634487 0.092676457492222572 0.78888888888888908 1340.2500000000002 -1.804648763702565 -1.3430022292371124 0.77500000000000013 0.36666666666666675 3.5000000000000004 143.50000000000003
decision_type=2 2 2 2 2 2 2 2 2 2 2 2 2 2
left_child=1 12 5 4 -4 11 -7 -5 10 -10 -3 -2 13 -1
right_child=2 8 3 7 -6 6 -8 -9 9 -11 -12 -13 -14 -15
leaf_value=-0.02748547319852411 0.022008759933067321 0.032403717709625593 -0.0044139889137339442 0.00021193159169370982 0.023731074601537269 0.031284856728239954 0.0052224957255543663 0.038612378031285088 -0.025420055469290593 -0.0067248641296852752 -0.0081562444177690884 -0.020150732238750021 0.019595168940585411 -0.037161652013092704
leaf_weight=435.24707998463418 17.936348220566288 39.512946122675203 79.393603848526254 26.967124655842781 484.0622164135566 99.831418839748949 702.60184849402867 319.72646613093093 139.49658553674817 1016.6779178576544 34.466730881598778 85.797718477784656 6.9575404673814765 236.53579488501418
leaf_count=1374 51 101 174 21 1253 225 1582 783 290 2508 76 180 7 656
internal_value=-0.000268509 -0.0157409 0.0159895 0.0258477 0.0197556 0.00606479 0.00850606 0.035649 -0.00763242 -0.00900484 0.0135836 -0.0126728 -0.0303965 -0.0309501
internal_weight=3725.21 1908.89 1816.32 910.149 563.456 906.167 802.433 346.694 1230.15 1156.17 73.9797 103.734 678.74 671.783
internal_count=9281 5012 4269 2231 1427 2038 1807 804 2975 2798 177 231 2037 2030
is_linear=0
shrinkage=0.05


Tree=39
num_leaves=15
num_cat=0
split_feature=5 5 5 40 2 22 30 1 0 35 14 3 22 23
split_gain=357.465 84.4253 29.2699 27.9811 20.7169 20.1568 15.8222 15.9237 15.6711 13.4147 11.8687 20.6706 5.2249 3.7022
threshold=1.0000000180025095e-35 -285.17500000000001 109.11000000000014 1.0000000180025095e-35 37.500000000000007 2.2094968574058522 1.5000000000000002 50.500000000000007 151.50000000000003 3.5000000000000004 0.90000000000000013 1898.8000000000002 0.68020710356264114 -1.5217383941101184
decision_type=2 2 2 2 2 2 2 2 2 2 2 2 2 2
left_child=1 8 6 5 -5 -3 7 -2 9 -1 12 -12 -4 -8
right_child=2 3 10 4 -6 -7 13 -9 -10 -11 11 -13 -14 -15
leaf_value=0.047926503432139639 0.0095270895585522694 0.0077040722115694297 -0.01197626100955229 0.010953581152217753 0.037314574090654765 -0.021661530109436767 0.0061338465885787691 -0.012530680142741051 0.053791416264003772 0.018398486920305723 -0.025312276824122282 0.028598564116670767 -0.03078646163195849 -0.027067127647170938
leaf_weight=62.027906940551475 110.04532750183716 1029.4606238148408 42.245174092706293 162.62435035035014 139.66444050183054 60.918289980618283 8.2808409333229047 309.23684550571488 116.96461425768211 106.93094930879306 57.852304090745747 24.47158832103014 571.81683251948562 150.28706346312538
leaf_count=75 394 2810 139 498 230 142 8 1112 282 420 270 55 2523 323
internal_value=-0.000261055 0.0148909 -0.0202211 0.00978971 0.0232323 0.00604052 -0.0118554 -0.00672058 0.0395993 0.0294864 -0.0271287 -0.00907585 -0.0295221 -0.0252744
internal_weight=2952.83 1678.59 1274.24 1392.67 302.289 1090.38 577.85 419.282 285.923 168.959 696.386 82.3239 614.062 158.568
internal_count=9281 4457 4824 3680 728 2952 1837 1506 777 495 2987 325 2662 331
is_linear=0
shrinkage=0.05


Tree=40
num_leaves=15
num_cat=0
split_feature=5 5 36 8 1 23 8 31 9 14 25 26 11 0
split_gain=50.193 42.1921 20.9712 18.6963 13.6378 27.1362 25.6591 7.97142 10.1446 6.25578 5.1993 2.41498 9.00892 0.501094
threshold=222.94500000000008 -384.3300000000001 562.50000000000011 1.4500000000000002 136.50000000000003 -0.5263903182981654 1.5500000000000003 1.0000000180025095e-35 0.58571428571428574 1.0000000180025095e-35 0.5939498453998423 0.47410667613774743 -0.70714285714285696 85.500000000000014
decision_type=2 2 2 2 2 2 2 2 2 2 2 2 2 2
left_child=1 11 3 -3 5 -2 -7 9 -9 -6 -4 12 -1 -13
right_child=4 2 10 -5 7 6 -8 8 -10 -11 -12 13 -14 -15
leaf_value=-0.030794950351729869 0.067488823229438263 0.0054785999646781627 0 -0.0080376980900196144 -0.035089381879406793 -0.024508250833231313 0.010193670718343784 -0.022900397080315299 0.042970692756418939 0.0042115823451025257 -0.039475507008087878 -0.014098611820674163 0.041919022747461107 -0.038914892546515728
leaf_weight=21.925441325642172 10.218582806759512 2691.3287621173076 10.776738167274742 281.5497521541547 125.8565641886089 148.06066179659683 81.943075561895967 16.436504333629276 7.788816691376268 10.540423403843304 33.628922704607248 4.3356993515044442 4.2687617873307309 55.036038732505403
leaf_count=111 24 6545 49 833 477 553 214 48 15 36 117 20 14 225
internal_value=0.000537673 0.0026916 0.00367935 0.00419457 -0.0160882 -0.00845939 -0.0121328 -0.0273437 -0.000659707 -0.0320074 -0.0300365 -0.0317214 -0.0176555 -0.037449
internal_weight=3503.69 3102.85 3017.28 2972.88 400.845 240.222 230.004 160.622 24.2253 136.397 44.4057 85.5659 26.1942 59.3717
internal_count=9281 7914 7544 7378 1367 791 767 576 63 513 166 370 125 245
is_linear=0
shrinkage=0.05


Tree=41
num_leaves=15
num_cat=0
split_feature=5 5 5 40 25 23 20 1 11 36 5 13 1 31
split_gain=339.656 113.36 39.6278 26.0041 24.7291 24.6038 20.3843 19.9794 19.9773 15.889 14.4846 7.03532 10.0592 4.55784
threshold=88.230000000000032 -154.02499999999995 216.27500000000003 1.0000000180025095e-35 1.0000000180025095e-35 0.08003275324599142 0.091897277440874905 136.50000000000003 -0.3166666666666666 328.50000000000006 -102.53999999999995 0.77500000000000013 35.500000000000007 1.0000000180025095e-35
decision_type=2 2 2 2 2 2 2 2 2 2 2 2 2 2
left_child=1 11 5 4 -3 6 -2 8 -4 -7 -5 12 -1 -9
right_child=2 3 7 10 -6 9 -8 13 -10 -11 -12 -13 -14 -15
leaf_value=0.029933326383332938 0.0073616320248087938 0.057787750461982562 -0.030698653981604734 -0.039222572633503039 -0.0024935033304275081 0.016567316548729276 -0.024798475191224176 0.043714591280031329 0.024228812877356589 0.053932419299620032 -0.01230478141158581 -0.031142869165409461 -0.022260516018479958 0.02234883935000392
leaf_weight=10.404301108559592 250.24958986439742 16.242654053261504 16.599128145957366 59.817875340697356 1255.5215208092704 512.67841598344967 60.277864715782925 198.0984258785611 301.96350314945448 29.550430284114555 300.22913064458407 606.21126302017365 47.755509244510904 33.591629666741937
leaf_count=23 563 41 34 154 2946 1154 137 531 807 54 756 1899 115 67
internal_value=-0.000299516 -0.0121423 0.0190737 -0.00504266 -0.00167488 0.0122903 0.00104328 0.0295359 0.021264 0.0187084 -0.016887 -0.0295388 -0.0124908 0.0407477
internal_weight=3699.19 2296.18 1403.01 1631.81 1271.76 852.756 310.527 550.253 318.563 542.229 360.047 664.371 58.1598 231.69
internal_count=9281 5934 3347 3897 2987 1908 700 1439 841 1208 910 2037 138 598
is_linear=0
shrinkage=0.05


Tree=42
num_leaves=15
num_cat=0
split_feature=5 5 5 27 2 14 5 1 27 1 4 16 18 27
split_gain=328.21 77.1335 27.8699 22.3263 22.4093 14.8361 14.1479 13.5145 16.9397 13.4353 12.3663 12.3563 11.1431 3.54169
threshold=1.0000000180025095e-35 -261.61499999999984 143.12500000000003 0.074482887763892572 -12.499999999999998 0.77500000000000013 -409.56499999999994 43.500000000000007 0.68038633472944909 158.50000000000003 1763.4400000000003 0.43650793650793651 0.19676012194994838 0.57733216143219057
decision_type=2 2 2 2 2 2 2 2 2 2 2 2 2 2
left_child=1 6 7 11 -5 13 -1 8 -2 -9 -7 -3 -8 -4
right_child=2 3 5 4 -6 10 12 9 -10 -11 -12 -13 -14 -15
leaf_value=0.05093935437158234 -0.0060133285290269439 -0.0011215902444927986 -0.032132525204500766 -0.016754784231595991 0.0091769417092454585 -0.014220868688855881 0.020491239332924349 -0.020063237916947779 0.045048270316003253 0.0018578327889740239 0.050370874597083143 0.063754750426924786 0.042227903411396622 -0.0046300787017731016
leaf_weight=97.424159739166498 141.01341325917747 9.7485483734635618 460.20354218839202 88.51761404145509 1194.764440934523 68.208607417996973 172.48334783525206 462.64383494498907 17.339539536391385 81.633119410835207 7.2927359379827967 26.586477032396942 93.662158639752306 12.824101469246669
leaf_count=296 474 40 2075 272 3138 289 383 1576 72 255 14 81 247 69
internal_value=-0.000282883 0.0141292 -0.0196713 0.00849249 0.00737269 -0.0281243 0.0344953 -0.0130345 -0.000143134 -0.0167689 -0.00733966 0.0466509 0.028289 -0.0314088
internal_weight=2934.35 1683.19 1251.16 1319.62 1283.28 548.529 363.57 702.63 158.353 544.277 75.5013 36.335 266.146 473.028
internal_count=9281 4457 4824 3531 3410 2447 926 2377 546 1831 303 121 630 2144
is_linear=0
shrinkage=0.05


Tree=43
num_leaves=15
num_cat=0
split_feature=5 5 1 0 22 18 18 33 22 22 4 2 5 22
split_gain=44.7479 38.5725 22.5444 17.0878 16.7176 16.2676 22.1561 17.7281 12.0594 14.9968 10.9379 5.87765 2.34624 4.14015
threshold=230.75500000000002 -384.3300000000001 151.50000000000003 185.50000000000003 0.9955599252091375 0.72557299358507887 0.76756752389778649 7.5000000000000009 1.3646450595813893 1.3015006943302543 1632.3700000000001 -83.499999999999986 -409.56499999999994 0.64167747678598419
decision_type=2 2 2 2 2 2 2 2 2 2 2 2 2 2
left_child=1 12 3 -3 -4 8 11 -8 9 -2 -10 -7 -1 -14
right_child=5 2 4 -5 -6 6 7 -9 10 -11 -12 -13 13 -15
leaf_value=-0.035862640943063975 -0.016984179957559069 0.0054787954733714764 0.0023784304825257788 -0.021349158832708302 -0.020905461810244535 0.013083058961780912 -0.020236705076781259 0.045889695024893679 -0.037499222167006879 0.036984862499405607 0.0016398220537195943 0.066471719839774304 0.005073198367991992 -0.03818233530686542
leaf_weight=62.263488727505319 101.82011188135948 2679.9135238492163 151.65086384455208 59.661786955082789 154.69922543468419 9.9563007289543766 72.434759151889011 10.762578487396238 126.20985435578041 13.715363831142893 20.386807846836746 12.066148566082118 11.38836517930031 9.1122280441923049
leaf_count=296 381 6811 329 113 363 24 291 9 497 51 26 16 39 35
internal_value=0.000582622 0.00252394 0.00344485 0.00488514 -0.00939285 -0.0158997 0.000664423 -0.0111796 -0.0225448 -0.0102721 -0.0320482 0.0441687 -0.0309447 -0.0148024
internal_weight=3496.04 3128.69 3045.93 2739.58 306.35 367.352 105.22 83.1973 262.132 115.535 146.597 22.0224 82.7641 20.5006
internal_count=9281 7986 7616 6924 692 1295 340 300 955 432 523 40 370 74
is_linear=0
shrinkage=0.05


Tree=44
num_leaves=15
num_cat=0
split_feature=5 5 5 32 2 10 1 23 2 19 1 3 13 1
split_gain=310.823 106.536 33.5119 29.5 19.3178 20.3531 19.1223 19.2267 18.4692 18.0232 16.379 13.1786 8.91258 8.49688
threshold=-61.695000000000043 158.62500000000014 -166.0749999999999 2.5000000000000004 -32.499999999999993 2.0500000000000003 137.50000000000003 -0.074438105178634487 28.500000000000004 0.20461095775234825 82.500000000000014 1340.2500000000002 0.77500000000000013 35.500000000000007
decision_type=2 2 2 2 2 2 2 2 2 2 2 2 2 2
left_child=2 4 12 10 5 -2 7 -3 -5 -6 -4 -8 13 -1
right_child=1 6 3 8 9 -7 11 -9 -10 -11 -12 -13 -14 -15
leaf_value=0.029104803942452573 0.0080375341105887628 -0.004912711906015485 -0.02548252020083365 -0.0046590622075690672 -0.031028517596353083 0.046365297590556735 -0.00037668172660870595 0.021584662522711101 0.037459886343027105 0.00026824529976763077 -0.0066355777771772706 0.035900933050855614 -0.031360585096097141 -0.01962229599043299
leaf_weight=10.46822096290998 306.22223042440601 79.130879087140784 294.51334334223066 72.56510471412912 46.844924538512714 38.279265069635585 26.903804823756218 478.54061392752919 39.281656659208238 1187.1499439590843 191.87558047962375 310.41599278931972 552.12649700755719 39.60576584294904
leaf_count=23 691 174 888 100 83 104 21 1253 67 2728 501 783 1764 101
internal_value=-0.000327107 0.00980257 -0.0211942 -0.0127647 0.00198143 0.0124327 0.0235735 0.0178138 0.0102901 -0.000939956 -0.0180867 0.0330002 -0.0295248 -0.00896734
internal_weight=3673.92 2473.49 1200.44 598.236 1578.5 344.501 894.991 557.671 111.847 1233.99 486.389 337.32 602.2 50.074
internal_count=9281 5837 3444 1556 3606 795 2231 1427 167 2811 1389 804 1888 124
is_linear=0
shrinkage=0.05


Tree=45
num_leaves=15
num_cat=0
split_feature=2 11 4 2 4 33 28 33 4 28 28 17 2 21
split_gain=261.421 57.5953 40.973 29.6206 31.6383 21.5265 29.958 21.0137 19.1122 18.9506 13.6684 10.3162 7.48055 6.76536
threshold=2.5000000000000004 -0.94999999999999984 1570.3550000000002 -26.499999999999996 1763.4400000000003 1.0000000180025095e-35 1.1927686068047627 2.5000000000000004 1522.1650000000002 0.69515652104554537 2.5421308866550905 1.0000000180025095e-35 40.500000000000007 0.57031241784525244
decision_type=2 2 2 2 2 2 2 2 2 2 2 2 2 2
left_child=3 2 9 4 13 6 -3 10 -7 -2 -5 -9 -4 -1
right_child=1 5 12 7 -6 8 -8 11 -10 -11 -12 -13 -14 -15
leaf_value=-0.022169171084362841 -0.0068127110433775992 -0.0049993271414633181 0.070017332717227751 -0.0029168694867057806 0.046706211040736467 -0.018595754111041904 0.033023006118326974 -0.031354684475658534 0.0058512753757541001 0.022770186374381638 0.041943217251875005 -0.011009630870166476 0.040281610107396872 -0.033269955420988949
leaf_weight=480.05714100674959 73.189852269599214 76.660803094971925 26.517493476276286 320.94872432679404 14.558082991396075 87.56453228823375 155.95137588272337 106.65065534692258 816.5939439953072 200.39213707891759 16.922507817158476 154.91214174148627 179.35796581348404 205.77346223342465
leaf_count=2079 152 290 69 1327 32 239 743 198 1766 484 71 326 569 936
internal_value=-0.000306013 0.0131144 0.0276343 -0.0169943 -0.0239772 0.00696696 0.020503 -0.0088007 0.00346022 0.0148418 -0.000538124 -0.0194121 0.0444558 -0.0255507
internal_weight=2916.05 1616.23 479.457 1299.82 700.389 1136.77 232.612 599.434 904.158 273.582 337.871 261.563 205.875 685.831
internal_count=9281 4312 1274 4969 3047 3038 1033 1922 2005 636 1398 524 638 3015
is_linear=0
shrinkage=0.05


Tree=46
num_leaves=15
num_cat=0
split_feature=5 5 1 8 4 18 18 8 22 7 3 2 8 29
split_gain=40.2721 35.3718 20.4103 17.4496 16.4233 15.7231 20.7875 18.539 11.7844 20.1745 10.7751 7.00168 2.37028 2.05206
threshold=230.75500000000002 -384.3300000000001 151.50000000000003 -3.3666666666666658 1364.9600000000003 0.72557299358507887 0.76756752389778649 0.77500000000000013 1.3646450595813893 1.9000000000000001 1941.6350000000002 -79.499999999999986 -0.22499999999999998 -0.59405562013413393
decision_type=2 2 2 2 2 2 2 2 2 2 2 2 2 2
left_child=1 12 3 -3 -4 8 11 -8 9 -2 -10 -7 13 -1
right_child=5 2 4 -5 -6 6 7 -9 10 -11 -12 -13 -14 -15
leaf_value=-0.0014005484280773415 -0.017688252058258219 -0.029149489171847554 -0.0015998679515462342 0.0051561070697298582 -0.027354190921511864 0.010940827122270512 0.065790636789928275 -0.017649878296711115 -0.037090336084160902 0.044132698495625983 0.0012061419561256049 0.068158724998132539 -0.0042473736016414377 -0.035475601069854742
leaf_weight=5.1480602528899899 99.825069237616844 36.560559193138033 218.36757715290878 2706.5985747370869 85.730286888545379 10.409289301605897 6.289928975980728 75.748232488986105 121.15564623661339 14.183103674789889 21.24924623221159 11.729223741451277 8.6741737211123091 66.149850276648067
leaf_count=16 396 126 450 6798 242 26 25 275 496 36 27 14 38 316
internal_value=0.000627909 0.00245523 0.00332236 0.00468661 -0.00894269 -0.0151687 0.0011642 -0.010477 -0.0218027 -0.00963712 -0.0313724 0.0431071 -0.0301571 -0.0331378
internal_weight=3487.82 3127.23 3047.26 2743.16 304.098 360.59 104.177 82.0382 256.413 114.008 142.405 22.1385 79.9721 71.2979
internal_count=9281 7986 7616 6924 692 1295 340 300 955 432 523 40 370 332
is_linear=0
shrinkage=0.05


Tree=47
num_leaves=15
num_cat=0
split_feature=5 5 5 32 5 1 2 22 10 1 22 27 13 1
split_gain=283.539 96.3246 32.1138 27.8785 18.1718 17.9784 17.5828 19.9929 19.0237 15.5307 14.5211 12.3671 8.66723 7.98894
threshold=-61.695000000000043 158.62500000000014 -166.0749999999999 2.5000000000000004 -89.720000000000013 54.500000000000007 -32.499999999999993 0.4622729155768282 2.0500000000000003 82.500000000000014 1.4692193928142274 0.33968044360172772 0.77500000000000013 35.500000000000007
decision_type=2 2 2 2 2 2 2 2 2 2 2 2 2 2
left_child=2 6 12 9 -5 10 8 -8 -2 -4 -3 -7 13 -1
right_child=1 5 3 4 -6 11 7 -9 -10 -11 -12 -13 -14 -15
leaf_value=0.028357229535269868 0.0076134573284856073 -0.030767433755162138 -0.024691655560299734 -0.0010423230120062694 0.045834219215957463 0.02171242267892012 -0.031974103208991203 0.00039660123249600856 0.044709648315607059 -0.0062750421653142169 0.012843745667139975 0.036811576063552502 -0.030578045398388105 -0.018873156121446969
leaf_weight=10.524475922458803 306.38420878211036 22.198767204070464 291.07490123994648 85.836380008142442 26.135395308956504 574.91314235643949 48.690189966000617 1184.6449953945121 38.17659128899686 191.09728694648948 106.2813996138284 183.18651463079732 539.67488668626174 39.007307388004847
leaf_count=23 691 57 888 131 36 1481 93 2718 104 501 225 468 1764 101
internal_value=-0.000354362 0.0093033 -0.0204627 -0.0122139 0.0101638 0.0224811 0.00188629 -0.000902163 0.0118556 -0.0174311 0.00509057 0.0254112 -0.0287375 -0.00837615
internal_weight=3647.83 2464.48 1183.35 594.144 111.972 886.58 1577.9 1233.34 344.561 482.172 128.48 758.1 589.207 49.5318
internal_count=9281 5837 3444 1556 167 2231 3606 2811 795 1389 282 1949 1888 124
is_linear=0
shrinkage=0.05


Tree=48
num_leaves=15
num_cat=0
split_feature=5 5 5 5 2 17 30 0 16 0 14 3 22 9
split_gain=278.184 66.2622 25.7649 21.9126 24.2641 17.3897 15.1037 15.0127 12.9957 12.4418 11.6777 19.3447 5.25571 4.00714
threshold=1.0000000180025095e-35 -285.17500000000001 109.11000000000014 -131.10999999999999 -22.499999999999996 2.7250000000000005 1.5000000000000002 151.50000000000003 1.788888888888889 27.500000000000004 0.90000000000000013 1898.8000000000002 0.68020710356264114 0.47222222222222227
decision_type=2 2 2 2 2 2 2 2 2 2 2 2 2 2
left_child=1 7 6 5 -5 -3 9 8 -1 -2 12 -12 -4 -8
right_child=2 3 10 4 -6 -7 13 -9 -10 -11 11 -13 -14 -15
leaf_value=0.0096536207496671581 0.011336457890904227 0.013697204316047757 -0.010023726440127501 -0.03151896971021844 0.004880555602012053 0.065554316642368479 -0.017166857959468925 0.049052787941474045 0.037709669127886772 -0.010158294798539245 -0.023745892021128007 0.029030488822197581 -0.029318452847137057 -0.034256331253281556
leaf_weight=76.835365140577778 83.58250253694132 632.46110771014355 40.118366315495223 47.906894799554721 712.47158095578197 15.737538545508867 91.960271659307182 112.87876766035333 92.076666529756039 327.63962935644668 54.326560228248127 24.288602533517405 526.09247022279305 60.774769633775577
leaf_count=236 299 1561 139 141 1945 33 168 282 259 1207 270 55 2523 163
internal_value=-0.000332754 0.01276 -0.0186413 0.0083142 0.00254229 0.015063 -0.0107912 0.0348574 0.0251088 -0.00576037 -0.0254718 -0.0072177 -0.0279802 -0.024178
internal_weight=2899.15 1690.37 1208.78 1408.58 760.378 648.199 563.957 281.791 168.912 411.222 644.826 78.6152 566.211 152.735
internal_count=9281 4457 4824 3680 2086 1594 1837 777 495 1506 2987 325 2662 331
is_linear=0
shrinkage=0.05


Tree=49
num_leaves=15
num_cat=0
split_feature=5 5 1 27 23 21 17 28 27 7 23 31 2 22
split_gain=36.1837 33.2067 21.6939 17.2764 16.8666 33.4515 15.7897 15.6986 23.0124 27.9241 14.2427 9.23889 8.16008 8.00237
threshold=230.75500000000002 -285.17500000000001 151.50000000000003 0.79284456847235041 -1.0028286893535958 0.090780614543060217 -4.3166666666666655 0.77794854085755982 0.18369689850465268 1.9000000000000001 1.2507844726185018 1.5000000000000002 46.500000000000007 0.4622729155768282
decision_type=2 2 2 2 2 2 2 2 2 2 2 2 2 2
left_child=1 4 3 -3 12 -6 -4 11 10 -10 -9 13 -1 -2
right_child=7 2 6 -5 5 -7 -8 8 9 -11 -12 -13 -14 -15
leaf_value=0.011184469389338763 0.0330642386386975 0.0044659390647900643 0.048804679805148715 0.02633650254915066 0.074451786851415014 -0.012289334669347465 -0.011216402121830525 0.038567269563294322 -0.035976492344162878 0.0065000924296159199 -0.036525480320409871 0.01463074307341504 -0.03436988923275746 -0.031766413789574864
leaf_weight=10.240629226434974 4.0730889989063135 2519.3013576561352 10.386550736846401 92.832816498703323 11.59772355656605 93.27454051503446 287.89798850228544 37.272897423594259 74.184064718196169 78.853395926766098 6.670945447520352 12.036819449625908 100.30347553896718 140.99615723697934
leaf_count=40 10 6294 31 229 19 270 655 102 308 217 26 17 448 615
internal_value=0.000670283 0.00238911 0.00379439 0.00525489 -0.0165039 -0.00203687 -0.00895362 -0.0144532 -0.00497475 -0.0141576 0.0264974 -0.0261991 -0.0300425 -0.029698
internal_weight=3479.92 3125.84 2910.42 2612.13 215.416 104.872 298.285 354.087 196.981 153.037 43.9438 157.106 110.544 145.069
internal_count=9281 7986 7209 6523 777 289 686 1295 653 525 128 642 488 625
is_linear=0
shrinkage=0.05


Tree=50
num_leaves=15
num_cat=0
split_feature=2 34 2 22 4 4 22 19 1 0 22 8 24 28
split_gain=227.131 66.5901 51.2775 28.2739 28.2589 27.0628 19.7329 27.3274 19.1042 17.9272 15.0862 33.8295 17.2973 14.2963
threshold=-30.499999999999996 0.5277777777777779 51.500000000000007 1.5321358573632105 1610.1150000000002 1948.2850000000001 1.4421225160854936 1.8255558756378738 124.50000000000001 143.50000000000003 1.4930699501790223 1.9000000000000001 0.38500961761690961 1.2399719947235701
decision_type=2 2 2 2 2 2 2 2 2 2 2 2 2 2
left_child=4 2 5 9 6 -2 7 -1 -8 -3 12 -12 -6 -4
right_child=1 3 13 -5 10 -7 8 -9 -10 -11 11 -13 -14 -15
leaf_value=0.018021287369889876 -0.0063025983498797835 -0.0090763400362949744 -0.014516681557500345 0.02656491856162992 -0.031520690583275786 -0.036790089652305846 0.019169209142522538 -0.030672121019770595 0.040812372325183366 0.025492712757603772 0.0328953376142277 -0.02840502205749279 0.016983810273450868 -0.031995895390859765
leaf_weight=499.67486469494179 1526.9208375684684 164.67294790630694 185.45945145422593 159.23980979283806 54.997886448982172 75.594273326918483 211.97105839499272 29.610884519759566 204.15749511297327 47.46301234792918 68.392529606819153 32.333536715246737 26.444186307024211 335.71011362888385
leaf_count=1226 3948 300 528 308 86 95 670 55 485 112 185 53 65 1165
internal_value=-0.000376187 -0.00879361 -0.0122102 0.010711 0.0182363 -0.00776593 0.0217076 0.015235 0.029872 -0.00123513 0.000173969 0.0130827 -0.0156957 -0.0258252
internal_weight=3622.64 2495.06 2123.68 371.376 1127.58 1602.52 945.414 529.286 416.129 212.136 182.168 100.726 81.4421 521.17
internal_count=9281 6456 5736 720 2825 4043 2436 1281 1155 412 389 238 151 1693
is_linear=0
shrinkage=0.05


Tree=51
num_leaves=15
num_cat=0
split_feature=5 5 5 40 22 2 14 24 1 1 40 3 36 39
split_gain=256.059 59.9114 24.8303 24.4708 18.2781 16.9404 14.7589 16.2456 12.2233 12.7296 12.0049 11.9239 18.1627 3.70575
threshold=1.0000000180025095e-35 -285.17500000000001 143.12500000000003 1.0000000180025095e-35 2.2094968574058522 37.500000000000007 0.77500000000000013 0.55243699992538409 43.500000000000007 151.50000000000003 1.0000000180025095e-35 1369.1300000000003 3.5000000000000004 2.5000000000000004
decision_type=2 2 2 2 2 2 2 2 2 2 2 2 2 2
left_child=1 11 8 4 -3 -5 13 -8 10 -10 -2 -1 -13 -4
right_child=2 3 6 5 -6 -7 7 -9 9 -11 -12 12 -14 -15
leaf_value=0.042849608628658199 -0.0063364703863184714 0.0060135152747960189 -0.031660443452819258 0.0093624187131520816 -0.021918481900689721 0.033013927602730198 0.022715314822487707 -0.024921521543417535 -0.019080312821106005 0.0013701626413161955 0.028531746294929095 0.048554217292558578 0.0084976735313733037 -0.015980210954015393
leaf_weight=150.79584412428085 127.06838989211246 1044.5998150599189 386.66896065860055 164.77286632813048 61.008888536132872 142.1413698955439 29.314389030914754 42.62915623432491 434.77414489496732 91.491507843718864 29.575022154895123 41.562129331752658 87.358400204102509 46.80206726945471
leaf_count=418 364 2810 1918 498 142 230 128 175 1539 292 182 55 304 226
internal_value=-0.000352377 0.0121354 -0.0181351 0.00793145 0.00444926 0.020404 -0.0265422 -0.00539738 -0.011876 -0.0155197 0.000354326 0.0332428 0.0217241 -0.0300196
internal_weight=2880.56 1692.24 1188.32 1412.52 1105.61 306.914 505.415 71.9435 682.909 526.266 156.643 279.716 128.921 433.471
internal_count=9281 4457 4824 3680 2952 728 2447 303 2377 1831 546 777 359 2144
is_linear=0
shrinkage=0.05


Tree=52
num_leaves=13
num_cat=0
split_feature=5 5 20 36 18 18 19 28 27 5 17 20
split_gain=32.8073 30.8562 20.1764 17.7931 15.08 19.508 15.194 8.55083 35.2007 6.80965 2.76387 2.28818
threshold=230.75500000000002 -409.56499999999994 -4.3629804624743409 562.50000000000011 0.72557299358507887 0.76756752389778649 1.8037167151876268 0.80405897910814927 0.16958123879261086 245.36000000000013 -0.10555555555555554 1.8900372988697136
decision_type=2 2 2 2 2 2 2 2 2 2 2 2
left_child=1 10 -3 -4 7 11 -7 9 -9 -2 -1 -6
right_child=4 2 3 -5 5 6 -8 8 -10 -11 -12 -13
leaf_value=0.0020769488742607214 0.0043362861977500541 -0.039316992554417528 0.0038570768386152702 -0.028632001382644746 0.059755886916632174 0.025670033543877237 -0.02248308623440436 0.043345881791277401 -0.023952303894538469 -0.033617275449134641 -0.037365617117915501 0.02345302817610451
leaf_weight=4.4801781330024815 12.705881676636634 26.884042582591064 2999.3214686490828 41.72058258135803 10.567548165330665 21.633714659255929 58.266606154968031 23.140264662681147 98.646827656310052 111.82988855824806 51.441486266441643 11.436559212161226
leaf_count=25 44 83 7446 161 22 82 218 54 365 492 271 18
internal_value=0.000708962 0.00233447 0.0030118 0.00340044 -0.0138236 0.00229743 -0.00922726 -0.0204954 -0.0108757 -0.0297015 -0.0341369 0.0429447
internal_weight=3472.08 3123.85 3067.93 3041.04 348.227 101.904 79.9003 246.323 121.787 124.536 55.9217 22.0041
internal_count=9281 7986 7690 7607 1295 340 300 955 419 536 296 40
is_linear=0
shrinkage=0.05


Tree=53
num_leaves=14
num_cat=0
split_feature=5 5 5 39 30 14 22 9 18 33 3 30 13
split_gain=239.9 80.5192 29.7221 17.9387 17.6178 16.112 19.1048 14.394 13.6877 12.6896 11.5149 8.66009 6.46806
threshold=-61.695000000000043 158.62500000000014 -166.0749999999999 2.5000000000000004 3.5000000000000004 -2.4499999999999997 0.4622729155768282 0.35416666666666669 0.81451171913185261 2.5000000000000004 1292.7850000000003 3.5000000000000004 0.77500000000000013
decision_type=2 2 2 2 2 2 2 2 2 2 2 2 2
left_child=2 5 11 7 9 10 -7 -3 -5 -4 -2 12 -1
right_child=1 3 4 8 -6 6 -8 -9 -10 -11 -12 -13 -14
leaf_value=-0.009866971193830381 0.0013811287653058583 0.011048645158769223 -0.018318161118241295 -0.0067821519945954617 0.054894608351851094 -0.026945557691275324 0.0018766184432516633 0.027206481244920123 0.040576030368209719 -0.0030993268240927501 0.04769190297676211 0.027777535108804846 -0.029671280332477359
leaf_weight=47.050550891086459 23.613839556928724 184.88042110274546 351.62432441313285 88.212405551457778 8.8998320735990983 58.838050631573424 1461.937892912305 579.6873431467684 17.397726334398612 226.1752553647384 31.008338960586116 6.193153351545333 512.95436852786224
leaf_count=123 45 451 1151 215 10 111 3343 1519 46 395 107 6 1759
internal_value=-0.000400581 0.0084617 -0.019195 0.0206601 -0.0112644 0.00171184 0.000741244 0.0233254 0.00127994 -0.0123851 0.0281458 -0.0273696 -0.0280368
internal_weight=3598.47 2445.58 1152.9 870.178 586.699 1575.4 1520.78 764.568 105.61 577.8 54.6222 566.198 560.005
internal_count=9281 5837 3444 2231 1556 3606 3454 1970 261 1546 152 1888 1882
is_linear=0
shrinkage=0.05


Tree=54
num_leaves=15
num_cat=0
split_feature=2 11 17 2 33 33 28 27 17 14 32 0 28 17
split_gain=202.599 47.4451 32.8638 25.7698 19.692 19.1725 25.9761 15.6492 15.2489 14.5433 16.9163 12.6418 12.441 10.1408
threshold=2.5000000000000004 -0.94999999999999984 -0.94999999999999984 -26.499999999999996 2.5000000000000004 1.0000000180025095e-35 1.1927686068047627 0.083512123952752801 1.1055555555555558 0.90000000000000013 1.5000000000000002 79.500000000000014 2.5421308866550905 1.0000000180025095e-35
decision_type=2 2 2 2 2 2 2 2 2 2 2 2 2 2
left_child=3 2 7 9 12 6 -3 -2 -7 -1 -11 -4 -5 -6
right_child=1 5 11 4 13 8 -8 -9 -10 10 -12 -13 -14 -15
leaf_value=-0.025141131164931482 0.034365053638631134 -0.0053796456088490638 0.062429729693655935 -0.0022402352545081087 -0.030513097460956009 -0.0021124173723025478 0.029943776008129565 -0.010471065680266772 0.011658546478731914 -0.014254174934544103 0.041235034679279407 0.02856472557379644 0.040313833498523167 -0.010022113225594556
leaf_weight=575.9445276146289 24.403813686571084 76.596727811032906 30.329192259698175 316.25382827676367 102.43552091321908 610.19004888250493 158.21125566004775 82.197859997861087 298.33468233211897 61.808227457513567 16.570446427445859 340.31381648604292 17.158370645949617 151.41282567125745
leaf_count=2716 49 290 65 1327 198 1451 743 154 554 304 27 1006 71 326
internal_value=-0.000377982 0.0112612 0.0244901 -0.0155709 -0.00793411 0.00571832 0.0184258 0 0.00241194 -0.0223948 -0.00208824 0.0315098 4.87731e-05 -0.0183978
internal_weight=2862.16 1620.58 477.245 1241.58 587.261 1143.33 234.808 106.602 908.525 654.323 78.3787 370.643 333.412 253.848
internal_count=9281 4312 1274 4969 1922 3038 1033 203 2005 3047 331 1071 1398 524
is_linear=0
shrinkage=0.05


Tree=55
num_leaves=14
num_cat=0
split_feature=1 5 22 5 22 12 3 27 1 36 23 25 0
split_gain=29.8072 29.4865 22.3571 21.7331 20.4108 18.3464 18.2747 16.349 14.8891 14.7036 7.20102 6.09786 2.21731
threshold=151.50000000000003 -285.17500000000001 0.9955599252091375 168.35000000000005 0.95913128636371925 0.22500000000000003 1369.1300000000003 0.79284456847235041 170.50000000000003 5.5000000000000009 -1.6463451125359916 0.57014217437200931 149.50000000000003
decision_type=2 2 2 2 2 2 2 2 2 2 2 2 2
left_child=1 6 4 7 8 -5 12 -3 -2 -8 -4 -12 -1
right_child=2 3 10 5 -6 -7 9 -9 -10 -11 11 -13 -14
leaf_value=-0.017958767914240791 -0.029718552416379298 0.0048114965649759768 0.0090295441712549655 0.0028088084729952223 0.055391225373194908 -0.01747445733007166 -0.019061245366877252 0.026418244188272377 0.0048199275422904269 0.01734536867310266 -0.014213148493663192 -0.031916928508285008 -0.036623323651259219
leaf_weight=26.390452188905329 40.811495989910327 2317.7695487021701 16.242393731605262 245.96864871075377 14.89417856489308 202.03440107475035 57.540917494683526 90.188041714369319 121.67585866991431 51.659387798397802 85.8444051630795 124.8468379622791 68.864557991502807
leaf_count=135 132 5660 32 844 38 707 141 219 250 218 304 325 276
internal_value=0.000746549 0.00243466 -0.0119936 0.00375103 0.00128438 -0.00634568 -0.0158576 0.00563347 -0.00395314 -0.00179189 -0.0223543 -0.0248285 -0.0317445
internal_weight=3464.73 3060.42 404.315 2855.96 177.382 448.003 204.455 2407.96 162.487 109.2 226.934 210.691 95.255
internal_count=9281 8200 1081 7430 420 1551 770 5879 382 359 661 629 411
is_linear=0
shrinkage=0.05


Tree=56
num_leaves=15
num_cat=0
split_feature=5 2 5 32 18 26 1 2 1 16 27 17 30 13
split_gain=219.225 73.9587 28.4277 25.8529 19.157 20.1404 19.3956 17.4518 14.7026 14.4086 29.2586 10.7295 8.28844 6.3379
threshold=-61.695000000000043 -37.499999999999993 -166.0749999999999 2.5000000000000004 0.16593052898223068 2.6035965451885072 143.50000000000003 28.500000000000004 82.500000000000014 0.73214285714285732 0.17757901393583647 -1.8285714285714281 3.5000000000000004 0.77500000000000013
decision_type=2 2 2 2 2 2 2 2 2 2 2 2 2 2
left_child=2 9 12 8 6 -6 -3 -5 -4 11 -11 -2 13 -1
right_child=1 4 3 7 5 -7 -8 -9 -10 10 -12 -13 -14 -15
leaf_value=-0.0092634638046518916 0.038987180071837546 -0.020404312749664793 -0.023081458642909905 -0.0038583818137486628 0.0045393292974820372 -0.039437777864982274 0.011885859564736395 0.037129953905645351 -0.0049962422892478875 -0.0085496900939534565 0.019701844381840628 0.019949493885153484 0.027140485500816731 -0.028967397632835474
leaf_weight=46.544478689553216 128.57749720173888 174.07736968866084 283.586190852453 71.948785164393485 1243.7694457947509 25.578512139967643 62.365313386544585 39.336147448979318 188.17338497412857 111.11176682822406 503.52880180848297 188.15388564427849 6.2291233688592902 501.23140108119696
leaf_count=123 393 313 888 100 2958 65 142 67 501 261 1241 464 6 1759
internal_value=-0.000419588 0.00803681 -0.0185406 -0.0107913 0.00118002 0.00361887 -0.011852 0.010787 -0.0159041 0.019104 0.014581 0.027792 -0.026653 -0.0273222
internal_weight=3574.21 2437.16 1137.05 583.045 1505.79 1269.35 236.443 111.285 471.76 931.372 614.641 316.731 554.005 547.776
internal_count=9281 5837 3444 1556 3478 3023 455 167 1389 2359 1502 857 1888 1882
is_linear=0
shrinkage=0.05


Tree=57
num_leaves=15
num_cat=0
split_feature=30 4 3 8 14 21 1 8 8 3 35 0 4 10
split_gain=99.8788 47.6808 53.8271 40.2935 36.5955 37.6558 34.8204 23.6405 20.7887 19.6891 16.6546 9.92577 28.9954 8.23748
threshold=1.0000000180025095e-35 1599.4050000000002 1334.2650000000001 -1.3666666666666665 -0.22499999999999998 0.66484480298319937 182.50000000000003 2.5500000000000003 -2.3666666666666658 1456.8800000000003 152.00000000000003 94.500000000000014 1491.4400000000003 0.5277777777777779
decision_type=2 2 2 2 2 2 2 2 2 2 2 2 2 2
left_child=1 2 6 10 11 7 -1 -6 -4 -5 -3 13 -13 -2
right_child=4 3 8 9 5 -7 -8 -9 -10 -11 -12 12 -14 -15
leaf_value=0.026824573064286053 0.027813363710624619 0.046690302834583156 0.038804479711793675 0.028154117110094686 -0.00048884590396912364 -0.026592920470543818 -0.026574867633867866 0.061332155751787271 -0.011449840235910828 0.0069138759021936547 -0.011293803095550803 -0.020902780064893076 0.034583985813855356 -0.028842280006651039
leaf_weight=204.23149116500281 5.7210626555606714 124.74352053226903 20.416928495513275 137.64670996181667 624.81691919325385 151.72104577615391 34.944085354218259 14.853360136272384 523.57521530881058 523.15593922097469 13.201697085052727 154.55441183701623 26.758034870726988 285.14844632562017
leaf_count=494 13 383 120 341 1382 383 80 40 2438 2002 66 390 71 1078
internal_value=-0.000396922 0.00797127 -0.000790892 0.016559 -0.0108754 -0.00428438 0.0189238 0.00103234 -0.0094868 0.0113817 0.0410638 -0.0218791 -0.0125419 -0.0276193
internal_weight=2845.49 1581.92 783.168 798.748 1263.57 791.391 239.176 639.67 543.992 660.803 137.945 472.182 181.312 290.87
internal_count=9281 5924 3132 2792 3357 1805 574 1422 2558 2343 449 1552 461 1091
is_linear=0
shrinkage=0.05


Tree=58
num_leaves=13
num_cat=0
split_feature=1 22 0 16 22 29 19 11 1 25 23 26
split_gain=27.0825 21.2418 20.1357 19.3302 18.7838 14.7606 35.0559 19.5758 14.2467 10.9869 6.77022 6.83803
threshold=151.50000000000003 0.9955599252091375 184.50000000000003 1.0500000000000003 0.95913128636371925 -1.2427639626504152 0.49998019541268851 -0.70714285714285696 170.50000000000003 0.50947782526164198 -1.6463451125359916 0.73186876307431026
decision_type=2 2 2 2 2 2 2 2 2 2 2 2
left_child=2 4 5 9 8 6 -1 -7 -2 -4 -3 -12
right_child=1 10 3 -5 -6 7 -8 -9 -10 -11 11 -13
leaf_value=0.053997164853948079 -0.029055963136659008 0.0086754648698331889 -0.032759332451264764 -0.038413185512816708 0.052844582672825713 -0.0077567475835293529 0.0056710490455372416 0.0038149778606904349 0.0049275105293645005 0.038541172104518649 -0.026175747416436537 0.015057976399309381
leaf_weight=45.259796924772672 40.188780453754589 16.292736498871818 7.0513237314298776 55.010454990551807 15.191777372034265 433.33991848106962 202.2018248620443 2299.5723288425943 121.43397312425077 15.579302775207905 196.69351855723653 9.8150617071660218
leaf_count=83 132 32 14 150 38 1341 611 5960 250 41 590 39
internal_value=0.000778281 -0.0114442 0.00238035 -0.0225876 0.00147436 0.00303982 0.0147116 0.00197613 -0.00361871 0.0156674 -0.0216795 -0.0241288
internal_weight=3457.63 399.616 3058.01 77.6411 176.815 2980.37 247.462 2732.91 161.623 22.6306 222.801 206.509
internal_count=9281 1081 8200 205 420 7995 694 7301 382 55 661 629
is_linear=0
shrinkage=0.05


Tree=59
num_leaves=15
num_cat=0
split_feature=5 5 5 39 27 33 25 19 4 21 9 5 13 0
split_gain=200.374 67.7129 27.3661 16.8309 26.1684 16.1223 14.891 24.9661 14.6541 14.399 13.8137 8.56528 7.96825 7.52202
threshold=-61.695000000000043 158.62500000000014 -166.0749999999999 2.5000000000000004 0.35411620737294297 2.5000000000000004 0.68650890380179908 1.3935231524249352 1647.325 0.08974065999409446 0.35416666666666669 -97.374999999999872 0.77500000000000013 128.50000000000003
decision_type=2 2 2 2 2 2 2 2 2 2 2 2 2 2
left_child=2 6 12 10 -5 11 9 -8 -7 -2 -3 -4 -1 -14
right_child=1 3 5 4 -6 8 7 -9 -10 -11 -12 -13 13 -15
leaf_value=-0.006160994214994212 -0.015219263178528142 0.0094898998685923434 -0.011474915354972852 -0.027169676443177984 0.022590389283879186 0.021644167112997229 -0.0077230020138649106 0.0065759654065000233 -0.0072865906245775866 0.014553352157707634 0.025422716113520316 -0.028306615192881308 -0.022290628281103519 -0.035053432822295616
leaf_weight=47.650422491249628 45.896021924098022 182.48342952271923 230.661956162774 47.086089777876623 57.640720532741398 57.099951658863574 659.92813438305166 566.11634651897475 176.44022138090804 302.36829268722795 567.57620604266413 114.83337604266126 281.92992675676942 213.20106497732922
leaf_count=124 94 451 750 90 171 115 1531 1362 290 619 1519 401 1016 748
internal_value=-0.000438341 0.0076316 -0.0179081 0.0189524 0.000125164 -0.0103055 0.00147355 -0.00111651 -0.000129655 0.0105831 0.0215708 -0.0171493 -0.0259753 -0.0278559
internal_weight=3550.91 2429.1 1121.82 854.786 104.727 579.036 1574.31 1226.04 233.54 348.264 750.06 345.495 542.781 495.131
internal_count=9281 5837 3444 2231 261 1556 3606 2893 405 713 1970 1151 1888 1764
is_linear=0
shrinkage=0.05


Tree=60
num_leaves=15
num_cat=0
split_feature=5 5 5 40 8 7 30 40 14 3 8 18 21 2
split_gain=203.385 47.5958 22.5254 20.0776 17.7669 14.9082 14.1129 12.7605 10.9988 18.4402 9.14736 23.0671 5.4564 5.26034
threshold=1.0000000180025095e-35 -314.03999999999991 109.11000000000014 1.0000000180025095e-35 -0.44999999999999996 1.7750000000000001 1.5000000000000002 1.0000000180025095e-35 0.90000000000000013 1898.8000000000002 -0.89999999999999991 0.19342278115323006 0.5815077279717914 41.500000000000007
decision_type=2 2 2 2 2 2 2 2 2 2 2 2 2 2
left_child=1 10 6 4 -3 -5 7 -2 12 -10 13 -12 -4 -1
right_child=2 3 8 5 -6 -7 -8 -9 9 -11 11 -13 -14 -15
leaf_value=-0.0030228751686950622 -0.010068429492714836 0.011060408844094011 -0.022656001449097803 0.013115563025152533 -0.0013934967740337615 0.040937581560597812 -0.022741527813748968 0.0097912236519384268 -0.022426356575968701 0.02969706770158529 -0.0088447302535493589 0.04453794557000549 -0.034271614066289272 0.042170940111635934
leaf_weight=6.4126325736287972 290.47169358364772 519.89984441665001 360.91578165639658 261.61194938991684 634.30893426132388 58.967546356841922 145.31218006485142 110.83094957185676 51.449284472502768 24.063365213340148 39.212551307398826 39.947727730032057 153.16366077534622 132.80117622029502
leaf_count=22 1103 1333 1898 570 1746 179 331 403 270 55 78 110 764 419
internal_value=-0.000430522 0.0105471 -0.0167885 0.00730477 0.00421661 0.0183601 -0.00943558 -0.0045605 -0.0235695 -0.00557996 0.0322881 0.0182517 -0.0261863 0.0400468
internal_weight=2829.37 1693.16 1136.21 1474.79 1154.21 320.579 546.615 401.303 589.592 75.5126 218.374 79.1603 514.079 139.214
internal_count=9281 4457 4824 3828 3079 749 1837 1506 2987 325 629 188 2662 441
is_linear=0
shrinkage=0.05


Tree=61
num_leaves=12
num_cat=0
split_feature=17 5 23 20 5 17 24 2 17 17 17
split_gain=25.6123 25.0542 21.2036 21.2813 20.2299 18.8341 18.6291 10.8212 4.86754 7.42606 3.61997
threshold=-1.8285714285714281 -409.56499999999994 -0.96916795351268614 -0.71831804393379417 168.35000000000005 -1.7888888888888885 0.39883507780666089 -36.499999999999993 -2.2249999999999996 -2.1833333333333331 -0.10555555555555554
decision_type=2 2 2 2 2 2 2 2 2 2 2
left_child=2 10 3 7 6 -6 -3 -1 -4 -10 -2
right_child=1 4 8 -5 5 -7 -8 -9 9 -11 -12
leaf_value=-0.037886576525141664 0.012536395272946636 0.0005301904850326005 -0.040423927010058772 0.038599158211889577 0.048502683382537048 -0.0083442830259935329 0.008937573982423612 -0.00025034580944389176 0.035200090567801268 -0.025536346479959046 -0.036385360523950354
leaf_weight=27.41377365111839 3.4678133454872286 1505.3029131450457 64.6194456507219 25.517500239424407 14.006354026496409 492.44191383174621 1172.8628559418721 59.125982729019597 4.8954088483005753 35.00028305943124 46.832321930793114
leaf_count=57 24 3713 340 30 34 1613 2887 146 25 141 271
internal_value=0.000804859 0.00192253 -0.0157988 -0.000601463 0.00248164 -0.00666978 0.00421591 -0.0125263 -0.0318854 -0.0172829 -0.0327365
internal_weight=3451.49 3234.91 216.572 112.057 3184.61 506.448 2678.17 86.5398 104.515 39.8957 50.3001
internal_count=9281 8542 739 233 8247 1647 6600 203 506 166 295
is_linear=0
shrinkage=0.05


Tree=62
num_leaves=15
num_cat=0
split_feature=5 2 5 32 22 5 5 1 4 27 1 13 1 0
split_gain=184.781 63.8155 25.9365 23.7348 17.6811 19.2922 16.5163 14.1698 13.9418 19.0266 12.4814 7.73138 7.37116 7.36658
threshold=-61.695000000000043 -37.499999999999993 -166.0749999999999 2.5000000000000004 0.4622729155768282 219.72500000000005 -89.720000000000013 82.500000000000014 1191.8300000000002 0.17757901393583647 144.50000000000003 0.77500000000000013 35.500000000000007 128.50000000000003
decision_type=2 2 2 2 2 2 2 2 2 2 2 2 2 2
left_child=2 8 11 7 10 -6 -5 -4 -2 -10 -3 12 -1 -13
right_child=1 4 3 6 5 -7 -8 -9 9 -11 -12 13 -14 -15
leaf_value=0.029480297516678619 0.039863830378076323 -0.044175475666079871 -0.022048466119116088 -0.00012920012398362873 0.0008171703546633951 0.029015884262530229 0.044499987360720916 -0.0041853614954318738 0.004960715413080085 0.021028131768914604 0.0017390384077537781 -0.021673555702048656 -0.016333036885041532 -0.034450724384644485
leaf_weight=10.408942845882846 65.443057949189097 35.150049365474842 278.64005974156316 85.023706363048404 1381.667720650672 62.471490859985352 26.318929146975279 186.32864754705224 272.08908044558484 580.74813487450592 24.595105720451102 277.39041072130203 36.883632341050543 206.82142566493712
leaf_count=23 159 62 888 131 3182 183 36 501 744 1456 51 1016 101 748
internal_value=-0.000440452 0.00729442 -0.0173481 -0.00996013 0.000946333 0.0020597 0.0106778 -0.0149252 0.017673 0.0159197 -0.0254742 -0.0253157 -0.00574448 -0.0272011
internal_weight=3529.98 2422.16 1107.82 576.311 1503.88 1444.14 111.343 464.969 918.28 852.837 59.7452 531.504 47.2926 484.212
internal_count=9281 5837 3444 1556 3478 3365 167 1389 2359 2200 113 1888 124 1764
is_linear=0
shrinkage=0.05


Tree=63
num_leaves=15
num_cat=0
split_feature=2 11 4 2 4 28 16 3 30 36 28 3 2 3
split_gain=159.879 37.5699 30.8692 22.8482 26.2551 15.716 15.1769 15.5888 14.2824 10.2937 9.41404 7.9233 7.63896 6.496
threshold=2.5000000000000004 -0.94999999999999984 1570.3550000000002 -26.499999999999996 1763.4400000000003 0.69515652104554537 3.3166666666666669 1369.1300000000003 2.5000000000000004 58.500000000000007 1.8937117061447137 1479.6400000000001 40.500000000000007 1667.3850000000002
decision_type=2 2 2 2 2 2 2 2 2 2 2 2 2 2
left_child=3 2 5 4 11 -2 7 -3 9 -5 -10 -1 -4 -8
right_child=1 6 12 8 -6 -7 13 -9 10 -11 -12 -13 -14 -15
leaf_value=-0.010252858630358975 -0.0089119554004473134 0.023777770060850523 0.061415175059780905 -0.0083442964146678619 0.042795635979131996 0.01791911586049327 0.071981575222419589 0.002267391166078134 -0.031881674868486864 0.0076813165056011865 0.015976560577400906 -0.025362407232912051 0.032285978307902558 0.017273902254741794
leaf_weight=109.05971065233462 73.674661771859974 90.852408933918923 27.60798990377225 349.79383814224275 14.779137634672223 201.9243887757184 10.42441719141789 1031.7430976821342 76.297337289899588 139.09225186344702 11.081686769612132 492.77774688520003 170.25466711702757 12.542127861874176
leaf_count=360 152 199 69 1189 32 484 34 2784 141 566 26 2655 569 21
internal_value=-0.000437324 0.00979231 0.0216283 -0.0143221 -0.0210107 0.0107221 0.00488151 0.0040323 -0.00713256 -0.00376829 -0.0256435 -0.0226542 0.0366639 0.0442814
internal_weight=2811.91 1619.02 473.462 1192.88 616.617 275.599 1145.56 1122.6 576.265 488.886 87.379 601.837 197.863 22.9665
internal_count=9281 4312 1274 4969 3047 636 3038 2983 1922 1755 167 3015 638 55
is_linear=0
shrinkage=0.05


Tree=64
num_leaves=13
num_cat=0
split_feature=29 5 22 36 29 10 27 0 25 4 29 26
split_gain=24.5658 23.7973 23.1283 17.2753 16.5584 26.4411 22.4194 14.5774 12.8588 5.28188 2.77474 1.4908
threshold=-2.1118293181313574 -409.56499999999994 0.87109793759042953 36.500000000000007 -1.2427639626504152 1.6833333333333336 0.38753975339477986 180.50000000000003 1.3379164103996339 1290.0300000000004 -0.59405562013413393 -1.2322599820124309
decision_type=2 2 2 2 2 2 2 2 2 2 2 2
left_child=2 10 3 7 5 -3 -6 -1 11 -5 -2 -4
right_child=1 4 8 9 6 -7 -8 -9 -10 -11 -12 -13
leaf_value=0.001959650757404919 0.0039555924465020428 0.019156852020189751 -0.039966583963199957 -0.0395577891981626 -0.0033674378740603987 -0.022025068545245597 0.0054508791845046985 0.056306215981616864 0.011270801964113016 0.007637968508248362 -0.035967568404572901 -0.010122328924860102
leaf_weight=40.313799538998865 4.3572487442288539 270.73333700944204 88.348767657647841 21.983822997659448 1384.9010679667117 44.538412807742134 1500.2047907506349 16.962834305129945 14.518030863953753 7.3788975983625269 44.737981723155826 5.7115221025887868
leaf_count=93 13 592 396 60 3860 183 3722 23 19 23 282 15
internal_value=0.000835192 0.00187346 -0.0163431 0.00287757 0.00240944 0.013272 0.0012165 0.0188305 -0.0316121 -0.0276718 -0.0323163 -0.0383325
internal_weight=3444.69 3249.47 195.218 86.6394 3200.38 315.272 2885.11 57.2766 108.578 29.3627 49.0952 94.0603
internal_count=9281 8652 629 199 8357 775 7582 116 430 83 295 411
is_linear=0
shrinkage=0.05


Tree=65
num_leaves=13
num_cat=0
split_feature=5 5 30 5 39 27 32 22 36 22 25 13
split_gain=168.204 57.5177 25.4434 23.2168 16.0102 24.8278 15.9073 13.5509 15.0684 12.7899 10.3105 5.82274
threshold=-61.695000000000043 158.62500000000014 3.5000000000000004 -166.0749999999999 2.5000000000000004 0.35411620737294297 2.5000000000000004 0.4622729155768282 491.50000000000006 1.5321358573632105 0.50947782526164198 0.77500000000000013
decision_type=2 2 2 2 2 2 2 2 2 2 2 2
left_child=2 7 3 11 9 -6 -5 10 -9 -3 -2 -1
right_child=1 4 -4 6 5 -7 -8 8 -10 -11 -12 -13
leaf_value=-0.0078632647549788243 0.011254727227941885 0.013806258954104365 0.045689484265433969 -0.014609491418602606 -0.027523712509692336 0.021095492280698992 0.0069275815222540312 0.0014115128803370664 0.034182092985304689 0.02712131705380981 -0.033902971942802992 -0.027007360040944207
leaf_weight=45.316134198685177 16.696382109541446 393.55125231354032 15.115459829568861 459.07788329990581 46.948299546260387 57.029117125552148 104.392684483435 1476.566021174076 34.957536982605234 342.89815643848851 44.750422890530899 468.68198251468129
leaf_count=123 41 1055 16 1386 90 171 160 3367 110 915 88 1759
internal_value=-0.000468398 0.00689882 -0.0167378 -0.0176597 0.0174509 -0.000862685 -0.0106053 0.00125021 0.00219481 0.020041 -0.0215689 -0.0253478
internal_weight=3505.98 2413.4 1092.58 1077.47 840.427 103.977 563.471 1572.97 1511.52 736.449 61.4468 513.998
internal_count=9281 5837 3444 3428 2231 261 1546 3606 3477 1970 129 1882
is_linear=0
shrinkage=0.05


Tree=66
num_leaves=15
num_cat=0
split_feature=2 11 4 2 4 33 33 28 4 20 8 17 2 21
split_gain=146.763 34.6522 28.7277 21.8497 24.5876 17.6757 16.4739 22.7586 15.5715 14.5458 11.3427 9.90294 6.90668 6.86845
threshold=2.5000000000000004 -0.94999999999999984 1570.3550000000002 -26.499999999999996 1763.4400000000003 2.5000000000000004 1.0000000180025095e-35 1.1927686068047627 1522.1650000000002 -3.2222639787680785 1.0000000180025095e-35 -0.4142857142857142 40.500000000000007 0.57031241784525244
decision_type=2 2 2 2 2 2 2 2 2 2 2 2 2 2
left_child=3 2 9 4 13 10 7 -3 -8 -2 -5 -7 -4 -1
right_child=1 6 12 5 -6 11 8 -9 -10 -11 -12 -13 -14 -15
leaf_value=-0.018603588553873923 0.027947106225766974 -0.005962267723433369 0.058647184118266277 0.010116628232023521 0.040921719103533094 -0.035521469233217473 -0.018535929352698339 0.027029682375384268 0.0036616478794053195 0.0027553962198445586 -0.0084013417169201254 -0.011422314080565467 0.031038684618672777 -0.030743450703333914
leaf_weight=419.24701842904324 80.55199011892546 76.660777279408649 27.961162290535867 161.78259571734816 14.922506684320977 55.300363648915663 86.337499189306982 159.78163439454511 824.29372982506175 195.40188670612406 166.99436475598486 188.74150134134106 168.58750495128334 169.59227597387508
leaf_count=2079 146 290 69 626 32 100 239 743 1766 490 772 424 569 936
internal_value=-0.000452024 0.00930747 0.0206917 -0.0138868 -0.0205223 -0.00686057 0.00459979 0.0163317 0.00153357 0.0102014 0.000698754 -0.0170263 0.0352686 -0.0221547
internal_weight=2796.16 1619.58 472.503 1176.58 603.762 572.819 1147.07 236.442 910.631 275.954 328.777 244.042 196.549 588.839
internal_count=9281 4312 1274 4969 3047 1922 3038 1033 2005 636 1398 524 638 3015
is_linear=0
shrinkage=0.05


Tree=67
num_leaves=15
num_cat=0
split_feature=29 5 22 22 26 10 3 35 28 25 25 4 0 26
split_gain=22.9441 22.6073 22.0315 18.7838 21.5891 16.6934 16.4874 14.8467 15.5778 13.2999 12.3692 5.20686 2.34545 2.05928
threshold=-2.1118293181313574 -285.17500000000001 0.87109793759042953 1.4001993602120455 0.90939266669811658 1.4722222222222225 1369.1300000000003 34.500000000000007 0.39743766668416181 1.1934356080323492 1.3379164103996339 1318.9550000000002 149.50000000000003 -1.1030369624606484
decision_type=2 2 2 2 2 2 2 2 2 2 2 2 2 2
left_child=2 6 7 5 -5 -3 12 8 -1 -8 13 -9 -2 -4
right_child=1 3 10 4 -6 -7 9 11 -10 -11 -12 -13 -14 -15
leaf_value=0.042686021642324351 -0.015935177866592733 0.0046592245253852726 -0.039525509460707563 -0.0061807566106555547 0.0081274414943663092 0.021531846949551365 -0.039596318939891302 -0.038701742062693771 -0.0081478078707452016 0.0066270642574092348 0.010863756741703793 0.0088296943579338361 -0.035434612814228467 -0.0033753701451173764
leaf_weight=28.853658369043842 24.987567198695615 1647.6680713405367 86.863411302561872 863.08457816613372 378.24007281684317 160.32374697271734 17.765945985098369 20.837037841323767 29.625758051639423 89.970113275572658 14.575181637424974 7.1744778361171475 64.326820896589197 4.6482123839668921
leaf_count=57 135 4056 399 2444 937 440 59 65 54 300 19 23 281 12
internal_value=0.000856603 0.00185459 -0.0158637 0.00291828 -0.00181389 0.00616924 -0.0145122 0.00282141 0.0171454 -0.00124336 -0.0310282 -0.0264706 -0.0302714 -0.0377997
internal_weight=3438.94 3246.37 192.578 3049.32 1241.32 1807.99 197.05 86.4909 58.4794 107.736 106.087 28.0115 89.3144 91.5116
internal_count=9281 8652 629 7877 3381 4496 775 199 111 359 430 88 416 411
is_linear=0
shrinkage=0.05


Tree=68
num_leaves=15
num_cat=0
split_feature=2 2 18 28 4 4 22 19 1 28 8 17 8 7
split_gain=134.604 40.8282 24.9941 32.152 22.2785 18.8861 16.6712 26.3064 18.3534 15.6248 20.1342 15.3794 16.1162 8.28852
threshold=-30.499999999999996 51.500000000000007 0.59292776215202692 1.9803797956657743 1610.1150000000002 1826.1200000000001 1.4421225160854936 1.8255558756378738 124.50000000000001 1.3147175940189457 0.45000000000000007 2.1555555555555563 1.9000000000000001 3.3666666666666667
decision_type=2 2 2 2 2 2 2 2 2 2 2 2 2 2
left_child=4 2 5 -4 6 -2 7 -1 -8 10 -3 12 -6 -11
right_child=1 9 3 -5 11 -7 8 -9 -10 13 -12 -13 -14 -15
leaf_value=0.014162482781140812 -0.0044199387578231341 -0.015702140048297768 0.017860624288603407 -0.015232420223463342 0.0011348034754192417 -0.021129351175180687 0.014569285664133369 -0.034086782174768578 0.036435978293929527 -0.028954615934639188 0.028968986734457875 0.045349211229829926 -0.038426329123882656 0.029134087373341711
leaf_weight=484.76383132732008 1367.8124589275103 181.33105809334666 250.50583689915948 102.61518310464453 133.2085472290637 192.44273055868689 202.75013964110985 29.001897822134197 187.08899602561723 273.73666639381554 28.271348442533053 14.679634067229925 30.831020250916481 5.4329499248415223
leaf_count=1226 3499 586 657 224 317 330 670 55 485 1068 81 18 54 11
internal_value=-0.000481221 -0.00707869 -0.00377598 0.00821398 0.0141498 -0.0064963 0.0173376 0.0113682 0.0251426 -0.0199634 -0.00954418 -0.00194631 -0.00645814 -0.0277063
internal_weight=3484.47 2402.15 1913.38 353.121 1082.32 1560.26 903.605 513.766 389.839 488.772 209.602 178.719 164.04 279.17
internal_count=9281 6456 4710 881 2825 3829 2436 1281 1155 1746 667 389 371 1079
is_linear=0
shrinkage=0.05


Tree=69
num_leaves=15
num_cat=0
split_feature=5 5 5 27 16 14 24 1 27 1 16 0 18 21
split_gain=161.796 38.7331 20.3116 19.7854 16.923 14.7999 16.5095 10.984 14.5801 12.2737 9.79024 8.64202 10.7574 6.25008
threshold=1.0000000180025095e-35 -314.03999999999991 143.12500000000003 0.074482887763892572 3.7500000000000004 0.77500000000000013 0.55243699992538409 43.500000000000007 0.68038633472944909 151.50000000000003 0.43650793650793651 149.50000000000003 0.19342278115323006 1.0000000180025095e-35
decision_type=2 2 2 2 2 2 2 2 2 2 2 2 2 2
left_child=1 11 7 10 -5 13 -7 8 -2 -9 -3 12 -1 -4
right_child=2 3 5 4 -6 6 -8 9 -10 -11 -12 -13 -14 -15
leaf_value=0.0082773465807589892 -0.0037992462353595418 -0.0011959923213778331 0.015046251679271204 0.0047603603477522514 0.052045627192758896 0.027048682353660359 -0.022799498013842606 -0.017083921413142848 0.043449570284826239 0.0034200380985082881 0.0566363234111876 0.04046012825207454 0.040477143211228958 -0.028628676456823928
leaf_weight=75.376028352999128 135.03266045218334 9.5641659824177605 7.6470295412582336 1426.6211431365227 18.214187593548559 27.521395090792794 38.736979895271361 409.03745137242367 17.54572416387964 87.953731080109719 27.512955436715856 95.181396201252937 39.569750266498886 364.71959193237126
leaf_count=238 474 40 33 3665 42 128 175 1539 72 292 81 271 120 2111
internal_value=-0.000464625 0.0092048 -0.0154989 0.00634106 0.0053955 -0.0238146 -0.00192566 -0.00984805 0.0018491 -0.0134457 0.0419473 0.0292518 0.0196587 -0.0276805
internal_weight=2780.23 1692.04 1088.19 1481.91 1444.84 438.625 66.2584 649.57 152.578 496.991 37.0771 210.127 114.946 372.367
internal_count=9281 4457 4824 3828 3707 2447 303 2377 546 1831 121 629 358 2144
is_linear=0
shrinkage=0.05


Tree=70
num_leaves=13
num_cat=0
split_feature=29 5 22 29 20 27 36 28 25 4 14 17
split_gain=21.3535 21.192 21.0166 15.757 22.8003 20.3216 15.2655 15.3591 11.9317 5.17495 2.92912 2.92364
threshold=-2.1118293181313574 -409.56499999999994 0.87109793759042953 -1.2427639626504152 -3.2222639787680785 0.38753975339477986 36.500000000000007 0.39743766668416181 1.3379164103996339 1318.9550000000002 -0.89999999999999991 -0.10555555555555554
decision_type=2 2 2 2 2 2 2 2 2 2 2 2
left_child=2 11 6 4 -3 -5 7 -1 10 -8 -4 -2
right_child=1 3 8 5 -6 -7 9 -9 -10 -11 -12 -13
leaf_value=0.043123864212079588 0.0066460592451994208 -0.03809388014183817 -0.039455038360782846 -0.0032190605938201781 0.016418786009540602 0.0051821280431167127 -0.038451740865407841 -0.0076527170215336671 0.010535808372068004 0.008812087335846876 0 -0.035348047060266563
leaf_weight=28.431378605309874 4.0511013704817733 19.52163793426007 84.054457606747746 1380.282898393576 295.74332546396181 1501.4618978704093 21.346188256517056 29.356102885911241 14.621072127949445 7.166043546749278 4.8840262808371326 41.978539536183234
leaf_count=61 24 39 397 3860 736 3722 64 55 19 19 14 271
internal_value=0.000873475 0.00183083 -0.0153771 0.00232174 0.0129177 0.00115672 0.00280182 0.0175529 -0.030456 -0.0265073 -0.0372927 -0.0314831
internal_weight=3432.9 3243.04 189.859 3197.01 315.265 2881.74 86.2997 57.7875 103.56 28.5122 88.9385 46.0296
internal_count=9281 8652 629 8357 775 7582 199 116 430 83 411 295
is_linear=0
shrinkage=0.05


Tree=71
num_leaves=15
num_cat=0
split_feature=2 34 2 22 4 1 22 35 13 4 0 27 35 12
split_gain=122.351 47.6632 31.9894 23.3063 22.17 21.0826 22.7015 28.1216 16.4349 16.3806 15.6768 11.3248 8.59935 2.52362
threshold=-30.499999999999996 0.5277777777777779 51.500000000000007 1.5321358573632105 1948.2850000000001 189.50000000000003 1.4421225160854936 8.5000000000000018 0.77500000000000013 1468.0400000000002 143.50000000000003 0.56538757212610535 496.50000000000006 0.36666666666666675
decision_type=2 2 2 2 2 2 2 2 2 2 2 2 2 2
left_child=5 2 4 10 -2 6 7 -1 -4 -8 -3 -5 13 -7
right_child=1 3 8 11 -6 12 9 -9 -10 -11 -12 -13 -14 -15
leaf_value=-0.0071533667758338949 -0.0050926867425967887 -0.0085405521941893086 0.0080622481764916609 0.031490062537104825 -0.033900607069285944 0.044669041662263681 0.030399144521317617 0.016031345487598089 -0.024428145452860595 0.011237159065421221 0.023945564305306574 -0.00019257690249063352 -0.0073465889210404846 0.014806957834379931
leaf_weight=267.0518133364385 1494.5139024625532 162.78663246287033 42.208813255419955 121.31127633131109 69.045480838045478 73.023914066958241 195.04418138880283 254.24269480002113 416.14586816326482 266.20278226118535 47.0095092181582 36.236099109286442 9.6370498016476613 9.8117341801989806
leaf_count=501 3948 300 131 226 95 177 578 759 1562 776 112 82 12 22
internal_value=-0.000491216 -0.00679521 -0.0098064 0.00974689 -0.00638887 0.0135083 0.011328 0.00415362 -0.0214143 0.0193991 -0.00115853 0.0242162 0.0362514 0.0414104
internal_weight=3464.27 2389.26 2021.91 367.344 1563.56 1075.01 982.541 521.295 458.355 461.247 209.796 157.547 92.4727 82.8356
internal_count=9281 6456 5736 720 4043 2825 2614 1260 1693 1354 412 308 211 199
is_linear=0
shrinkage=0.05


Tree=72
num_leaves=15
num_cat=0
split_feature=5 5 5 27 40 14 29 32 8 34 16 8 18 21
split_gain=148.952 35.9378 19.3255 18.3744 15.8825 14.4247 11.9062 11.0734 13.0286 8.92472 8.85155 8.68428 21.1895 6.04084
threshold=1.0000000180025095e-35 -314.03999999999991 143.12500000000003 0.074482887763892572 1.0000000180025095e-35 0.77500000000000013 -0.22970338851271552 1.0000000180025095e-35 -3.3666666666666658 0.43650793650793651 0.43650793650793651 -0.89999999999999991 0.19342278115323006 1.0000000180025095e-35
decision_type=2 2 2 2 2 2 2 2 2 2 2 2 2 2
left_child=1 11 7 10 -5 13 -7 8 -2 -9 -3 -1 -13 -4
right_child=2 3 5 4 -6 6 -8 9 -10 -11 -12 12 -14 -15
leaf_value=0.036171268782301112 0.072635746211833982 -0.00099596269539469601 0.014642045678110352 0.0023398135093645497 0.015040539203190446 0.039652192011996767 -0.012317589376087807 -0.0095579792803255036 -0.0049556781069151103 -0.027904764733767098 0.053980776648552768 -0.011308361867819848 0.040266887891155283 -0.028182140830349978
leaf_weight=129.4412066177465 4.4881503654178223 9.5237372707342711 7.6979333695489904 1133.8070427990751 314.11344740283675 12.83645718405023 53.031530744337942 166.57845915004145 361.27202264295192 112.44517764181364 27.871639495715499 38.830931281903759 38.928803092450835 353.64233978878474
leaf_count=441 20 40 33 2990 717 48 255 513 1581 263 81 78 110 2111
internal_value=-0.000477237 0.00875595 -0.0150543 0.00602008 0.00510705 -0.0233044 -0.00167333 -0.00955279 -0.00379449 -0.0170427 0.040188 0.0282209 0.0146317 -0.0272181
internal_weight=2764.51 1692.52 1071.99 1485.32 1447.92 427.208 65.868 644.784 365.76 279.024 37.3954 207.201 77.7597 361.34
internal_count=9281 4457 4824 3828 3707 2447 303 2377 1601 776 121 629 188 2144
is_linear=0
shrinkage=0.05


Tree=73
num_leaves=14
num_cat=0
split_feature=29 22 29 11 29 21 20 21 36 28 25 4 14
split_gain=19.4396 20.2298 15.6786 21.2502 31.058 25.0849 21.1758 28.1992 14.4395 14.2641 11.4994 4.98184 2.86959
threshold=-2.1118293181313574 0.87109793759042953 -1.2427639626504152 -0.70714285714285696 0.38691668172175286 0.08974065999409446 -3.2222639787680785 0.17089537536237945 36.500000000000007 0.39743766668416181 1.3379164103996339 1318.9550000000002 -0.89999999999999991
decision_type=2 2 2 2 2 2 2 2 2 2 2 2 2
left_child=1 8 6 4 -4 -5 -2 -8 9 -1 12 -10 -3
right_child=2 10 3 5 -6 -7 7 -9 11 -11 -12 -13 -14
leaf_value=0.041746818203890541 -0.03738544391900317 -0.03896629867694322 -0.0012879539234740929 0.038526882563490517 -0.029131711334524909 0.0019057174496172056 0.037777483009192848 0.0049361102293868937 -0.037795302957887682 -0.0071707341418335603 0.010261680199762452 0.0086865682610900979 0
leaf_weight=28.65894538955763 19.0954071264714 81.272069822647609 389.28481641487451 46.734823415055871 134.08758904237766 2353.4268568009138 96.268372208345681 201.76070647221059 20.810856935102496 29.161052120034583 14.650560014881192 7.1760286877397439 4.865020044380798
leaf_count=61 39 397 1054 99 572 6150 137 601 64 55 19 19 14
internal_value=0.000886198 -0.0147604 0.00179293 0.000643844 -0.00847299 0.00263662 0.0123352 0.015652 0.0030362 0.0172882 -0.0298418 -0.025816 -0.0367596
internal_weight=3427.25 186.595 3240.66 2923.53 523.372 2400.16 317.124 298.029 85.8069 57.82 100.788 27.9869 86.1371
internal_count=9281 629 8652 7875 1626 6249 777 738 199 116 430 83 411
is_linear=0
shrinkage=0.05


Tree=74
num_leaves=13
num_cat=0
split_feature=5 5 30 5 1 3 40 22 8 32 13 31
split_gain=132.914 45.519 24.0987 20.9249 17.1406 17.1979 16.0908 32.2413 19.7784 15.3275 5.49106 4.9134
threshold=-61.695000000000043 216.27500000000003 3.5000000000000004 -166.0749999999999 136.50000000000003 1643.8750000000002 1.0000000180025095e-35 0.69197414246219313 -0.77499999999999991 2.5000000000000004 0.77500000000000013 1.0000000180025095e-35
decision_type=2 2 2 2 2 2 2 2 2 2 2 2
left_child=2 6 3 10 5 -3 8 -8 -2 -5 -1 -6
right_child=1 4 -4 9 11 -7 7 -9 -10 -11 -12 -13
leaf_value=-0.006637717698047144 -0.0069047722773746129 -0.033545371118351285 0.045473400675995007 -0.013485417530405195 0.03475276390252887 0.015201076766913683 0.038731443660255438 -0.0096043849120484928 0.0079582461219683334 0.0077543099614069636 -0.025433638593894903 0.011678983434817731
leaf_weight=44.322361210710369 275.26285050192382 18.390897198813036 15.113428071141241 450.88824004284106 162.53415587800555 271.73278019123245 36.57831506524235 418.5415937427897 1175.1865498635452 103.58593862503767 442.60574225219898 29.201170375803486
leaf_count=123 661 61 16 1386 531 780 74 980 2683 160 1759 67
internal_value=-0.00049734 0.00603544 -0.0152561 -0.016185 0.0197497 0.0119893 0.00255636 -0.00563224 0.00513132 -0.00950163 -0.0237501 0.0313434
internal_weight=3443.94 2387.43 1056.52 1041.4 481.859 290.124 1905.57 455.12 1450.45 554.474 486.928 191.735
internal_count=9281 5837 3444 3428 1439 841 4398 1054 3344 1546 1882 598
is_linear=0
shrinkage=0.05


Tree=75
num_leaves=15
num_cat=0
split_feature=5 5 5 27 16 14 3 1 27 1 0 21 16 21
split_gain=136.448 33.397 18.4821 17.0376 15.6219 14.0857 12.8133 10.5021 13.4929 11.6604 8.51272 9.59842 8.05337 5.88012
threshold=1.0000000180025095e-35 -314.03999999999991 143.12500000000003 0.074482887763892572 3.7500000000000004 0.77500000000000013 1898.8000000000002 43.500000000000007 0.68038633472944909 151.50000000000003 149.50000000000003 0.16692623920419683 0.43650793650793651 1.0000000180025095e-35
decision_type=2 2 2 2 2 2 2 2 2 2 2 2 2 2
left_child=1 10 7 12 -5 13 -7 8 -2 -9 11 -1 -3 -4
right_child=2 3 5 4 -6 6 -8 9 -10 -11 -12 -13 -14 -15
leaf_value=-0.00044692817993240846 -0.0032790913040664227 -0.00091693661844280275 0.014459390565066947 0.0041874886713600219 0.04931159729211472 -0.01831902882513908 0.026692995924706919 -0.016393221445724086 0.041948774704635705 0.0036676725486020343 0.038670725806023425 0.029198733550190731 0.051476869692543961 -0.027743322516981694
leaf_weight=44.007927661645226 133.72488008008804 9.5015223087975738 7.7202546420157878 1431.7644888162613 18.476366793853231 41.173358493484557 24.276827649329789 400.89116230403306 17.779371758573689 87.493476195435505 90.765837099519558 69.420079069328494 28.184161389130168 343.13888890889939
leaf_count=173 474 40 33 3665 42 245 58 1539 72 292 271 185 81 2111
internal_value=-0.000501785 0.0082968 -0.0145971 0.00568045 0.00479941 -0.0227992 -0.00139745 -0.00922583 0.00223598 -0.012789 0.0272168 0.0177497 0.0384556 -0.026762
internal_weight=2748.32 1692.12 1056.2 1487.93 1450.24 416.309 65.4502 639.889 151.504 488.385 204.194 113.428 37.6857 350.859
internal_count=9281 4457 4824 3828 3707 2447 303 2377 546 1831 629 358 121 2144
is_linear=0
shrinkage=0.05


Tree=76
num_leaves=12
num_cat=0
split_feature=1 5 22 22 26 1 16 18 18 15 17
split_gain=18.8138 19.2491 17.6264 17.0207 14.0796 13.4395 13.1107 6.42488 14.7002 5.76265 2.92863
threshold=151.50000000000003 -409.56499999999994 0.9955599252091375 0.95913128636371925 -2.9992563450558936 170.50000000000003 3.8166666666666669 0.39634043859169515 0.40840683032398634 0.47222222222222227 -0.10555555555555554
decision_type=2 2 2 2 2 2 2 2 2 2 2
left_child=1 10 3 5 -3 -2 -6 9 -9 -4 -1
right_child=2 4 7 -5 6 -7 -8 8 -10 -11 -12
leaf_value=0.0076978021137144477 -0.027977129862877016 -0.039398190185128329 -0.031856537012921432 0.050652301041488434 0.0032705276803980223 0.0055202445578837137 -0.034424745908728203 0.040193073329726832 -0.017197563448682309 0.0073263074362452706 -0.034717184965878646
leaf_weight=3.9588656021514899 38.871205468080007 18.7216895428719 94.766283738601487 15.411794793559237 2957.7011768751545 118.96512374782469 22.233318502432667 11.708191200974396 90.508270646561868 9.8076208771672082 39.035881014191546
leaf_count=25 132 108 342 38 7734 250 62 26 268 25 271
internal_value=0.000901766 0.0022145 -0.00956987 0.00216961 0.00269688 -0.00282206 0.00297615 -0.0193923 -0.0102497 -0.0280998 -0.0306119
internal_weight=3421.69 3041.65 380.038 173.248 2998.66 157.836 2979.93 206.79 102.216 104.574 42.9947
internal_count=9281 8200 1081 420 7904 382 7796 661 294 367 296
is_linear=0
shrinkage=0.05


Tree=77
num_leaves=15
num_cat=0
split_feature=2 2 13 4 8 28 23 13 32 26 23 25 8 0
split_gain=104.516 32.9603 20.3203 19.4934 18.6294 35.5052 18.4959 16.09 20.6777 15.2779 18.93 12.7252 9.4389 6.92678
threshold=-30.499999999999996 51.500000000000007 0.77500000000000013 1610.1150000000002 1.2250000000000003 1.9803797956657743 -1.2174697584361471 2.1000000000000005 1.5000000000000002 -3.4384444277931001 -0.074438105178634487 1.1936758424036931 0.36666666666666675 37.500000000000007
decision_type=2 2 2 2 2 2 2 2 2 2 2 2 2 2
left_child=3 4 6 9 11 -6 -3 8 -5 -1 -11 -2 -4 -9
right_child=1 2 12 7 5 -7 -8 13 -10 10 -12 -13 -14 -15
leaf_value=0.04227767366093927 -0.0012868122771766534 -0.023120905695161544 -0.025577224733191285 -0.020209129888010397 0.020572059161477647 -0.018708531302953798 0.039552951439107621 0.043327166993401667 0.022777415166666568 0.0029081363044288835 0.019089820350731652 -0.01015430368439918 -0.0069177098983392643 -0.0089823761731591973
leaf_weight=49.913888804847375 866.19064250553492 19.570655963849276 331.98779798141913 110.72913131897803 189.10898243857082 81.473832862218842 26.572079039178789 22.7934527869802 36.314915046095848 267.05201124574523 565.98365529649891 761.16545177763328 87.230620651273057 8.011135063134132
leaf_count=153 1976 70 1320 255 548 188 67 51 55 623 1660 1998 289 28
internal_value=-0.00049689 -0.00635051 -0.0182633 0.0125331 -0.00341886 0.00870073 0.0129383 -0.00253315 -0.00947699 0.0155729 0.013918 -0.00544118 -0.0217322 0.0297115
internal_weight=3424.1 2363.3 465.361 1060.8 1897.94 270.583 46.1427 177.849 147.044 882.95 833.036 1627.36 419.218 30.8046
internal_count=9281 6456 1746 2825 4710 736 137 389 310 2436 2283 3974 1609 79
is_linear=0
shrinkage=0.05


Tree=78
num_leaves=15
num_cat=0
split_feature=2 11 4 2 4 33 33 28 28 4 27 14 3 2
split_gain=106.721 27.4732 24.524 17.4993 21.8536 16.3217 14.791 20.094 14.2061 13.3558 10.5366 8.93762 7.30165 7.09714
threshold=2.5000000000000004 -0.94999999999999984 1570.3550000000002 -26.499999999999996 1763.4400000000003 2.5000000000000004 1.0000000180025095e-35 1.1927686068047627 0.69983777702063332 1522.1650000000002 0.097431288054733958 -0.22499999999999998 1479.6400000000001 40.500000000000007
decision_type=2 2 2 2 2 2 2 2 2 2 2 2 2 2
left_child=3 2 8 4 12 10 7 -3 -2 -8 -5 -7 -1 -4
right_child=1 6 13 5 -6 11 9 -9 -10 -11 -12 -13 -14 -15
leaf_value=-0.0081561745177710348 -0.0096014137909810476 -0.0063227015152330984 0.055112269574100071 0.025540508712469847 0.039045952246408361 -0.029536267442825333 -0.0180817377668324 0.024650248423399572 0.01548911086941409 0.0026045653598055405 -0.00214315030132416 -0.0089525286135124123 -0.023143337917650143 0.0273625176886193
leaf_weight=102.82409716577968 77.795347486739047 76.593476283131167 28.234022092423402 38.013934725080617 15.000805645715444 80.597615282749757 85.118857622961514 160.72386229422409 197.35417849256191 827.81333278410602 286.87727693346096 156.25060578179546 439.15945902519161 160.72256325290073
leaf_count=360 159 290 69 154 32 163 239 743 477 1766 1244 361 2655 569
internal_value=-0.000511208 0.00771008 0.0179681 -0.0123756 -0.0186543 -0.00611901 0.00355479 0.0146483 0.00836787 0.000652696 0.00114907 -0.0160728 -0.0203295 0.0318035
internal_weight=2733.08 1614.36 464.106 1118.72 556.984 561.739 1150.25 237.317 275.15 912.932 324.891 236.848 541.984 188.957
internal_count=9281 4312 1274 4969 3047 1922 3038 1033 636 2005 1398 524 3015 638
is_linear=0
shrinkage=0.05


Tree=79
num_leaves=15
num_cat=0
split_feature=17 27 24 2 31 7 23 27 27 24 13 29 17 26
split_gain=17.2439 17.7328 19.6702 29.23 27.9181 18.3967 17.4004 17.1241 16.9258 12.9672 14.8619 5.40753 12.2069 2.54246
threshold=-1.8285714285714281 0.16559786257435702 0.39981394129883335 -51.499999999999993 3.5000000000000004 0.90000000000000013 -0.96916795351268614 0.087745067880652616 0.087745067880652616 0.20727831321132564 0.90000000000000013 -1.7166621356702068 -1.9499999999999997 -0.87815282800368066
decision_type=2 2 2 2 2 2 2 2 2 2 2 2 2 2
left_child=6 5 4 -4 -3 8 9 -7 -2 10 -1 13 -13 -8
right_child=1 2 3 -5 -6 7 11 -9 -10 -11 -12 12 -14 -15
leaf_value=-0.015097912306731579 0.00072521061340405076 -0.0046445776247687606 -0.021512082059710336 0.0069597939094892484 0.036347930324496062 0.015801295261419924 -0.035637972635021734 -0.01327627164503719 0.033256880995857739 0.0504932025555931 0.033110850381362612 -0.034976210229748041 0.061513473584049287 0.0062791276112256766
leaf_weight=79.489855773397721 58.552096704719588 1463.0084191477508 96.244786594994366 1227.7594918350223 41.733723692595959 100.46191986766644 76.676546005473938 100.01747159997467 127.58969387342222 10.523203107761217 18.932613153941929 7.5366724352352321 4.3163866300601494 3.294365629553794
leaf_count=172 138 4153 288 3141 38 291 438 297 196 18 43 56 6 6
internal_value=0.000912785 0.00180338 0.00042709 0.00487166 -0.00348095 0.0118331 -0.0132637 0.00127603 0.0231091 0.000241941 -0.00553439 -0.0291716 0.00182439 -0.0337932
internal_weight=3416.14 3215.37 2828.75 1324 1504.74 386.621 200.77 200.479 186.142 108.946 98.4225 91.824 11.8531 79.9709
internal_count=9281 8542 7620 3429 4191 922 739 588 334 233 215 506 62 444
is_linear=0
shrinkage=0.05


Tree=80
num_leaves=15
num_cat=0
split_feature=5 5 5 32 1 3 40 22 8 5 1 31 16 3
split_gain=113.425 39.2352 20.9478 20.2921 16.028 15.85 15.154 30.3492 17.8993 14.7964 13.8231 8.87195 6.89413 4.80298
threshold=-61.695000000000043 216.27500000000003 -166.0749999999999 2.5000000000000004 136.50000000000003 1643.8750000000002 1.0000000180025095e-35 0.69197414246219313 -0.77499999999999991 -89.720000000000013 82.500000000000014 4.5000000000000009 0.78888888888888908 1928.3950000000002
decision_type=2 2 2 2 2 2 2 2 2 2 2 2 2 2
left_child=2 6 11 10 5 -3 8 -8 -2 -5 -4 12 -1 -6
right_child=1 4 3 9 13 -7 7 -9 -10 -11 -12 -13 -14 -15
leaf_value=-0.0013455594764041913 -0.0066515459073609208 -0.032783339736072607 -0.019664131579317842 0.00089339219419601974 0.031422770436434364 0.014071383443229191 0.037331335530705806 -0.009517898287787159 0.0075069583684494387 0.043235473700208582 -0.0017170505898154724 0.039336666675968759 -0.024471612579108334 -0.011999673193618577
leaf_weight=35.420074731344357 274.45923340728041 18.354455078719184 266.62722486618441 84.000516201369464 178.14334022754338 267.6944862967357 36.672209615004249 416.9636146054836 1172.697058656835 26.481037056073546 180.50684711919166 4.895049810409545 435.76144361478509 5.9420306887477627
leaf_count=89 661 61 888 131 583 780 74 980 2683 36 501 4 1795 15
internal_value=-0.000503999 0.00552048 -0.0143188 -0.00770694 0.0184391 0.0109438 0.0023146 -0.0056458 0.00481555 0.0113839 -0.0124501 -0.0220203 -0.0227503 0.0299369
internal_weight=3404.62 2370.93 1033.69 557.616 470.134 286.049 1900.79 453.636 1447.16 110.482 447.134 476.077 471.182 184.085
internal_count=9281 5837 3444 1556 1439 841 4398 1054 3344 167 1389 1888 1884 598
is_linear=0
shrinkage=0.05


Tree=81
num_leaves=15
num_cat=0
split_feature=2 8 16 2 4 40 7 27 21 28 30 26 28 3
split_gain=98.3964 25.568 19.6225 16.7131 20.2598 15.2452 17.6907 12.9477 12.7638 12.4819 12.3114 10.7031 9.48718 7.07061
threshold=2.5000000000000004 -0.44999999999999996 2.2111111111111117 -26.499999999999996 1763.4400000000003 1.0000000180025095e-35 1.6333333333333335 0.79284456847235041 0.36567589882251678 0.91755606007458224 2.5000000000000004 -0.45217277292403796 1.9359080233040853 1479.6400000000001
decision_type=2 2 2 2 2 2 2 2 2 2 2 2 2 2
left_child=3 2 9 4 13 7 -7 -3 -4 -2 11 -5 -12 -1
right_child=1 5 8 10 -6 6 -8 -9 -10 -11 12 -13 -14 -15
leaf_value=-0.0078548748935558192 0.00030001065497176364 -0.00023269711992459407 0.022883394991600553 0.007314750440327829 0.037128612381879332 0.0033716414111543275 0.037751022495417015 -0.028928598048893035 0.066979984223193206 0.015367566780874085 -0.030465311534258813 -0.0083084095120624039 0.018817039177743786 -0.022678274998243014
leaf_weight=102.05041679751594 190.06478837307077 633.95817537896801 52.115559196099639 168.06873456307221 15.114466162165625 114.62864791799802 54.991532252402976 40.936701108003035 24.717733556171879 502.40027972916141 70.165758410003036 310.12699723581318 10.499141535721717 429.28413713088958
leaf_count=360 432 1791 146 553 32 310 155 89 49 1340 143 1202 24 2655
internal_value=-0.000505549 0.0073625 0.013951 -0.0119941 -0.0182104 0.00134554 0.0147028 -0.00202091 0.0378121 0.0112455 -0.00588536 -0.00280319 -0.0238377 -0.0198607
internal_weight=2719.12 1613.81 769.298 1105.31 546.449 844.515 169.62 674.895 76.8333 692.465 558.861 478.196 80.6649 531.335
internal_count=9281 4312 1967 4969 3047 2345 465 1880 195 1772 1922 1755 167 3015
is_linear=0
shrinkage=0.05


Tree=82
num_leaves=10
num_cat=0
split_feature=5 17 17 23 20 5 26 30 17
split_gain=16.2414 16.5288 16.877 16.863 18.4439 13.4632 8.72111 4.61783 2.93731
threshold=-409.56499999999994 -1.8285714285714281 -1.6833333333333331 -0.96916795351268614 -0.71831804393379417 168.35000000000005 -1.3221552808313508 2.5000000000000004 -0.10555555555555554
decision_type=2 2 2 2 2 2 2 2 2
left_child=8 3 6 4 -2 -4 -3 -5 -1
right_child=1 2 5 7 -6 -7 -8 -9 -10
leaf_value=0.0084971891621445795 -0.010772449871970952 0.036745717492780314 0.0030538041919988706 -0.034284073427464701 0.037409177176068897 -0.0061374685034051623 -0.010613243735643714 -0.0052989340521800467 -0.034278732151222346
leaf_weight=3.8896063490537918 82.796434482792392 50.198594309273176 2643.186603635666 71.370225158520043 25.028527490328997 467.87095366301946 11.334951315540819 17.98999191110488 37.056817433156539
leaf_count=25 203 111 6525 436 29 1580 31 70 271
internal_value=0.00092587 0.00131181 0.0021876 -0.012694 0.000606597 0.0016684 0.0279117 -0.0286273 -0.0299904
internal_weight=3410.72 3369.78 3172.59 197.185 107.825 3111.06 61.5335 89.3602 40.9464
internal_count=9281 8985 8247 738 232 8105 142 506 296
is_linear=0
shrinkage=0.05


Tree=83
num_leaves=13
num_cat=0
split_feature=5 2 30 5 26 20 32 10 6 1 0 2
split_gain=103.614 36.4516 22.0984 18.5924 14.9822 18.7208 13.4402 12.1424 19.3393 19.3341 5.56236 1.19362
threshold=-61.695000000000043 -37.499999999999993 3.5000000000000004 -166.0749999999999 2.6035965451885072 0.50938376257445162 2.5000000000000004 1.8166666666666669 0.90000000000000013 124.50000000000001 168.50000000000003 -4.4999999999999991
decision_type=2 2 2 2 2 2 2 2 2 2 2 2
left_child=2 7 3 10 5 -3 -5 8 -2 -9 -1 -6
right_child=1 4 -4 6 11 -7 -8 9 -10 -11 -12 -13
leaf_value=-0.019209237814162686 0.010974631615999661 -0.0032761763475284648 0.044080129738538462 -0.012264798268470156 -0.046024350351816304 0.0083438531419268019 0.0076637851110513862 0.010445856695272933 -0.049738647125946209 0.039420908967796847 -0.033057983502968451 -0.019102284190740088
leaf_weight=365.37819615437184 621.42239893076476 908.85395513393451 15.234824579209088 441.96599247690756 15.523052104632372 558.72971500083804 103.52838884526864 134.99763471097685 12.397868158179334 101.58001137943938 95.227545396774076 9.5443570188945142
leaf_count=1548 1647 2064 16 1386 31 1346 160 404 22 286 334 37
internal_value=-0.000525393 0.0052247 -0.0138263 -0.014751 0.00047707 0.001147 -0.00846634 0.0133508 0.00970269 0.0230216 -0.0221486 -0.0370917
internal_weight=3384.38 2363.05 1021.33 1006.1 1492.65 1467.58 545.494 870.398 633.82 236.578 460.606 25.0674
internal_count=9281 5837 3444 3428 3478 3410 1546 2359 1669 690 1882 68
is_linear=0
shrinkage=0.05


Tree=84
num_leaves=15
num_cat=0
split_feature=2 11 25 13 2 33 33 13 21 29 14 21 17 27
split_gain=90.3699 24.6404 22.4313 26.8024 15.7966 14.9098 13.4574 18.7396 13.6688 13.1316 12.6892 13.9971 9.94044 9.40474
threshold=2.5000000000000004 -0.94999999999999984 1.1495725610259064 1.1000000000000003 -26.499999999999996 2.5000000000000004 1.0000000180025095e-35 2.4500000000000006 0.08974065999409446 -1.2427639626504152 0.36666666666666675 0.57951574214824897 -0.4142857142857142 0.097431288054733958
decision_type=2 2 2 2 2 2 2 2 2 2 2 2 2 2
left_child=4 2 3 -2 10 13 7 -3 -8 -4 -1 -12 -7 -6
right_child=1 6 9 -5 5 12 8 -9 -10 -11 11 -13 -14 -15
leaf_value=-0.022363680298630242 0.017599934610875331 0.0092294828972580584 -0.011113324455821147 -0.0177114546101774 0.024057517888524976 -0.034576916527909084 -0.026315658057008931 0.058894097983055171 0.0017167832388816859 0.032212133043549605 0.0062539923151899955 -0.026651754201650155 -0.0096684575956982963 -0.001915500889941194
leaf_weight=393.45790454896633 167.16343537042849 218.12103732395917 18.509417298482731 77.935426208772697 38.655862574931234 51.417807500110939 44.769429202890024 19.952368952683173 869.03153636702336 197.99922506709117 94.601836999470834 47.767861859116238 180.6224315520376 285.69070796272717
leaf_count=2347 410 923 30 167 154 100 63 110 1942 667 447 253 424 1244
internal_value=-0.000512229 0.00700257 0.0167528 0.00632512 -0.0116144 -0.00568472 0.00307974 0.0136416 0.000310672 0.0284512 -0.0177401 -0.00486055 -0.0153341 0.00122904
internal_weight=2705.7 1613.48 461.608 245.099 1092.21 556.387 1151.87 238.073 913.801 216.509 535.828 142.37 232.04 324.347
internal_count=9281 4312 1274 577 4969 1922 3038 1033 2005 697 3047 700 524 1398
is_linear=0
shrinkage=0.05


Tree=85
num_leaves=9
num_cat=0
split_feature=36 5 5 28 8 29 19 26
split_gain=15.6381 15.7131 15.2965 16.8624 14.1528 2.87478 1.65797 1.445
threshold=928.50000000000011 -409.56499999999994 245.36000000000013 0.77794854085755982 1.4500000000000002 -0.59405562013413393 0.76648144775871663 -2.5108871446691636
decision_type=2 2 2 2 2 2 2 2
left_child=1 5 4 -4 -3 -1 7 -2
right_child=6 2 3 -5 -6 -7 -8 -9
leaf_value=0.0080551510270396569 -0.032144113901137382 0.003748630766020126 -0.02416581649055909 0.00095437265779896015 -0.0076287065116207552 -0.034032287870239812 -0.044014418985959994 0.011706307768784233
leaf_weight=3.9681738326326004 2.5656178593635559 2766.9526399730239 115.15479983971454 156.2187967634527 302.10585996729787 35.78717628272716 19.872755048098043 2.9575107125565436
leaf_count=14 14 6849 584 554 894 282 62 28
internal_value=0.000938734 0.00123917 0.00161661 -0.00973637 0.00262494 -0.0296141 -0.0373917 -0.00970175
internal_weight=3405.58 3380.19 3340.43 271.374 3069.06 39.7554 25.3959 5.52313
internal_count=9281 9177 8881 1138 7743 296 104 42
is_linear=0
shrinkage=0.05


Tree=86
num_leaves=13
num_cat=0
split_feature=5 5 30 5 1 23 40 22 23 32 0 31
split_gain=94.8341 33.7601 20.6913 17.9069 15.3064 14.6621 14.0831 28.5876 18.3574 12.6891 5.50129 4.86811
threshold=-61.695000000000043 216.27500000000003 3.5000000000000004 -166.0749999999999 136.50000000000003 -0.499928288505815 1.0000000180025095e-35 0.69197414246219313 -0.013203988875974149 2.5000000000000004 168.50000000000003 1.0000000180025095e-35
decision_type=2 2 2 2 2 2 2 2 2 2 2 2
left_child=2 6 3 10 5 -3 8 -8 -2 -5 -1 -6
right_child=1 4 -4 9 11 -7 7 -9 -10 -11 -12 -13
leaf_value=-0.018674433108841083 -0.0020317926283585268 -0.039131587100802084 0.042404796754691942 -0.011809549328864426 0.032206956722338267 0.012419611689479013 0.036046956012280425 -0.0094475488896103854 0.009335053017533233 0.0075610747245232869 -0.032612416668360691 0.0087590460748993432
leaf_weight=359.6826916958089 624.38210957415868 13.537349383812396 15.391144786030052 438.75618547596969 149.19585241645109 268.08097610424738 36.63729804137256 415.55169225262944 820.14293023233768 103.60362447984517 92.579779620980844 27.756264525232837
leaf_count=1548 1377 30 16 1386 531 811 74 980 1967 160 334 67
internal_value=-0.000536621 0.00495837 -0.0133477 -0.0142572 0.0171187 0.00979417 0.00200825 -0.00567905 0.00442038 -0.00809299 -0.0216043 0.028627
internal_weight=3365.3 2355.28 1010.01 994.622 458.57 281.618 1896.71 452.189 1444.53 542.36 452.262 176.952
internal_count=9281 5837 3444 3428 1439 841 4398 1054 3344 1546 1882 598
is_linear=0
shrinkage=0.05


Tree=87
num_leaves=15
num_cat=0
split_feature=5 5 27 5 27 14 24 23 11 0 18 16 27 2
split_gain=101.714 26.8251 16.0888 15.8654 14.4961 14.0068 16.1109 10.3587 12.3476 8.34364 9.81584 7.49332 4.54532 3.70816
threshold=1.0000000180025095e-35 -314.03999999999991 0.074482887763892572 143.12500000000003 0.79284456847235041 0.77500000000000013 0.55243699992538409 2.0773416628919708 1.3541666666666667 149.50000000000003 0.19342278115323006 0.43650793650793651 0.57733216143219057 39.500000000000007
decision_type=2 2 2 2 2 2 2 2 2 2 2 2 2 2
left_child=1 9 11 7 -4 12 -7 8 -2 10 -1 -3 -5 -11
right_child=3 2 4 5 -6 6 -8 -9 -10 13 -12 -13 -14 -15
leaf_value=0.0040855796539555648 -0.0092151236796059448 -0.0015260183836644597 0.0049877863431672135 -0.02638442120494966 -0.017778533153512455 0.029442814895082599 -0.021085513628334475 -0.035405343752681721 0.013279424436086935 -0.0045948639228252331 0.03531271475513343 0.048922202153449001 0.0076964160043069569 0.038900660959400743
leaf_weight=72.580353435943834 522.35404598811874 9.4861655727727321 1382.5294725471176 310.38494293956319 72.591600540443324 26.564638018782716 35.876740644802339 32.142005219706334 67.998168745427392 4.790894496953114 38.143054244574159 28.407351446221583 9.4565673189354111 78.919167168322019
leaf_count=238 2049 40 3524 2075 183 128 175 101 227 16 120 81 69 255
internal_value=-0.000516445 0.00697992 0.0046921 -0.0131054 0.00383718 -0.0211233 0.00045736 -0.0081475 -0.00659762 0.0244081 0.0151075 0.03645 -0.0253403 0.0363274
internal_weight=2692.23 1687.45 1493.01 1004.78 1455.12 382.283 62.4414 622.494 590.352 194.433 110.723 37.8935 319.842 83.7101
internal_count=9281 4457 3828 4824 3707 2447 303 2377 2276 629 358 121 2144 271
is_linear=0
shrinkage=0.05


Tree=88
num_leaves=7
num_cat=0
split_feature=20 36 5 2 29 19
split_gain=15.6372 14.0888 14.0023 14.7755 2.96357 2.07899
threshold=-4.3629804624743409 928.50000000000011 -409.56499999999994 -32.499999999999993 -0.59405562013413393 0.76648144775871663
decision_type=2 2 2 2 2 2
left_child=-1 2 4 -4 -2 -3
right_child=1 5 3 -5 -6 -7
leaf_value=-0.035845736245498069 0.01530567274418137 -0.0028565008394501453 -0.0039801588929820495 0.0037746738637662678 -0.033564592823807263 -0.043391474310570846
leaf_weight=27.634241805935744 2.7012576898559919 4.2487046229653087 812.57041994045721 2501.8197926172288 32.557644433691166 19.092743852175772
leaf_count=111 11 34 2665 6141 258 61
internal_value=0.000942558 0.00125597 0.00153239 0.00187133 -0.0293638 -0.036639
internal_weight=3400.62 3372.99 3349.65 3314.39 35.2589 23.3414
internal_count=9281 9170 9075 8806 269 95
is_linear=0
shrinkage=0.05


Tree=89
num_leaves=12
num_cat=0
split_feature=5 2 30 5 22 2 32 17 18 1 13
split_gain=86.847 30.865 19.4462 17.1646 14.5795 16.5018 11.8845 11.2652 15.2069 11.1659 5.5455
threshold=-61.695000000000043 -37.499999999999993 3.5000000000000004 -166.0749999999999 0.4622729155768282 25.500000000000004 2.5000000000000004 2.1055555555555561 0.61952328050713523 144.50000000000003 0.77500000000000013
decision_type=2 2 2 2 2 2 2 2 2 2 2
left_child=2 7 3 10 9 -6 -5 8 -2 -3 -1
right_child=1 4 -4 6 5 -7 -8 -9 -10 -11 -12
leaf_value=-0.0034823134539004757 0.015067288773276009 -0.042010965102938364 0.040948374325850107 -0.01137062683167967 -0.00032396801612353648 0.018355401216568874 0.0073770083166343056 0.054521118066373657 -0.0010083939329543713 0.0018813232717109414 -0.022858951186626883
leaf_weight=41.76393346185796 653.82898302190006 34.01066882815212 15.516996208578346 435.64712554914877 1303.4917249679565 128.97911051870324 103.75084846420214 14.620654877508057 188.84266074444167 24.220441753510386 402.21560146898264
leaf_count=123 1832 62 16 1386 3001 364 160 34 493 51 1759
internal_value=-0.000540736 0.00471118 -0.0128832 -0.0137785 0.000358531 0.00136606 -0.00774837 0.0122647 0.0114619 -0.0239466 -0.0210594
internal_weight=3346.89 2347.99 998.895 983.378 1490.7 1432.47 539.398 857.292 842.672 58.2311 443.98
internal_count=9281 5837 3444 3428 3478 3365 1546 2359 2325 113 1882
is_linear=0
shrinkage=0.05


Tree=90
num_leaves=15
num_cat=0
split_feature=5 5 25 22 25 40 27 34 19 5 27 23 26 19
split_gain=93.8607 24.9375 15.4989 22.5363 21.0101 14.9608 17.5854 14.1704 13.7721 13.4277 11.0383 3.08275 2.3231 5.7745
threshold=1.0000000180025095e-35 -384.3300000000001 1.1909493350401468 0.66753308474393003 1.851703835605979 1.0000000180025095e-35 0.37788495553729801 0.43650793650793651 2.4488254289125195 143.12500000000003 0.092676457492222572 -1.8317490031495349 0.47410667613774743 0.55636483926947478
decision_type=2 2 2 2 2 2 2 2 2 2 2 2 2 2
left_child=1 12 9 4 -4 6 -3 -5 -7 10 -2 -11 13 -1
right_child=2 5 3 7 -6 8 -8 -9 -10 11 -12 -13 -14 -15
leaf_value=0.034275109685700376 0.0084386914754577477 0.0097023999935274396 0.11158511495800512 0.0058249936122114791 -0.030078393526177766 0.011655149341750959 -0.002312079090741481 -0.01395353730116982 0.051298800183719732 0 -0.015489789572641311 -0.028086856633315976 0.037519943011702479 -0.011484570656450597
leaf_weight=18.958356951596219 57.124171628907789 517.90330266137607 6.675038004294036 136.89128785254434 3.3633989938534796 318.47402416821569 735.55587404244579 262.38736308342777 22.779179133009166 10.491329903714357 282.14011392946122 233.44082858669572 62.620624562259763 9.7093878488522005
leaf_count=82 225 1440 51 491 26 713 1880 1409 54 28 977 1617 245 43
internal_value=-0.000519746 0.00665863 -0.0127132 -0.00521985 0.0652426 0.0051889 0.00265185 -0.00716243 0.0144582 -0.017946 -0.0114331 -0.0269001 0.0319447 0.0187437
internal_weight=2678.51 1686 992.514 409.317 10.0384 1594.71 1253.46 399.279 341.253 583.196 339.264 243.932 91.2884 28.6677
internal_count=9281 4457 4824 1977 77 4087 3320 1900 767 2847 1202 1645 370 125
is_linear=0
shrinkage=0.05


Tree=91
num_leaves=15
num_cat=0
split_feature=29 22 29 10 0 28 30 27 36 28 24 25 4 26
split_gain=14.5718 18.3851 15.7862 19.2422 16.7236 23.637 16.0382 15.494 13.0317 12.0318 10.6067 10.1736 4.43584 2.18981
threshold=-2.1118293181313574 0.87109793759042953 -1.2427639626504152 1.6833333333333336 175.50000000000003 0.69515652104554537 1.0000000180025095e-35 0.38753975339477986 36.500000000000007 0.39743766668416181 0.54292511866060778 1.3379164103996339 1318.9550000000002 -1.1030369624606484
decision_type=2 2 2 2 2 2 2 2 2 2 2 2 2 2
left_child=1 8 3 6 7 -6 -2 -4 9 -1 -5 13 -10 -3
right_child=2 11 4 10 5 -7 -8 -9 12 -11 -12 -13 -14 -15
leaf_value=0.039470614952692933 0.0048474889566457215 -0.037458442259072564 -0.0026532170448897779 -0.028829091044596779 0.040424134279598692 -0.02618951658788872 0.029157807233215538 0.004815645589159985 -0.036365915031836102 -0.0056757295840250055 0.044644041173157463 0.009113572648968598 0.0077784375912324016 0
leaf_weight=28.881365682464093 135.36004087037873 73.324711854860652 1294.2208973948145 35.937452810350806 14.300184318330137 103.6120593266096 137.17310255905613 1494.8658711282187 19.43235793616623 28.396881558815949 4.7087511643767348 14.656740426085888 7.2238682407187289 4.2233797169756135
leaf_count=61 346 399 3711 178 24 330 248 3810 64 55 5 19 19 12
internal_value=0.000948064 -0.013011 0.00171696 0.012365 0.000564242 -0.0177967 0.0171637 0.00134837 0.00386786 0.0172892 -0.0193298 -0.0283062 -0.0243733 -0.0354682
internal_weight=3396.32 176.139 3220.18 313.179 2907 117.912 272.533 2789.09 83.9345 57.2782 40.6462 92.2048 26.6562 77.5481
internal_count=9281 629 8652 777 7875 354 594 7521 199 116 183 430 83 411
is_linear=0
shrinkage=0.05


Tree=92
num_leaves=13
num_cat=0
split_feature=5 5 30 5 1 3 40 22 36 32 0 31
split_gain=79.2196 29.2288 18.2053 16.4134 14.7173 14.1542 13.3372 27.0381 15.458 11.1937 5.46934 4.90123
threshold=-61.695000000000043 216.27500000000003 3.5000000000000004 -166.0749999999999 136.50000000000003 1643.8750000000002 1.0000000180025095e-35 0.69197414246219313 359.50000000000006 2.5000000000000004 168.50000000000003 1.0000000180025095e-35
decision_type=2 2 2 2 2 2 2 2 2 2 2 2
left_child=2 6 3 10 5 -3 8 -8 -2 -5 -1 -6
right_child=1 4 -4 9 11 -7 7 -9 -10 -11 -12 -13
leaf_value=-0.017569839262358083 0.002997203999731668 -0.03276875384565537 0.039448900405656281 -0.010945363349038425 0.031136290285126031 0.011779280063036588 0.034837190917527586 -0.0094240472783656895 0.028857461096062437 0.0072526587945446605 -0.031800133265721557 0.0073953500924049623
leaf_weight=348.10511084785685 1383.1069446555339 18.135394434793852 15.65035008266568 432.67415900458582 143.60513975436334 259.31288418942131 36.612514921231195 414.66120064374991 59.397784866625443 103.86252326797694 87.503313236811664 27.136211482225917
leaf_count=1548 3198 61 16 1386 531 780 74 980 146 160 334 67
internal_value=-0.000547384 0.00445985 -0.0124166 -0.0132964 0.0159282 0.00874222 0.00173608 -0.00575292 0.00408477 -0.00740636 -0.0205061 0.0274572
internal_weight=3329.76 2341.97 987.795 972.145 448.19 277.448 1893.78 451.274 1442.5 536.537 435.608 170.741
internal_count=9281 5837 3444 3428 1439 841 4398 1054 3344 1546 1882 598
is_linear=0
shrinkage=0.05


Tree=93
num_leaves=15
num_cat=0
split_feature=5 5 1 40 34 16 22 8 0 16 2 15 11 26
split_gain=86.3265 23.8725 16.5481 15.5648 15.4014 17.4793 14.4341 12.9797 12.368 13.3393 12.165 9.08776 8.59031 3.15785
threshold=1.0000000180025095e-35 -285.17500000000001 43.500000000000007 1.0000000180025095e-35 0.43650793650793651 2.354166666666667 2.2094968574058522 -3.3666666666666658 151.50000000000003 1.788888888888889 51.500000000000007 0.47222222222222227 1.0500000000000003 -1.6113850832222267
decision_type=2 2 2 2 2 2 2 2 2 2 2 2 2 2
left_child=1 8 4 6 5 -2 -3 -4 9 -1 -5 -6 -9 -10
right_child=2 3 7 10 11 -7 -8 12 13 -11 -12 -13 -14 -15
leaf_value=-0.0032397761305459462 0.025124875496242389 0.0024949159899234317 0.054844101764937703 0.0068593491064617013 -0.02833946410657915 -0.038283512246329116 -0.022361578711531147 -0.013443520948388937 0.00093664137966068548 0.025718576933063161 0.027966092308399013 -0.00010101409911992691 -0.02646236585374382 0.03897534884872695
leaf_weight=72.853920576395467 75.182274630409665 1067.7788632977754 5.4932825774885705 213.47534604242537 46.584428626403678 11.710476903244851 60.762743614497595 606.11799663183047 6.2053834351245305 85.328251534374431 100.71390282420907 71.918137454311363 163.1587793113431 77.877667377586477
leaf_count=236 222 2810 28 573 192 20 142 3076 13 259 155 338 948 269
internal_value=-0.000526984 0.00633341 -0.0123202 0.00388307 0.000274161 0.0161841 0.00113356 -0.0156615 0.0208291 0.0124133 0.0137083 -0.0113879 -0.016242 0.0362708
internal_weight=2665.16 1685 980.165 1442.73 205.395 86.8928 1128.54 774.77 242.265 158.182 314.189 118.503 769.277 84.0831
internal_count=9281 4457 4824 3680 772 242 2952 4052 777 495 728 530 4024 282
is_linear=0
shrinkage=0.05


Tree=94
num_leaves=6
num_cat=0
split_feature=20 36 0 5 19
split_gain=14.4815 13.119 12.8113 12.6672 2.04312
threshold=-4.3629804624743409 928.50000000000011 1.5000000000000002 -409.56499999999994 0.76648144775871663
decision_type=2 2 2 2 2
left_child=-1 2 -2 -4 -3
right_child=1 4 3 -5 -6
leaf_value=-0.035091021958138478 -0.039551547550878981 -0.0022570425660462072 -0.028579348403106015 0.002061055824449673 -0.042580011668362311
leaf_weight=26.635010684898589 17.878409312223084 4.1976220449432757 33.06476289202692 3290.9730297377682 18.567190489498898
leaf_count=111 72 34 269 8734 61
internal_value=0.000950701 0.00124784 0.00151207 0.00174626 -0.0357631
internal_weight=3391.32 3364.68 3341.92 3324.04 22.7648
internal_count=9281 9170 9075 9003 95
is_linear=0
shrinkage=0.05


Tree=95
num_leaves=13
num_cat=0
split_feature=5 5 40 25 22 35 16 19 31 19 0 2
split_gain=73.2772 37.4555 21.3924 20.6254 16.9833 26.2928 16.8359 12.2296 7.33048 6.3638 7.97187 0.939218
threshold=-154.02499999999995 88.230000000000032 1.0000000180025095e-35 0.22389042118957667 1.4866605397995072 6.5000000000000009 0.89444444444444449 3.2652332963084949 4.5000000000000009 1.7882014934309867 168.50000000000003 11.500000000000002
decision_type=2 2 2 2 2 2 2 2 2 2 2 2
left_child=8 2 3 -2 5 -3 -6 -4 9 10 -1 -11
right_child=1 4 7 -5 6 -7 -8 -9 -10 11 -12 -13
leaf_value=-0.013457629849231026 0.037105758316595676 -0.0066784241197421759 -0.015425773955818302 -0.00071966916103865521 0.030607003188555762 0.013418446402285376 0.010460936940115014 0.037573095108334509 0.036390259053823697 -0.0086787678246986414 -0.030348692805879818 -0.037742527989965843
leaf_weight=328.32250121439574 36.158964625908993 328.87729091837537 331.06461104936898 1191.750119809527 132.3023616297869 320.02516989270225 485.00528930756263 10.272919278708285 5.0279481410980216 4.1663453856017432 90.304514434421435 48.731395867303945
leaf_count=1490 105 662 879 2882 448 1053 1184 31 4 22 341 180
internal_value=-0.000547857 0.00250146 -0.00265778 0.000419418 0.00889644 0.00323064 0.0148293 -0.013711 -0.0186688 -0.0193423 -0.0171769 -0.0357497
internal_weight=3312.01 2835.46 1569.25 1227.91 1266.21 648.902 617.308 341.338 476.553 471.525 418.627 52.8977
internal_count=9281 7244 3897 2987 3347 1715 1632 910 2037 2033 1831 202
is_linear=0
shrinkage=0.05


Tree=96
num_leaves=15
num_cat=0
split_feature=2 30 34 4 23 2 1 0 35 35 35 32 19 27
split_gain=67.4466 24.8887 16.0178 21.649 15.9312 15.4092 18.5179 14.1842 13.6176 11.2322 6.54592 6.19067 8.66092 1.67348
threshold=-16.499999999999996 1.0000000180025095e-35 0.37980769230769235 1610.1150000000002 2.0167753582385282 41.500000000000007 116.50000000000001 38.500000000000007 198.50000000000003 32.500000000000007 8.5000000000000018 1.0000000180025095e-35 0.41913907373786291 0.40010490513425362
decision_type=2 2 2 2 2 2 2 2 2 2 2 2 2 2
left_child=2 5 3 10 8 7 -7 -2 -3 -5 -1 12 -4 -13
right_child=1 4 11 9 -6 6 -8 -9 -10 -11 -12 13 -14 -15
leaf_value=-0.0043695994132801098 0.015802533878424434 -0.0036994185302757659 0.012936572778625808 0.035300152091543011 -0.039607041753888093 0.01121374655998285 0.041242284807680579 -0.0013948858730121793 0.02326930452991291 -0.0086091111579549417 -0.028827752856425068 -0.033102502333758756 -0.017534267384046801 -0.018837144486742015
leaf_weight=67.91624986246461 158.83454568486195 644.59185186307877 24.061083523207344 44.661163285723887 27.965098629938439 560.37040298478678 55.960444392869249 477.76969748712145 49.443905458319932 20.655859429039992 45.997075371211395 80.877664591302164 355.06332045124145 37.140647740801796
leaf_count=242 591 1308 124 130 52 1753 106 1707 103 90 319 263 2403 90
internal_value=-0.000545941 0.0041198 -0.0141628 -0.00130693 -0.00326658 0.00837939 0.0140107 0.00290613 -0.00174023 0.0214185 -0.014454 -0.0187756 -0.0155583 -0.0288512
internal_weight=2651.31 1974.94 676.373 179.23 722.001 1252.94 616.331 636.604 694.036 65.317 113.913 497.143 379.124 118.018
internal_count=9281 5620 3661 781 1463 4157 1859 2298 1411 220 561 2880 2527 353
is_linear=0
shrinkage=0.05


Tree=97
num_leaves=6
num_cat=0
split_feature=20 36 0 5 19
split_gain=13.6938 12.4808 12.1141 11.7805 1.99156
threshold=-4.3629804624743409 928.50000000000011 1.5000000000000002 -409.56499999999994 0.76648144775871663
decision_type=2 2 2 2 2
left_child=-1 2 -2 -4 -3
right_child=1 4 3 -5 -6
leaf_value=-0.034537786459078457 -0.03883838163349583 -0.0021043958935279415 -0.02807955467166991 0.0020206832283229852 -0.042011680741240134
leaf_weight=25.950683984148782 17.50312314950861 4.1857320042327073 31.814220697444398 3289.9133476158022 18.180311708943918
leaf_count=111 72 34 269 8734 61
internal_value=0.000955373 0.00124105 0.00149686 0.00172253 -0.0351668
internal_weight=3387.55 3361.6 3339.23 3321.73 22.366
internal_count=9281 9170 9075 9003 95
is_linear=0
shrinkage=0.05


Tree=98
num_leaves=15
num_cat=0
split_feature=34 4 11 10 9 1 0 13 24 29 9 17 36 20
split_gain=33.3735 25.6936 24.9965 24.0502 29.0985 22.9259 16.1019 13.8803 13.6252 12.0742 10.9316 22.6009 9.11205 2.61068
threshold=0.5590277777777779 1869.1550000000002 -1.5277777777777775 1.9500000000000002 0.73214285714285732 151.50000000000003 54.500000000000007 1.0000000180025095e-35 0.54007877083749445 -2.0574062768620025 0.68333333333333346 1.5857142857142861 100.50000000000001 -0.59309929938447137
decision_type=2 2 2 2 2 2 2 2 2 2 2 2 2 2
left_child=1 2 7 4 9 -4 8 -1 -5 -2 12 -12 -3 -8
right_child=3 10 5 6 -6 -7 13 -9 -10 -11 11 -13 -14 -15
leaf_value=0.039930615387277629 0.023637645272300483 -0.029757878816593215 -0.0018937016176964331 0.024954735476371823 -0.051679766530376883 0.015623636027837472 0.011098808876337157 -0.01972622532059258 -0.0050706084843775891 0.0023468353521499635 0.042204486411670558 -0.032284001910251402 0.014429140442823108 0.049492869580137995
leaf_weight=9.2216284772148338 76.300681096035987 147.91292082658038 1848.2328754143673 105.5717550474219 22.351220924872905 206.75999967067037 5.9770121413748702 228.1378629875835 57.702444501454011 488.99600455572363 18.371872487943619 20.451993578812107 11.91782168112695 48.982613090891391
leaf_count=25 235 322 5588 277 32 516 9 864 105 1062 38 34 33 141
internal_value=-0.000541049 -0.00340397 -0.00190237 0.00829538 0.0030075 -0.000122047 0.0224328 -0.0172297 0.0143468 0.00526605 -0.0206102 0.00301386 -0.0263627 0.0456797
internal_weight=3296.89 2491.01 2292.35 805.882 587.648 2054.99 218.234 237.359 163.274 565.297 198.655 38.8239 159.831 54.9596
internal_count=9281 7420 6993 1861 1329 6104 532 889 382 1297 427 72 355 150
is_linear=0
shrinkage=0.05


Tree=99
num_leaves=15
num_cat=0
split_feature=5 5 5 16 40 22 28 21 12 21 26 19 29 26
split_gain=74.9385 28.8475 16.3446 16.1122 14.5526 11.942 13.9512 10.2578 9.85664 16.0686 2.66284 1.97625 1.67686 0.338619
threshold=-109.79999999999994 109.11000000000014 -409.56499999999994 3.3166666666666669 1.0000000180025095e-35 0.30851527165907311 0.99970931657285889 0.16692623920419683 0.36666666666666675 0.5815077279717914 0.73186876307431026 1.2299422654568701 -0.30204292937386684 -0.19321966632689277
decision_type=2 2 2 2 2 2 2 2 2 2 2 2 2 2
left_child=2 5 12 4 -4 6 -2 -7 10 -10 -3 -5 -1 -14
right_child=1 8 3 11 -6 7 -8 -9 9 -11 -12 -13 13 -15
leaf_value=0.0078751654328508697 0.056282949402278681 -0.025298146952098088 0.0040783111741769197 0.026665870718508167 0.019189239011191045 -0.016051911842877745 -0.019231521775935928 -0.0019838998576790562 0.0015598779464677844 -0.026623113629371316 0.017365381443478167 0.063726308577147839 0.015856671129955698 0.038813759685278906
leaf_weight=6.4123914591036728 16.457827392150651 245.0974995472352 757.36714388255496 8.9508040781365725 201.59142197796609 148.94573967170436 8.6630825818283466 967.78337305499008 124.33135915349703 83.787148147355765 2.9175824524136251 12.399529125774277 4.4187655232381067 51.224240802926943
leaf_count=21 41 1693 2008 23 354 378 40 3131 772 498 24 23 31 244
internal_value=-0.000549235 -0.00735262 0.00987287 0.00826924 0.00727681 -0.00309502 0.0303107 -0.0038774 -0.0179698 -0.00983555 -0.0247085 0.0503012 0.0345937 0.0373911
internal_weight=2640.35 1597.98 1042.36 980.309 958.959 1141.85 25.1209 1116.73 456.134 208.119 248.015 21.3503 62.0554 55.643
internal_count=9281 6577 2704 2408 2362 3590 81 3509 2987 1270 1717 46 296 275
is_linear=0
shrinkage=0.05


Tree=100
num_leaves=6
num_cat=0
split_feature=20 36 0 21 19
split_gain=13.0157 11.8177 11.4548 11.3105 1.92955
threshold=-4.3629804624743409 928.50000000000011 1.5000000000000002 0.69142119362372012 0.76648144775871663
decision_type=2 2 2 2 2
left_child=-1 2 -2 -4 -3
right_child=1 4 3 -5 -6
leaf_value=-0.034045909120994658 -0.038153592263918443 -0.0020292901067548185 0.00082554759028958451 0.011613228864009006 -0.04143182164950638
leaf_weight=25.360099179903045 17.133864618488587 4.177480174694213 3057.4849121385487 263.14670577831566 17.737639463040978
leaf_count=111 72 34 8330 673 61
internal_value=0.000945457 0.00122112 0.0014678 0.00168517 -0.0345554
internal_weight=3385.04 3359.68 3337.77 3320.63 21.9151
internal_count=9281 9170 9075 9003 95
is_linear=0
shrinkage=0.05


Tree=101
num_leaves=13
num_cat=0
split_feature=5 5 40 25 29 27 0 27 31 16 23 0
split_gain=64.7738 32.4974 20.1097 18.8876 15.0662 25.6661 16.7353 14.4462 6.87686 5.78463 16.5843 5.30703
threshold=-154.02499999999995 88.230000000000032 1.0000000180025095e-35 0.22389042118957667 -2.0574062768620025 0.092676457492222572 179.50000000000003 0.19923164011043956 4.5000000000000009 0.78888888888888908 -1.0647209084570572 128.50000000000003
decision_type=2 2 2 2 2 2 2 2 2 2 2 2
left_child=8 2 3 -2 6 -6 -3 -4 9 10 -1 -11
right_child=1 4 7 -5 5 -7 -8 -9 -10 11 -12 -13
leaf_value=-0.017264988023136581 0.035523003827275412 0.030302790421713899 -0.035414478026577413 -0.00060568300459143583 -0.013898291726506962 0.0091544229843617386 -0.017935129648499203 -0.0083901153469466121 0.035182519815569947 -0.015422686804137876 0.062456254778878388 -0.027089644698182522
leaf_weight=27.455370035488158 36.30555377737619 124.26820951048285 59.663446702994406 1189.1174607832218 136.70928685052786 976.0373043428408 20.177322305738926 279.37012827594299 5.0927866101264945 255.70789172156947 7.4618178855162105 168.001689857163
leaf_count=70 105 464 111 2882 358 2500 25 799 4 1134 29 800
internal_value=-0.000531174 0.00231524 -0.00249214 0.000488715 0.00829877 0.0063078 0.0234532 -0.0132508 -0.0178296 -0.0185044 0.000896836 -0.0201133
internal_weight=3285.37 2821.65 1564.46 1225.42 1257.19 1112.75 144.446 339.034 463.72 458.627 34.9172 423.71
internal_count=9281 7244 3897 2987 3347 2858 489 910 2037 2033 99 1934
is_linear=0
shrinkage=0.05


Tree=102
num_leaves=13
num_cat=0
split_feature=5 5 1 27 1 27 29 20 35 34 5 17
split_gain=68.8287 20.6549 14.9132 14.3292 13.4152 16.8279 11.5835 10.1715 9.72441 9.51979 2.33791 2.1588
threshold=1.0000000180025095e-35 -409.56499999999994 43.500000000000007 0.68038633472944909 182.50000000000003 0.38467582311584869 1.3035269707377919 -4.3629804624743409 1243.0000000000002 0.42261904761904762 -97.374999999999872 -0.10555555555555554
decision_type=2 2 2 2 2 2 2 2 2 2 2 2
left_child=1 11 3 6 5 -3 -2 -4 -9 -5 -6 -1
right_child=2 4 7 9 10 -7 -8 8 -10 -11 -12 -13
leaf_value=0.0022230684169736691 0.000491403919538889 0.011013099813466525 0.055623377559328113 0.072556121837398652 -0.043582537495516389 0.00060997955310159932 -0.039118136705191826 -0.015538570324514471 0.052060767160019318 0.0066890340598120381 -0.011712601784014131 0.036945101914429242
leaf_weight=5.346050754771567 161.77568268316099 674.75940760364756 4.1378886762540779 9.6783556877635437 14.395040530362168 918.03544173180126 19.799028762616217 737.19127813808154 4.3756039142608634 12.129874048987402 11.593597222701645 54.916992981801741
leaf_count=25 647 1787 17 23 19 2322 37 4018 17 65 33 271
internal_value=-0.000563497 0.00551729 -0.0113209 0.000655513 0.00443228 0.00502436 -0.00399086 -0.0145905 -0.0150634 0.0380392 -0.0305113 0.034033
internal_weight=2628.13 1679.05 949.088 203.383 1618.78 1592.79 181.575 745.705 741.567 21.8082 25.9886 60.263
internal_count=9281 4457 4824 772 4161 4109 684 4052 4035 88 52 296
is_linear=0
shrinkage=0.05


Tree=103
num_leaves=7
num_cat=0
split_feature=20 16 4 20 29 3
split_gain=12.4487 11.3971 12.2358 14.2816 13.5001 4.8262
threshold=-4.3629804624743409 3.8166666666666669 1948.2850000000001 0.38415841149583557 2.6919847690369445 1520.6650000000002
decision_type=2 2 2 2 2 2
left_child=-1 2 4 -4 -2 -3
right_child=1 5 3 -5 -6 -7
leaf_value=-0.033620832797024283 0.00063036875793862643 0.0040471049399514484 -0.00012643221499068208 0.036102788195739505 0.039313839217629452 -0.046728537989380543
leaf_weight=24.83509979385417 3206.1372964883922 5.9403079991461736 53.949104753788561 53.296461496502161 21.720518452930264 16.534295875579119
leaf_count=111 8912 31 76 59 47 45
internal_value=0.00094826 0.00121538 0.00146075 0.0179989 0.000904317 -0.0334942
internal_weight=3382.41 3357.58 3335.1 107.246 3227.86 22.4746
internal_count=9281 9170 9094 135 8959 76
is_linear=0
shrinkage=0.05


Tree=104
num_leaves=15
num_cat=0
split_feature=2 18 28 16 1 35 22 1 28 11 9 36 35 35
split_gain=51.1601 22.6124 29.2711 17.9004 17.3299 18.3877 22.3925 16.9088 16.8341 15.4733 13.0668 11.3748 8.19375 2.75613
threshold=-30.499999999999996 0.59292776215202692 1.9803797956657743 1.7321428571428574 189.50000000000003 6.5000000000000009 1.4421225160854936 16.500000000000004 2.2187413253328097 -1.7888888888888885 0.61250000000000016 72.500000000000014 496.50000000000006 5.5000000000000009
decision_type=2 2 2 2 2 2 2 2 2 2 2 2 2 2
left_child=4 7 3 -3 5 6 -1 10 -4 -9 -2 -7 13 -6
right_child=1 2 8 -5 12 11 -8 9 -10 -11 -12 -13 -14 -15
leaf_value=-0.010309935390453258 -0.02243312457914334 0.0088927007834451299 -0.037982483149898695 0.041419418711646512 0.046301176377220629 0.022193972110925171 0.012146664721322954 -0.018623354754806681 0.0017019995085035483 -0.0032975129678609601 0.01701452040217118 0.0066673129241118373 -0.013342140045107405 0.024368092274875734
leaf_weight=249.92038080701604 231.52918509911979 212.87166367087048 45.770563118858263 52.303103793994524 38.171986924367957 216.12731489387807 198.0597204278456 185.13107658410445 61.627439526142552 1453.571940323629 22.206211373675615 263.79754919896368 8.5039466172456724 31.848822131054476
leaf_count=466 800 537 86 183 87 849 519 680 163 3962 45 780 12 112
internal_value=-0.000526165 -0.00469528 0.0065444 0.0154586 0.00884698 0.00691173 -0.000365409 -0.00691302 -0.0153589 -0.00504229 -0.0189079 0.0137015 0.0312779 0.0368789
internal_weight=3271.44 2265.01 372.573 265.175 1006.43 927.905 447.98 1892.44 107.398 1638.7 253.735 479.925 78.5248 70.0208
internal_count=9281 6456 969 720 2825 2614 985 5487 249 4642 845 1629 211 199
is_linear=0
shrinkage=0.05


Tree=105
num_leaves=15
num_cat=0
split_feature=5 5 33 2 5 28 17 27 14 3 21 17 18 26
split_gain=65.1304 25.4952 15.2815 18.7945 14.973 14.5747 13.3884 12.6275 9.85833 16.205 6.80977 2.12457 1.74761 0.0669778
threshold=-109.79999999999994 109.11000000000014 2.5000000000000004 -18.499999999999996 -409.56499999999994 2.0302120916115025 2.7250000000000005 0.79284456847235041 0.90000000000000013 1770.6400000000001 0.5815077279717914 -0.10555555555555554 0.37173382889961071 -0.16238662800525272
decision_type=2 2 2 2 2 2 2 2 2 2 2 2 2 2
left_child=4 2 3 -2 11 -4 7 -6 10 -10 -3 -1 -8 -13
right_child=1 8 5 -5 6 -7 12 -9 9 -11 -12 13 -14 -15
leaf_value=0.0019709165429156695 -0.013474915425844154 -0.015870344629639439 -0.013395955723601555 0.0064344649239476016 0.0081436588505647851 0.012112511318183569 0.024068274470543421 -0.01732374316305622 -0.029271363007527723 0.021009455939326068 -0.030994985961666874 0.020358182075696337 0.060438192285524106 0.037892763951087774
leaf_weight=5.3213151507079592 152.80631135671865 269.1911440450931 405.84362122393213 515.21510881336872 910.81629403319675 63.933486546622589 8.109555331058802 50.380094184423797 25.744425405107904 38.959886875236407 106.87223974830704 5.7955007011769331 11.537847592378965 47.499037523404695
leaf_count=25 692 1898 809 1979 2246 110 15 118 168 157 764 32 29 239
internal_value=-0.000560643 -0.00696036 -0.00299395 0.00185949 0.00915077 -0.00989545 0.00765645 0.006787 -0.017158 0.000786702 -0.0202526 0.0335241 0.0475612 0.0364881
internal_weight=2618.03 1578.57 1137.8 668.021 1039.46 469.777 980.844 961.196 440.768 64.7043 376.063 58.6159 19.6474 53.2945
internal_count=9281 6577 3590 2671 2704 919 2408 2364 2987 325 2662 296 44 271
is_linear=0
shrinkage=0.05


Tree=106
num_leaves=8
num_cat=0
split_feature=36 20 0 21 14 20 29
split_gain=11.9582 11.1665 10.8781 10.6991 1.58594 1.46475 0.0173799
threshold=928.50000000000011 -4.3629804624743409 1.5000000000000002 0.69142119362372012 -2.0999999999999996 -1.4072527291698564 0.23505683046974321
decision_type=2 2 2 2 2 2 2
left_child=1 -1 6 -4 5 -2 -3
right_child=4 2 3 -5 -6 -7 -8
leaf_value=-0.032956853301549668 -0.028757171468060186 -0.021648717582814763 0.0008047713371840446 0.011289981894699357 -0.040375868056136965 0.018873702841545582 -0.042080152266887522
leaf_weight=22.764534340705723 2.173930854536593 5.2149959523230818 3053.5782089594868 263.55614184157457 18.60625385469757 2.2391786773223457 11.547524237772448
leaf_count=102 16 37 8330 673 64 24 35
internal_value=0.00093548 0.00118812 0.00143258 0.00164251 -0.0342123 -0.00464391 -0.0375819
internal_weight=3379.68 3356.66 3333.9 3317.13 23.0194 4.41311 16.7625
internal_count=9281 9177 9075 9003 104 40 72
is_linear=0
shrinkage=0.05


Tree=107
num_leaves=13
num_cat=0
split_feature=5 5 40 17 39 18 14 23 19 23 0 2
split_gain=57.0727 28.3594 14.3619 14.964 13.7743 13.6276 12.9278 11.0819 7.0878 12.1491 7.17317 0.37847
threshold=-154.02499999999995 158.62500000000014 1.0000000180025095e-35 2.1555555555555563 2.5000000000000004 0.81451171913185261 -3.8999999999999995 -0.074438105178634487 1.7882014934309867 0.83561209297569838 168.50000000000003 14.500000000000002
decision_type=2 2 2 2 2 2 2 2 2 2 2 2
left_child=8 2 6 -4 7 -6 -2 -3 9 10 -1 -10
right_child=1 4 3 -5 5 -7 -8 -9 11 -11 -12 -13
leaf_value=-0.0123219841294643 0.057834411162436018 0.0026067740813542463 -0.010780516606334486 0.030488873252740901 -0.015262067645780085 0.034027313910503329 0.00096510493626250952 0.0170950681209447 -0.016430935813985258 0.048253382660898653 -0.029011274495046081 -0.036725498147896295
leaf_weight=312.49407189083286 9.0612491619540361 184.91499288904015 435.32182375318371 22.122134901466779 82.157310997368768 15.85541803226806 1587.0708031693939 471.4011306342436 5.9314963286742559 6.542082395288161 82.368238874245435 43.880761875538155
leaf_count=1463 37 462 1133 48 215 46 3795 1508 24 33 339 178
internal_value=-0.000518147 0.00213446 -0.000909806 -0.00871166 0.010419 -0.00697494 0.00132709 0.0130308 -0.0170045 -0.0147055 -0.0158805 -0.0347782
internal_weight=3259.12 2807.9 2053.58 457.444 754.329 98.0127 1596.13 656.316 451.217 401.404 394.862 49.8123
internal_count=9281 7244 5013 1181 2231 261 3832 1970 2037 1835 1802 202
is_linear=0
shrinkage=0.05


Tree=108
num_leaves=14
num_cat=0
split_feature=5 5 23 5 33 40 34 17 12 21 5 33 17
split_gain=59.7121 23.9022 14.5879 14.4316 13.2483 12.9674 14.1229 11.6201 9.74798 15.5991 2.71152 2.22579 2.10311
threshold=-109.79999999999994 109.11000000000014 2.0773416628919708 -409.56499999999994 2.5000000000000004 1.0000000180025095e-35 0.42261904761904762 2.7250000000000005 0.36666666666666675 0.5815077279717914 261.74500000000006 1.5000000000000002 -0.10555555555555554
decision_type=2 2 2 2 2 2 2 2 2 2 2 2 2
left_child=3 2 4 12 -2 7 -7 -5 10 -10 -3 -4 -1
right_child=1 8 11 5 -6 6 -8 -9 9 -11 -12 -13 -14
leaf_value=0.0016186671513416168 0.0027266441489999563 -0.019395538061409728 -0.011380817202390106 0.0033993732319806281 -0.0084246660384574949 0.031121807678393489 0.0048698257183175213 0.046877032492375591 0.0027452459273081295 -0.025671596605780674 -0.031311768366740871 -0.040859355079798182 0.036037663941855196
leaf_weight=5.286556930281221 647.61402772623114 151.89180977811338 10.274578646640292 760.55319619260263 450.57597792637534 105.34361971844919 100.70442780223675 14.718293157289734 120.98245062021306 78.900005194795085 80.893318182585062 26.81627759244293 51.653039451804943
leaf_count=25 2582 962 75 2011 899 167 198 32 772 498 755 34 271
internal_value=-0.000572816 -0.00673167 -0.00290923 0.00872082 -0.00184758 0.00727413 0.018401 0.00429055 -0.01672 -0.00851886 -0.0236741 -0.0333379 0.0330114
internal_weight=2606.21 1567.95 1135.28 1038.26 1098.19 981.32 206.048 775.271 432.668 199.882 232.785 37.0909 56.9396
internal_count=9281 6577 3590 2704 3481 2408 365 2043 2987 1270 1717 109 296
is_linear=0
shrinkage=0.05


Tree=109
num_leaves=14
num_cat=0
split_feature=29 22 29 20 21 11 29 21 36 28 23 4 26
split_gain=11.7676 17.4585 15.1052 17.4597 20.1071 15.4865 26.3701 21.2657 11.7619 11.0353 9.21553 4.13388 1.7728
threshold=-2.1118293181313574 0.87109793759042953 -1.2427639626504152 -3.2222639787680785 0.17089537536237945 -0.70714285714285696 0.38691668172175286 0.08974065999409446 36.500000000000007 0.39743766668416181 -1.3700966535192396 1318.9550000000002 -0.41809349755471042
decision_type=2 2 2 2 2 2 2 2 2 2 2 2 2
left_child=1 8 3 -2 -5 6 -4 -7 9 -1 -3 -10 -12
right_child=2 10 5 4 -6 7 -8 -9 11 -11 12 -13 -14
leaf_value=0.038323163440478362 -0.03520147097509338 0.0022209195441087507 -0.00094297741355083519 0.03335913716423048 0.0056468273813686529 0.034927518582975353 -0.027478035178125443 0.0014911488774618843 -0.035130757743268036 -0.0050371807949663588 -0.038207866048512895 0.0078386481058812674 -0.0030941426883476595
leaf_weight=28.944318839232437 17.422918344382197 19.928336889250204 383.41783181385836 98.083173150895163 196.13779425877146 47.563238814473152 123.09782604075735 2341.8568873187178 18.327858323697004 28.022412731777877 62.846871092508081 7.190675927209667 4.3355928771197787
leaf_count=61 39 38 1054 137 601 99 572 6150 64 55 386 19 6
internal_value=0.000935235 -0.0118579 0.0016167 0.0120585 0.0149838 0.000487508 -0.00744304 0.00217315 0.00457052 0.0171887 -0.027346 -0.0229952 -0.0360938
internal_weight=3377.18 169.596 3207.58 311.644 294.221 2895.94 506.516 2389.42 82.4853 56.9667 87.1108 25.5185 67.1825
internal_count=9281 629 8652 777 738 7875 1626 6249 199 116 430 83 392
is_linear=0
shrinkage=0.05


Tree=110
num_leaves=14
num_cat=0
split_feature=5 5 40 10 18 1 3 19 19 8 3 10 18
split_gain=52.7182 26.2727 16.8973 18.1135 14.0919 13.9863 12.7781 6.96132 9.78045 8.14043 5.08528 0.379157 0.61587
threshold=-154.02499999999995 216.27500000000003 1.0000000180025095e-35 2.5277777777777781 0.54742860945367733 136.50000000000003 1643.8750000000002 1.7882014934309867 1.6994988087686065 0.36666666666666675 1928.3950000000002 1.5634920634920637 0.54469613284160878
decision_type=2 2 2 2 2 2 2 2 2 2 2 2 2
left_child=7 2 4 -4 -2 6 -3 8 9 -1 -7 12 -9
right_child=1 5 3 -5 -6 10 -8 11 -10 -11 -12 -13 -14
leaf_value=-0.018156855988604823 -0.00074540478775118489 -0.033111190494973165 -0.010374098854119057 0.024470877878374722 0.0086329744670902778 0.026911744982957776 0.0094058207386941966 -0.00023554460029738737 0.037240240687417124 0.0034234052476659485 -0.019678878406731087 -0.036827963905532383 -0.028795996670720247
leaf_weight=338.12997476954479 1247.39320883248 17.994170353747904 500.99398818262853 39.272790194256231 588.3439746031072 152.70407663891092 250.24105180404149 3.3859017174690944 8.0545819683466089 49.397284227015916 5.2786324499174944 40.409982998738997 4.7006263699149713
leaf_count=1606 3155 61 1222 119 1309 583 780 25 35 194 15 157 20
internal_value=-0.000511482 0.00202521 -2.52383e-05 -0.0077914 0.00226066 0.0134407 0.00642267 -0.0164983 -0.014216 -0.0153915 0.0252096 -0.0343506 -0.0187297
internal_weight=3246.3 2802.22 2376 540.267 1835.74 426.218 268.235 444.078 395.582 387.527 157.983 48.4965 8.08653
internal_count=9281 7244 5805 1341 4464 1439 841 2037 1835 1800 598 202 45
is_linear=0
shrinkage=0.05


Tree=111
num_leaves=14
num_cat=0
split_feature=5 5 1 34 35 16 1 8 8 35 5 29 26
split_gain=54.6015 17.7981 13.87 13.3877 16.9485 16.178 12.5283 18.6976 10.2845 8.6811 2.30416 1.68595 0.416441
threshold=1.0000000180025095e-35 -409.56499999999994 43.500000000000007 0.43650793650793651 198.50000000000003 2.354166666666667 182.50000000000003 -3.3666666666666658 -3.3666666666666658 1304.0000000000002 -97.374999999999872 -0.30204292937386684 -0.19321966632689277
decision_type=2 2 2 2 2 2 2 2 2 2 2 2 2
left_child=1 11 3 5 -5 -2 7 -3 -4 -10 -8 -1 -13
right_child=2 6 8 4 -6 -7 10 -9 9 -11 -12 12 -14
leaf_value=0.005575152163567125 0.024348843147054846 0.031790346102364433 0.047475763766886593 -0.01689773864431476 0.04276498148444674 -0.037527828901078059 -0.043121433063533332 0.0033191803626415059 -0.01464377906075893 0.048758396441066186 -0.011365140996886333 0.01289744292692158 0.037094888789811063
leaf_weight=6.0833067118655881 75.670515507925302 59.000597052159719 5.8427498856326556 101.26506646285998 12.471167558338491 11.28425309807062 14.260986912180671 1533.9011662497651 709.27202350317384 4.4551799930632106 11.478192038135601 3.9701038539642459 45.117482242290862
leaf_count=21 222 159 28 473 57 20 19 3950 4008 16 33 31 244
internal_value=-0.000583743 0.00479246 -0.0103622 0.00123398 -0.00999644 0.0159268 0.00382626 0.00439616 -0.0136006 -0.0141734 -0.0301016 0.0324779 0.0355342
internal_weight=2594.07 1673.81 920.261 200.691 113.736 86.9548 1618.64 1592.9 719.57 713.727 25.7392 55.1709 49.0876
internal_count=9281 4457 4824 772 530 242 4161 4109 4052 4024 52 296 275
is_linear=0
shrinkage=0.05


Tree=112
num_leaves=9
num_cat=0
split_feature=36 5 16 24 3 14 5 18
split_gain=11.3158 10.6036 10.1186 11.3258 5.30765 1.57033 1.6423 0.455666
threshold=928.50000000000011 512.75500000000011 3.8166666666666669 0.39981394129883335 1520.6650000000002 -2.0999999999999996 70.68499999999996 0.78475089629105965
decision_type=2 2 2 2 2 2 2 2
left_child=1 2 3 -1 -4 6 -2 -3
right_child=5 7 4 -5 -6 -7 -8 -9
leaf_value=-0.0006956714338131187 0.022380699920609044 -0.035676127981863086 0.0093633761931431869 0.005301269360427986 -0.045656577036199845 -0.039834595717808008 -0.028350732136835772 -0.0095815707777683074
leaf_weight=2017.8999854421709 2.0161769995465901 18.82913880690467 5.297369311098012 1288.6023687900743 16.151493244688027 18.169920296175405 2.3439174613449723 3.417683826701249
leaf_count=5586 17 114 32 3371 45 64 23 29
internal_value=0.000932869 0.00117664 0.00141273 0.00164083 -0.0320334 -0.0336134 -0.00416007 -0.032467
internal_weight=3372.73 3350.2 3327.95 3306.5 21.4489 22.53 4.36009 22.2468
internal_count=9281 9177 9034 8957 77 104 40 143
is_linear=0
shrinkage=0.05


Tree=113
num_leaves=13
num_cat=0
split_feature=5 2 18 24 1 18 23 27 19 23 36 2
split_gain=48.766 24.4746 17.0474 38.0841 13.3923 12.1214 29.7204 7.36719 6.8378 11.0927 6.5919 1.04967
threshold=-154.02499999999995 -37.499999999999993 0.59292776215202692 0.39679523091337582 130.50000000000003 0.18705775525738869 -0.039224745338300893 0.09586962908146747 1.7882014934309867 0.83561209297569838 74.500000000000014 11.500000000000002
decision_type=2 2 2 2 2 2 2 2 2 2 2 2
left_child=8 5 4 -4 -3 7 -7 -2 9 10 -1 -10
right_child=1 2 3 -5 -6 6 -8 -9 11 -11 -12 -13
leaf_value=-0.018125469276818608 0.0076716385106478371 -0.0059024111989733176 0.02695323995107294 -0.0051599145772092316 0.0050707130018146605 -0.012909229155455171 0.011863872326922211 0.031023527681401059 -0.0055252560628164336 0.045589202187438185 -0.0014508118130111332 -0.036149537071502681
leaf_weight=309.02777272794629 56.290171988192014 1223.1435501775704 158.82794774929062 217.52555729844607 358.46855364658404 155.22095272690058 536.30661187018268 89.43460316141136 3.8286645803600541 6.7416205385234198 74.328482554235961 43.415035747457296
leaf_count=1332 151 3081 389 563 815 395 1653 197 22 33 470 180
internal_value=-0.000503281 0.00192604 -0.00113189 0.00841468 -0.00341059 0.00907597 0.00628545 0.0221511 -0.0160104 -0.0137453 -0.0149176 -0.0339373
internal_weight=3232.56 2795.22 1957.97 376.354 1581.61 837.252 691.528 145.725 437.342 390.098 383.356 47.2437
internal_count=9281 7244 4848 952 3896 2396 2048 348 2037 1835 1802 202
is_linear=0
shrinkage=0.05


Tree=114
num_leaves=14
num_cat=0
split_feature=5 5 23 28 16 5 27 12 21 21 5 25 17
split_gain=51.1919 21.3396 13.8725 14.9178 13.3854 13.4953 11.9072 9.57009 15.1421 3.8639 2.72918 2.10902 2.02088
threshold=-109.79999999999994 109.11000000000014 2.0773416628919708 2.0486712500339874 3.3166666666666669 -409.56499999999994 0.78085639257010564 0.36666666666666675 0.5815077279717914 0.42617388100843229 261.74500000000006 1.1725950579681286 -0.10555555555555554
decision_type=2 2 2 2 2 2 2 2 2 2 2 2 2
left_child=4 2 3 -2 5 12 -7 10 -9 -6 -3 -4 -1
right_child=1 7 11 -5 9 6 -8 8 -10 -11 -12 -13 -14
leaf_value=0.0010402785531362958 -0.003754178278737621 -0.018694346344436022 -0.0061432386329629473 0.01498872064735208 0.013796058562911037 0.0073759896062933726 -0.01348347883091482 0.0033145927406909581 -0.025068508752120092 0.059377167083501152 -0.030898114202578566 -0.038587740245027972 0.035007265983051032
leaf_weight=5.2266135714016846 975.98309154203162 147.13143790102913 6.9729912432376286 118.05408512346912 8.0563729427522066 886.88631241768599 73.059559285989963 119.40566398887313 76.008278177003376 15.046352222561834 76.521587589581031 29.178645672393031 46.647189303068444
leaf_count=25 3115 962 25 366 26 2204 158 772 498 25 755 84 266
internal_value=-0.000574436 -0.00632649 -0.00274208 -0.00171528 0.00802923 0.00713842 0.00577083 -0.0159519 -0.00777128 0.0449214 -0.023011 -0.0327982 0.0317638
internal_weight=2584.18 1549.26 1130.19 1094.04 1034.92 1011.82 959.946 419.067 195.414 23.1027 223.653 36.1516 51.8738
internal_count=9281 6577 3590 3481 2704 2653 2362 2987 1270 51 1717 109 291
is_linear=0
shrinkage=0.05


Tree=115
num_leaves=14
num_cat=0
split_feature=29 22 29 20 10 11 29 21 36 28 25 4 14
split_gain=10.7485 16.5963 14.4236 16.2532 19.3016 14.288 24.885 19.5633 10.91 10.131 9.33451 3.98785 2.98989
threshold=-2.1118293181313574 0.87109793759042953 -1.2427639626504152 -3.2222639787680785 1.6833333333333336 -0.70714285714285696 0.38691668172175286 0.08974065999409446 36.500000000000007 0.39743766668416181 1.3379164103996339 1318.9550000000002 -0.89999999999999991
decision_type=2 2 2 2 2 2 2 2 2 2 2 2 2
left_child=1 8 3 -2 -5 6 -4 -7 9 -1 12 -10 -3
right_child=2 10 5 4 -6 7 -8 -9 11 -11 -12 -13 -14
leaf_value=0.03671754528654838 -0.034485234879402062 -0.036897359243915594 -0.00089743394913489806 0.019555502367879604 -0.017942823576402298 0.033391368743927237 -0.026859422042566323 0.0014243227819425348 -0.034560698432605272 -0.0047909285657402965 0.0090993682914848033 0.0077906271505729131 0.0037498349253373866
leaf_weight=29.172964025638066 16.922651435947046 65.897700850793626 382.78583638946293 255.58217596833128 38.678218990913592 47.884871814865619 120.84365593252005 2340.2421893750434 17.801225182600323 27.904085457907058 14.383639872074125 7.1923028269084162 4.4269366387161417
leaf_count=61 39 397 1054 555 183 99 572 6150 64 55 19 19 14
internal_value=0.000922045 -0.0114113 0.00156917 0.0117802 0.0145656 0.000464935 -0.00717769 0.0020811 0.00455564 0.0166055 -0.0268121 -0.0223502 -0.0342518
internal_weight=3369.72 166.779 3202.94 311.183 294.26 2891.76 503.629 2388.13 82.0706 57.077 84.7083 24.9935 70.3246
internal_count=9281 629 8652 777 738 7875 1626 6249 199 116 430 83 411
is_linear=0
shrinkage=0.05


Tree=116
num_leaves=14
num_cat=0
split_feature=5 5 14 8 1 23 19 23 8 33 28 21 5
split_gain=45.107 22.706 14.532 17.2865 13.2772 12.1534 6.74074 10.3623 8.37469 4.97283 0.567814 0.4622 1.21764
threshold=-154.02499999999995 216.27500000000003 3.4500000000000006 1.2250000000000003 136.50000000000003 -0.499928288505815 1.7882014934309867 0.83561209297569838 0.36666666666666675 1.0000000180025095e-35 3.0008706118355071 0.38123014103917879 -185.25499999999997
decision_type=2 2 2 2 2 2 2 2 2 2 2 2 2
left_child=6 2 3 -2 5 -3 7 8 -1 -6 -4 12 -8
right_child=1 4 10 -5 9 -7 11 -9 -10 -11 -12 -13 -14
leaf_value=-0.017350719114513715 -0.001455534276889687 -0.03893205317502306 -0.023847081300415879 0.010599484842593794 0.03782608292466666 0.0082657990881937517 -0.031653276947292162 0.043417712282254557 0.0044591498403965197 0.017843898972231785 -0.045692724848204851 -0.037401272323967116 0
leaf_weight=327.96741928724805 1997.3529578500893 13.404934204998424 10.868870190577583 348.33975562371779 47.20632021559868 251.8114910403965 8.1898773459251952 6.9112860612804061 49.993543212127406 105.67493720306084 13.726442707935346 33.327866972773336 4.5619359246920785
leaf_count=1604 4809 30 23 943 218 811 52 33 198 380 30 133 17
internal_value=-0.000502411 0.00182443 -7.03327e-05 0.000336282 0.0125527 0.0057242 -0.0155387 -0.0132866 -0.0144485 0.0242522 -0.0375432 -0.033561 -0.0211706
internal_weight=3219.34 2788.39 2370.29 2345.69 418.098 265.216 430.952 384.872 377.961 152.881 24.5953 46.0797 12.7518
internal_count=9281 7244 5805 5752 1439 841 2037 1835 1802 598 53 202 69
is_linear=0
shrinkage=0.05


Tree=117
num_leaves=14
num_cat=0
split_feature=5 5 33 2 28 5 16 40 4 11 17 23 26
split_gain=46.598 20.0204 13.4801 16.8377 13.5975 12.7601 12.7249 12.3998 9.50358 8.47901 2.00286 1.80933 0.133279
threshold=-109.79999999999994 109.11000000000014 2.5000000000000004 -18.499999999999996 2.0302120916115025 -409.56499999999994 3.3166666666666669 1.0000000180025095e-35 1803.7250000000001 2.5357142857142865 -0.10555555555555554 0.0081571346419285519 -0.16238662800525272
decision_type=2 2 2 2 2 2 2 2 2 2 2 2 2
left_child=5 2 3 -2 -4 10 7 -7 9 -3 -1 -8 -12
right_child=1 8 4 -5 -6 6 11 -9 -10 -11 12 -13 -14
leaf_value=0.00091934533911403938 -0.012778904142641385 -0.018573624188039439 -0.012619381307327981 0.0062079689492028226 0.012072064898966513 0.0025080088826104638 0.021681024019150313 0.016482412094586393 0.023413338132940737 0.015831561688639185 0.017796076699739448 0.056397452314773992 0.036278114710440519
leaf_weight=5.2146693598479024 149.80390482785879 379.71141512956819 398.91765764541924 515.47852828016039 63.774662267183885 759.68302757176571 8.728237676550636 200.29021546803415 14.172991518164052 17.901353679713793 5.2225850082468233 12.361417888780123 41.684437030693516
leaf_count=25 692 2873 809 1979 110 2008 16 354 33 81 32 30 239
internal_value=-0.000583657 -0.00609587 -0.00264007 0.00191236 -0.00918659 0.00762434 0.00631835 0.00544297 -0.0155206 -0.0169763 0.0315307 0.0438879 0.0347391
internal_weight=2572.95 1539.76 1127.97 665.282 462.692 1033.18 981.063 959.973 411.786 397.613 52.1217 21.0897 46.907
internal_count=9281 6577 3590 2671 919 2704 2408 2362 2987 2954 296 46 271
is_linear=0
shrinkage=0.05


Tree=118
num_leaves=9
num_cat=0
split_feature=36 0 4 8 21 19 1 27
split_gain=10.6652 10.0353 10.9033 14.253 11.2967 1.52685 1.78842 0.248487
threshold=928.50000000000011 1.5000000000000002 1948.2850000000001 -0.22499999999999998 0.69142119362372012 0.76648144775871663 190.50000000000003 0.38560892044905498
decision_type=2 2 2 2 2 2 2 2
left_child=1 7 4 -4 -3 6 -2 -1
right_child=5 2 3 -5 -6 -7 -8 -9
leaf_value=-0.016471388096142816 0.019621459091019363 -3.7400627570572889e-05 -0.016053586388279455 0.026771045441287295 0.011001507299434107 -0.040027308265289364 -0.030329479863777167 -0.041360282933881352
leaf_weight=4.0024024964077425 2.4515797658823457 2969.3711980570806 24.379372884985059 83.042698718607426 250.29958046309184 16.868138514691964 2.6863674120977521 12.28269601066131
leaf_count=34 26 8309 43 95 658 62 16 38
internal_value=0.000916412 0.00115097 0.00134944 0.0169475 0.000822369 -0.0330041 -0.00636704 -0.0368394
internal_weight=3365.38 3343.38 3327.09 107.422 3219.67 22.0061 5.13795 16.2851
internal_count=9281 9177 9105 138 8967 104 42 72
is_linear=0
shrinkage=0.05


Tree=119
num_leaves=14
num_cat=0
split_feature=5 5 32 20 24 10 20 35 19 23 8 21 5
split_gain=41.7421 21.138 13.8508 18.3075 14.4048 13.7848 23.5099 19.7161 6.61549 9.66095 7.97925 0.467191 1.18905
threshold=-154.02499999999995 88.230000000000032 1.5000000000000002 2.2154584197358784 0.39883507780666089 1.8166666666666669 0.65006843606544151 6.5000000000000009 1.7882014934309867 0.83561209297569838 0.36666666666666675 0.38123014103917879 -185.25499999999997
decision_type=2 2 2 2 2 2 2 2 2 2 2 2 2
left_child=8 2 4 -4 -2 7 -7 -3 9 10 -1 12 -10
right_child=1 5 3 -5 -6 6 -8 -9 11 -11 -12 -13 -14
leaf_value=-0.016866870100561544 -0.00094942132968033228 -0.004227274501473712 0.0032549528624441076 0.055867479061277495 -0.012911099423954282 0.039756128678660407 0.0083846072528088646 0.011060488440563964 -0.03129576901430868 0.041308008299742724 0.0044395068813257218 -0.037069048167127444 0
leaf_weight=322.79875111259753 723.53532580955653 441.62493687053211 428.98937642807141 16.22734172269702 385.9307134305127 73.442778034252115 310.38216031529009 401.50954229233321 7.9582488688174635 7.0809251191094509 50.006145895225927 32.348783845896833 4.5507604533340764
leaf_count=1604 1984 906 619 23 1271 229 814 1398 52 33 198 133 17
internal_value=-0.000491894 0.00173744 -0.00213189 0.00530469 -0.00512271 0.0066421 0.0144881 0.00305147 -0.0150733 -0.0128417 -0.0139913 -0.0331711 -0.020723
internal_weight=3206.39 2781.64 1554.68 445.217 1109.47 1226.96 383.825 843.134 424.744 379.886 372.805 44.8578 12.509
internal_count=9281 7244 3897 642 3255 3347 1043 2304 2037 1835 1802 202 69
is_linear=0
shrinkage=0.05


Tree=120
num_leaves=15
num_cat=0
split_feature=2 14 8 18 40 23 30 24 34 8 35 9 17 8
split_gain=37.7219 17.8779 16.7666 19.3193 16.135 16.8455 15.4222 14.4493 13.3345 13.0958 12.8106 12.651 8.13806 19.3172
threshold=-16.499999999999996 0.90000000000000013 -0.44999999999999996 0.19177983850302602 1.0000000180025095e-35 2.0167753582385282 1.0000000180025095e-35 0.49294700870719538 0.48333333333333339 0.55000000000000016 78.500000000000014 0.35416666666666669 0.35416666666666669 1.0000000180025095e-35
decision_type=2 2 2 2 2 2 2 2 2 2 2 2 2 2
left_child=1 12 3 6 5 -4 -2 -6 9 -3 -10 -5 -1 -14
right_child=2 8 4 11 7 -7 -8 -9 10 -11 -12 -13 13 -15
leaf_value=-0.017727190375790982 0.0079134165877462522 -0.0072541750852007526 -0.0029836401544305314 0.011164222578601231 0.024444635669451587 -0.038116222280741886 -0.01034348001110435 -0.00036869801361429045 -0.021302322553823447 0.049838505874307257 0.033343540981162406 0.034102232157257953 0.041546780990955809 -0.014899181453055571
leaf_weight=438.8251921608753 422.99025405378779 15.242598179902414 827.35177019989351 177.01933541428298 101.32112108299043 34.64176156593021 157.95358151081018 136.5476816163864 42.254417204239871 26.503989046497736 13.250724703655576 92.183681065100245 19.585559916158672 56.478596979402937
leaf_count=2769 1318 54 2456 520 325 91 250 462 214 89 93 198 104 338
internal_value=-0.000583091 -0.0114024 0.00281483 0.00808474 -0.00125769 -0.00444387 0.00293169 0.0102378 0.00815946 0.0291937 -0.00780902 0.0191346 -0.0151156 0
internal_weight=2562.15 612.141 1950.01 850.147 1099.86 861.994 580.944 237.869 97.2517 41.7466 55.5051 269.203 514.889 76.0642
internal_count=9281 3661 5620 2286 3334 2547 1568 787 450 143 307 718 3211 442
is_linear=0
shrinkage=0.05


Tree=121
num_leaves=11
num_cat=0
split_feature=36 35 19 31 24 35 1 18 19 1
split_gain=10.1455 10.031 19.7279 25.014 18.3752 17.4176 14.4304 8.29861 1.49716 1.72194
threshold=928.50000000000011 126.50000000000001 1.5988645214612143 1.5000000000000002 0.15857366876107143 100.50000000000001 15.500000000000002 0.37304796076723529 0.76648144775871663 190.50000000000003
decision_type=2 2 2 2 2 2 2 2 2 2
left_child=1 5 4 -4 -3 6 -1 -7 9 -2
right_child=8 2 3 -5 -6 7 -8 -9 -10 -11
leaf_value=0.0098232439700821298 0.019171562111333293 -0.0087514472122918029 -0.016713604128071432 0.047731354700824832 0.018675459507098945 -0.037108653219017546 -0.0007765512060167295 -0.005902826741541513 -0.039566034420622204 -0.02989392447247562
leaf_weight=370.4642506170203 2.4695476968772736 75.109057012596168 120.42150932340883 16.185291893780231 309.51482836541254 43.724661304731853 2363.6074975644005 42.383094392367639 16.464128560153767 2.6478414321318269
leaf_count=889 26 213 386 26 866 92 6580 125 62 16
internal_value=0.000911804 0.00113865 0.00750402 -0.00875039 0.0132978 -3.82853e-05 0.00066095 -0.0220503 -0.0324831 -0.00613524
internal_weight=3362.99 3341.41 521.231 136.607 384.624 2820.18 2734.07 86.1078 21.5815 5.11739
internal_count=9281 9177 1491 412 1079 7686 7469 217 104 42
is_linear=0
shrinkage=0.05


Tree=122
num_leaves=14
num_cat=0
split_feature=5 40 5 10 17 21 14 0 19 23 8 21 5
split_gain=38.4365 22.7477 20.7462 18.7884 20.4293 14.9331 11.7501 10.1074 6.47507 9.01342 7.6592 0.467603 1.15849
threshold=-154.02499999999995 1.0000000180025095e-35 141.39500000000012 0.5277777777777779 2.1555555555555563 0.087917251655135156 -3.8999999999999995 54.500000000000007 1.7882014934309867 0.83561209297569838 0.36666666666666675 0.38123014103917879 -185.25499999999997
decision_type=2 2 2 2 2 2 2 2 2 2 2 2 2
left_child=8 2 6 5 -5 -3 -2 -4 9 10 -1 12 -10
right_child=1 3 7 4 -6 -7 -8 -9 11 -11 -12 -13 -14
leaf_value=-0.016386644695031743 0.055258198598237634 -0.018211124994615645 0.0071322533401421556 -0.010981101048224029 0.03349441744804476 0.057013943901998959 0.00041351010538522341 0.020415459283580503 -0.030949675583124222 0.039379179682508945 0.0045229872273585782 -0.036725760990683108 0
leaf_weight=317.7294863202842 8.832709178212097 9.180775409680793 454.29167942481581 549.86617153452244 26.083921140292659 18.775025462382473 1498.316189410165 210.86881566722877 7.7351241569267586 7.2403459396446115 49.918265938409604 31.298479410121217 4.5428362763486785
leaf_count=1604 35 36 1356 1375 54 41 3608 739 52 33 198 133 17
internal_value=-0.000490584 0.00163872 0.00402657 -0.00693481 -0.00890364 0.0323614 0.000774672 0.0113751 -0.0145991 -0.0123923 -0.0135295 -0.0327687 -0.0202987
internal_weight=3194.68 2776.22 2172.31 603.906 575.95 27.9558 1507.15 665.16 418.465 374.888 367.648 43.5764 12.278
internal_count=9281 7244 5738 1506 1429 77 3643 2095 2037 1835 1802 202 69
is_linear=0
shrinkage=0.05


Tree=123
num_leaves=13
num_cat=0
split_feature=5 5 11 1 23 5 16 25 16 29 1 17
split_gain=40.7506 17.6975 13.0739 12.2911 12.0232 11.5614 11.4333 9.19316 23.4989 6.90352 4.72848 1.98871
threshold=-109.79999999999994 109.11000000000014 -3.1833333333333331 179.50000000000003 2.0773416628919708 -409.56499999999994 3.3166666666666669 1.1909493350401468 1.0500000000000003 -2.973577760822339 132.50000000000003 -0.10555555555555554
decision_type=2 2 2 2 2 2 2 2 2 2 2 2
left_child=3 2 9 5 -4 11 -7 10 -9 -2 -3 -1
right_child=1 7 4 -5 -6 6 -8 8 -10 -11 -12 -13
leaf_value=0.00046765454830414202 -0.0044466783151854861 -0.014237897400600011 -0.0024032716763414111 -0.037107488410946729 -0.031897948827381617 0.005693525216906737 0.042304594576958753 0.055037778324308811 -0.011377287891919247 0.049886656647785167 -0.028497247014839362 0.034251543123763127
leaf_weight=5.1736634594853959 8.2176808305084723 134.46841111619142 1064.1030239764368 14.474043752765281 34.765754736959934 944.75176733895205 20.900990173104219 13.693367343657881 140.68978140913532 16.888297116965987 110.87672344103339 45.124437404796481
leaf_count=25 18 1071 3412 18 109 2345 45 124 929 51 863 271
internal_value=-0.000567414 -0.00576145 -0.00253711 0.00710637 -0.00336912 0.00777707 0.00653407 -0.0147864 -0.00513798 0.0324217 -0.0207918 0.0309509
internal_weight=2554.13 1523.7 1123.97 1030.42 1098.87 1015.95 965.653 399.728 154.383 25.106 245.345 50.2981
internal_count=9281 6577 3590 2704 3521 2686 2390 2987 1053 69 1934 296
is_linear=0
shrinkage=0.05


Tree=124
num_leaves=9
num_cat=0
split_feature=20 21 3 33 26 14 4 20
split_gain=10.3161 10.4809 15.3607 15.6666 14.4603 37.0916 20.436 12.1702
threshold=-4.3629804624743409 0.090780614543060217 1576.1550000000004 4.5000000000000009 -0.49031034879589602 -0.36666666666666664 1678.0400000000002 -0.50816820511892036
decision_type=2 2 2 2 2 2 2 2
left_child=-1 2 3 -2 6 -6 -3 -4
right_child=1 4 7 -5 5 -7 -8 -9
leaf_value=-0.031973168937572086 0.0092200309402113712 -0.0023951438578509281 0.058465438141345055 -0.034304759291837829 0.019899045709792902 -1.914130915500284e-06 -0.026382545122496853 0.0011025519103475875
leaf_weight=22.688272995874286 240.19240605237428 797.2278968252358 25.678126222104765 21.597514457534999 266.50065667298622 1873.1386908303248 99.071969747310504 14.486290070461108
leaf_count=111 753 2456 37 36 674 4999 186 29
internal_value=0.000900002 0.00113445 0.0100029 0.00549336 0.000247748 0.00248263 -0.0050786 0.0384269
internal_weight=3360.58 3337.89 301.954 261.79 3035.94 2139.64 896.3 40.1644
internal_count=9281 9170 855 789 8315 5673 2642 66
is_linear=0
shrinkage=0.05


Tree=125
num_leaves=13
num_cat=0
split_feature=5 40 5 22 5 19 32 27 19 19 26 2
split_gain=35.6266 20.9333 19.1435 17.6876 15.3253 11.9359 11.5426 10.7772 6.3816 8.35108 9.51279 1.19298
threshold=-154.02499999999995 1.0000000180025095e-35 141.39500000000012 0.59182680255179687 -105.43499999999993 0.20461095775234825 1.5000000000000002 0.54693860411890771 1.7882014934309867 1.6994988087686065 2.0156570120083757 11.500000000000002
decision_type=2 2 2 2 2 2 2 2 2 2 2 2
left_child=8 2 6 5 -5 -3 -2 -4 9 10 -1 -10
right_child=1 3 7 4 -6 -7 -8 -9 11 -11 -12 -13
leaf_value=-0.015562020535135371 -0.0019596628266267398 -0.011586769013499157 0.012840813888431514 -0.036751181158247014 -0.0063602048088183096 0.049057579133624518 0.0078439296125193247 -0.010247386696087421 -0.0021524460228394024 0.034900377634111933 0.013864317454562736 -0.03489302085381215
leaf_weight=333.23772923025535 1094.2363293771632 11.869617464137262 606.92481355613563 44.245902753609698 524.75086912023835 21.948730717296712 412.50139790261164 54.149236394674517 3.4893490110989651 8.2793099128175509 28.980427513131872 39.04557305725757
leaf_count=1666 3039 30 1978 137 1289 50 604 117 22 35 134 180
internal_value=-0.000493181 0.00154901 0.00384233 -0.00668256 -0.00879255 0.0279075 0.000724385 0.0109295 -0.0141749 -0.0119837 -0.0131622 -0.0324331
internal_weight=3183.66 2770.63 2167.81 602.815 568.997 33.8183 1506.74 661.074 413.032 370.497 362.218 42.5349
internal_count=9281 7244 5738 1506 1426 80 3643 2095 2037 1835 1800 202
is_linear=0
shrinkage=0.05


Tree=126
num_leaves=14
num_cat=0
split_feature=5 5 25 22 25 28 28 16 25 13 8 17 26
split_gain=37.7687 14.6578 12.6924 21.1773 17.7887 11.3311 10.398 10.1247 10.008 9.89033 8.36431 1.96 0.186665
threshold=1.0000000180025095e-35 -409.56499999999994 1.1909493350401468 0.66753308474393003 1.851703835605979 0.86041191889956881 2.4526931723723391 3.3166666666666669 0.21155786251780057 1.6333333333333335 0.90000000000000013 -0.10555555555555554 -0.16238662800525272
decision_type=2 2 2 2 2 2 2 2 2 2 2 2 2
left_child=1 11 6 4 -4 -5 9 8 -3 -2 -9 -1 -13
right_child=2 7 3 5 -6 -7 -8 10 -10 -11 -12 12 -14
leaf_value=0.000290907519204404 -0.015672039271587349 0.03239888371193058 0.10667282819842248 0.046074568974599404 -0.028224400307431615 -0.005556351534298877 0.059306724317062069 0.054794250130288706 0.0019261116683269557 0.042433433072992889 0.0029581152425685116 0.016180841740892956 0.035528509585524309
leaf_weight=5.1576530118472865 492.38413237206987 26.451903375447728 6.8911248896038142 9.9415728078456578 2.9559087154339068 357.49539400218055 3.786040509119629 16.08610765403137 1558.1521426253021 6.4555879924446335 14.907182484399526 4.8888258279766879 38.957546572841238
leaf_count=25 2800 89 51 44 26 1856 4 48 3995 43 29 32 239
internal_value=-0.000570538 0.00385596 -0.00894508 -0.00198973 0.0668492 -0.00402456 -0.0141417 0.00302536 0.00245806 -0.0148267 0.0308901 0.0305317 0.0338917
internal_weight=2544.51 1664.6 879.91 377.284 9.84703 367.437 502.626 1615.6 1584.6 498.84 30.9933 49.004 43.8464
internal_count=9281 4457 4824 1977 77 1900 2847 4161 4084 2843 77 296 271
is_linear=0
shrinkage=0.05


Tree=127
num_leaves=9
num_cat=0
split_feature=20 21 36 27 3 26 14 28
split_gain=9.75547 9.8708 17.7809 22.4202 20.6863 13.4075 34.6096 19.972
threshold=-4.3629804624743409 0.090780614543060217 126.50000000000001 0.081131363540700621 1576.1550000000004 -0.49031034879589602 -0.36666666666666664 1.246363116609823
decision_type=2 2 2 2 2 2 2 2
left_child=-1 2 4 -4 -2 7 -7 -3
right_child=1 5 3 -5 -6 6 -8 -9
leaf_value=-0.031473312283392521 -0.0032361208080885526 -0.0011900023873778218 -0.040063093517550274 0.042977821413229762 0.03754340875972606 0.019185798202830825 0 -0.020047805309659637
leaf_weight=22.107104129507206 198.30661167786457 720.05110658454942 8.5268322727642936 59.417248491663486 35.829802465857938 267.8300610332517 1872.4250368652865 173.66925512766466
leaf_count=111 624 2195 31 144 56 674 4999 447
internal_value=0.000896022 0.00112139 0.00972568 0.0320539 0.00311622 0.000260127 0.00240946 -0.00487838
internal_weight=3358.16 3336.06 302.08 67.9441 234.136 3033.98 2140.26 893.72
internal_count=9281 9170 855 175 680 8315 5673 2642
is_linear=0
shrinkage=0.05


Tree=128
num_leaves=15
num_cat=0
split_feature=1 23 23 18 23 10 17 31 25 40 26 30 4 12
split_gain=20.2848 31.2967 23.4379 34.0923 18.2004 12.5245 12.5574 9.35857 22.2039 9.21142 13.8775 12.1214 9.21073 6.51523
threshold=137.50000000000003 -1.3133124247579793 -1.1127180262775316 0.17682945192884339 1.0000000180025095e-35 1.8944444444444446 1.1055555555555558 1.0000000180025095e-35 0.73908076150804702 1.0000000180025095e-35 0.67728770676415828 1.5000000000000002 1690.9850000000004 0.29166666666666669
decision_type=2 2 2 2 2 2 2 2 2 2 2 2 2 2
left_child=1 7 3 -3 -4 9 13 12 -9 10 -2 -11 -1 -7
right_child=5 2 4 -5 -6 6 -8 8 -10 11 -12 -13 -14 -15
leaf_value=-0.033724583461201045 0.010771330362651597 -0.005119932407338974 -0.0077592046089311932 0.07898167445691745 0.0016754349003781238 0.038687009489077495 -0.02665127033666892 0.036040537065638756 -0.027364597420702571 -0.0099268027813129971 -0.022133637135473269 0.031708645781272769 0.0037126698074597961 0.013088175021526344
leaf_weight=120.51139116985723 384.82464787515346 25.840729679213837 798.18854111316614 21.230308181722648 1416.2044253201457 57.022643438307568 11.102717092609963 20.513315645046532 37.501120359636843 161.20469721884001 33.927623332943767 18.57460655644536 18.509017963078804 47.437072349013761
leaf_count=517 1138 99 2221 81 4062 215 54 34 85 287 122 21 218 127
internal_value=-0.000489216 -0.00264565 -0.000973836 0.0335621 -0.00172504 0.00692133 0.0219292 -0.0217068 -0.00462965 0.00398358 0.00804705 -0.00544581 -0.0287136 0.0273439
internal_weight=3172.59 2458.5 2261.46 47.071 2214.39 714.094 115.562 197.035 58.0144 598.532 418.752 179.779 139.02 104.46
internal_count=9281 7317 6463 180 6283 1964 396 854 119 1568 1260 308 735 342
is_linear=0
shrinkage=0.05


Tree=129
num_leaves=15
num_cat=0
split_feature=2 14 8 21 33 28 11 32 40 34 35 8 27 34
split_gain=31.2129 16.3134 14.4067 16.9807 15.6908 31.7078 13.3253 12.0747 12.0037 11.9294 12.171 11.8117 8.19858 18.8012
threshold=-16.499999999999996 0.90000000000000013 -0.44999999999999996 0.46251794112566685 5.5000000000000009 0.89361114905138905 0.58571428571428574 3.5000000000000004 1.0000000180025095e-35 0.48333333333333339 78.500000000000014 0.55000000000000016 0.092676457492222572 0.26136363636363641
decision_type=2 2 2 2 2 2 2 2 2 2 2 2 2 2
left_child=1 12 3 7 8 -6 -5 -2 -4 11 -11 -3 13 -1
right_child=2 9 4 6 5 -7 -8 -9 -10 10 -12 -13 -14 -15
leaf_value=0.048772999458795985 0.0036980128803533602 -0.0070530975714479752 -0.0018261747055779024 0.050343993281054523 0.054750428795924413 -0.021383601826851926 -0.018689011615755976 0.024374064968829368 0.011600514316532799 -0.020711013784754539 0.032518056308882048 0.047093730044834657 -0.017558220474066868 -0.010435352764186735
leaf_weight=14.676284402958116 725.08349395886762 15.136502454290165 704.81708551506745 35.615937343100086 13.95745746232569 160.34166136756539 7.9649470197036853 77.477345476858318 216.72881429363042 41.210739703965373 13.390898266807197 26.99875733605586 391.52862671599723 91.452848768851254
leaf_count=65 2063 54 2353 97 18 210 13 113 753 214 93 89 2476 670
internal_value=-0.000553486 -0.0105708 0.00251387 0.00741166 -0.00126665 -0.0149809 0.037479 0.0057281 0.00133524 0.00811864 -0.00721675 0.0278138 -0.0142228 -0.00182209
internal_weight=2536.38 594.395 1941.99 846.142 1095.85 174.299 43.5809 802.561 921.546 96.7369 54.6016 42.1353 497.658 106.129
internal_count=9281 3661 5620 2286 3334 228 110 2176 3106 450 307 143 3211 735
is_linear=0
shrinkage=0.05


Tree=130
num_leaves=9
num_cat=0
split_feature=36 0 21 11 34 14 5 29
split_gain=9.55903 9.53965 10.1701 16.0243 14.8915 1.5522 1.58159 0.0530063
threshold=928.50000000000011 1.5000000000000002 0.69142119362372012 1.0500000000000003 0.095454545454545472 -2.0999999999999996 64.439999999999955 0.23505683046974321
decision_type=2 2 2 2 2 2 2 2
left_child=1 7 3 -3 -4 6 -2 -1
right_child=5 2 4 -5 -6 -7 -8 -9
leaf_value=-0.019960793229441096 0.023594888869404109 0.001836225435530628 -0.021769208706739974 -0.0091060485558700343 0.014994231799970626 -0.038384521788258311 -0.026939901661441824 -0.040858566422801147
leaf_weight=4.852106519509106 1.934851966798308 2674.2039692059916 30.223871770780534 381.36267508607125 233.18549433827866 16.872755916556343 2.2424913581926376 11.07386664545629
leaf_count=37 16 7324 86 1108 587 64 24 35
internal_value=0.00087219 0.00109027 0.00128229 0.000466361 0.0106907 -0.0319337 -0.0025312 -0.0363426
internal_weight=3355.95 3334.9 3318.98 3055.57 263.409 21.0501 4.17734 15.926
internal_count=9281 9177 9105 8432 673 104 40 72
is_linear=0
shrinkage=0.05


Tree=131
num_leaves=15
num_cat=0
split_feature=5 40 23 23 36 17 22 29 0 21 28 26 35 27
split_gain=31.5375 19.3669 18.432 32.0952 24.2613 17.4559 18.8871 14.5554 6.20895 17.6597 17.5168 10.0795 4.16744 4.18052
threshold=-154.02499999999995 1.0000000180025095e-35 1.0000000180025095e-35 -0.13924917371537993 291.50000000000006 2.1555555555555563 0.59182680255179687 2.4395967538282171 143.50000000000003 0.096013537502592214 1.154752714459069 -0.73304800502570278 698.00000000000011 0.47000699693648179
decision_type=2 2 2 2 2 2 2 2 2 2 2 2 2 2
left_child=8 2 3 -2 -4 6 -3 -7 9 10 -1 -11 13 -10
right_child=1 5 4 -5 -6 7 -8 -9 12 11 -12 -13 -14 -15
leaf_value=0.061918378026485948 0.0021611793765368955 0.027428763992176294 0.0061009765964939984 -0.024171783165383817 0.038178742179044163 0.064975373227134051 -0.01063045357635535 -0.0080038160063886487 -0.031418377852673367 0.025880172879212501 -0.0046374013538358445 -0.016992145428851677 0.019080224535307225 -0.010669165267120815
leaf_weight=14.982198244077152 827.79650259262417 33.674336514784954 1136.6403142635245 133.46421809657477 61.315130459028296 14.291973535087893 540.63932521524839 11.796488949097691 79.018112331163138 13.620141326799056 25.266237441741396 228.49334121169522 4.8228402284439644 38.111000783974305
leaf_count=55 2051 76 3165 328 194 23 1373 34 396 49 186 1091 23 237
internal_value=-0.000479788 0.00143089 0.00364119 -0.00151109 0.00777746 -0.0065025 -0.0083464 0.0327143 -0.0135047 -0.00934645 0.0209168 -0.0144633 -0.0229376 -0.0248569
internal_weight=3163.93 2759.62 2159.22 961.261 1197.96 600.402 574.314 26.0885 404.314 282.362 40.2484 242.113 121.952 117.129
internal_count=9281 7244 5738 2379 3359 1506 1449 57 2037 1381 241 1140 656 633
is_linear=0
shrinkage=0.05


Tree=132
num_leaves=14
num_cat=0
split_feature=5 5 12 13 33 5 16 27 4 25 18 17 26
split_gain=33.4712 15.2569 12.2859 18.5896 11.747 11.262 10.5146 10.6035 9.02505 7.34687 2.16524 1.93763 0.210545
threshold=-109.79999999999994 109.11000000000014 0.45000000000000007 1.4500000000000002 3.5000000000000004 -409.56499999999994 3.3166666666666669 0.79284456847235041 1803.7250000000001 1.1909493350401468 0.35446702558993953 -0.10555555555555554 1.0000000180025095e-35
decision_type=2 2 2 2 2 2 2 2 2 2 2 2 2
left_child=5 2 3 -2 -4 11 7 -7 9 -3 -8 -1 -13
right_child=1 8 4 -5 -6 6 10 -9 -10 -11 -12 12 -14
leaf_value=0 -0.0022901379863581412 -0.020938975971019562 -0.0033412133171700667 0.018297030035061293 -0.021920165747477832 0.0056955244898389372 0.016892011333068082 -0.017639033779872953 0.024236505002915701 -0.0063786262230412219 0.053356429415741369 0.016328929932032471 0.03528132690679605
leaf_weight=5.1236973619088522 601.12883563211653 228.36937944655074 255.64865518728038 133.02234137617052 127.48519383510575 908.26278689526953 8.5606994755798969 50.388042329112068 13.992118770722298 143.02384995736065 11.939506552647797 5.320051413960754 36.916699120309204
leaf_count=25 1915 1925 995 448 232 2242 17 120 33 1029 29 41 230
internal_value=-0.000545 -0.00529954 -0.00233007 0.00145311 -0.00957722 0.0064085 0.00523307 0.00444671 -0.0138672 -0.0153774 0.0398557 0.0299958 0.0334426
internal_weight=2529.18 1502.67 1117.29 734.151 383.134 1026.51 979.151 958.651 385.385 371.393 20.5002 47.3604 42.2368
internal_count=9281 6577 3590 2363 1227 2704 2408 2362 2987 2954 46 296 271
is_linear=0
shrinkage=0.05


Tree=133
num_leaves=7
num_cat=0
split_feature=20 5 27 24 1 18
split_gain=9.24316 9.19632 10.5699 19.5118 14.3173 0.521176
threshold=-4.3629804624743409 512.75500000000011 0.18751362598183172 0.39883507780666089 61.500000000000007 0.78475089629105965
decision_type=2 2 2 2 2 2
left_child=-1 2 4 -4 -2 -3
right_child=1 5 3 -5 -6 -7
leaf_value=-0.031024063201723663 -0.018691867509160229 -0.03510326554402559 -0.0044848816944661985 0.004125180667737381 0.0088653115187123308 -0.007698994969121355
leaf_weight=21.579340919241076 49.886849710019305 17.191877021046825 1308.3968013402773 1321.5726768755121 632.84030583896674 3.1911631271941578
leaf_count=111 141 114 3790 3444 1652 29
internal_value=0.000852297 0.00106942 0.00128146 -0.000156459 0.00682 -0.0316074
internal_weight=3354.66 3333.08 3312.7 2629.97 682.727 20.383
internal_count=9281 9170 9027 7234 1793 143
is_linear=0
shrinkage=0.05


Tree=134
num_leaves=13
num_cat=0
split_feature=5 2 11 3 27 25 25 1 19 23 8 2
split_gain=29.4102 16.6404 14.0593 17.8857 12.7108 26.6908 18.5543 11.1143 6.51955 8.20234 7.12477 1.23444
threshold=-154.02499999999995 -37.499999999999993 -1.7888888888888885 1442.9300000000003 0.17757901393583647 1.1170889116490763 0.58569922084775394 137.50000000000003 1.7882014934309867 0.83561209297569838 0.36666666666666675 11.500000000000002
decision_type=2 2 2 2 2 2 2 2 2 2 2 2
left_child=8 4 7 -4 5 -2 -6 -3 9 10 -1 -10
right_child=1 2 3 -5 6 -7 -8 -9 11 -11 -12 -13
leaf_value=-0.014898953276504326 0.0050206883992187437 -0.038875113103297075 0.010283970413265141 -0.0024117376843506024 0.033457906635161544 -0.038991680555305455 0.0078234721556597157 -0.0067803800634530891 -0.0010646201364675441 0.038146710558650758 0.0054811179232329066 -0.034452075940687152
leaf_weight=302.14363528543618 239.25886644673301 39.767459186608903 340.35210586665198 1480.075950367027 83.180206416524015 39.204643030301668 451.79505898617208 82.898880921420641 3.3871152244973919 7.3408383830683297 49.030113463755697 37.592626486788504
leaf_count=1604 803 94 757 3803 220 88 1285 194 22 33 198 180
internal_value=-0.00046755 0.00136982 -0.00114203 -3.10261e-05 0.00737016 -0.00127524 0.0118735 -0.0174559 -0.0131298 -0.0108873 -0.0120319 -0.0319027
internal_weight=3156.03 2756.53 1943.09 1820.43 813.439 278.464 534.975 122.666 399.494 358.515 351.174 40.9797
internal_count=9281 7244 4848 4560 2396 891 1505 288 2037 1835 1802 202
is_linear=0
shrinkage=0.05


Tree=135
num_leaves=14
num_cat=0
split_feature=5 5 30 1 27 4 20 27 11 30 17 2 26
split_gain=30.9215 13.2265 12.1725 12.3378 12.0869 21.765 20.1462 11.2192 10.5289 3.50961 1.9195 0.373639 0.223688
threshold=1.0000000180025095e-35 -409.56499999999994 3.5000000000000004 43.500000000000007 0.38467582311584869 1683.4400000000003 -1.1978279477391174 0.68038633472944909 1.5277777777777779 6.5000000000000009 -0.10555555555555554 -26.499999999999996 1.0000000180025095e-35
decision_type=2 2 2 2 2 2 2 2 2 2 2 2 2
left_child=1 10 3 7 5 -3 -6 -2 -5 11 -1 -4 -12
right_child=2 4 9 8 6 -7 -8 -9 -10 -11 12 -13 -14
leaf_value=0 0.00039672133957465501 0.0034519108758524486 -0.024926618938740153 -0.0076364516125903966 0.017084536953927223 0.026356534715744135 -0.0041198672703285496 0.03813715836718741 -0.030603683661028381 -0.0025018298097222668 0.015798982583540358 -0.036876504182275428 0.034969248280992953
leaf_weight=5.0989774364279574 154.74039147701114 571.81316822080407 27.4985209365841 555.16114358240156 129.57045728992671 126.03118340403307 786.20903988380451 21.615019503573421 54.258519492985215 12.482872526161371 5.2047923553036517 34.91171385999769 35.80022454058053
leaf_count=25 637 1489 143 3446 351 347 1974 86 394 39 41 79 230
internal_value=-0.000543932 0.0034418 -0.00823096 -0.00636644 0.00267427 0.00762745 -0.00109891 0.00523953 -0.00973627 -0.0273859 0.0295717 -0.0321663 0.033089
internal_weight=2520.4 1659.73 860.668 785.775 1613.62 697.844 915.779 176.355 609.42 74.8931 46.104 62.4102 41.005
internal_count=9281 4457 4824 4563 4161 1836 2325 723 3840 261 296 222 271
is_linear=0
shrinkage=0.05


Tree=136
num_leaves=7
num_cat=0
split_feature=31 31 24 24 2 27
split_gain=9.1402 14.742 15.79 12.183 22.341 19.7708
threshold=5.5000000000000009 3.5000000000000004 0.40233841285570932 0.39981394129883335 -52.499999999999993 0.18751362598183172
decision_type=2 2 2 2 2 2
left_child=1 3 -3 5 -5 -1
right_child=-2 2 -4 4 -6 -7
leaf_value=0.004788430718497513 -0.045701636526923536 0.042813002566173597 -0.0022286697424224048 -0.02009499615931136 0.0060849937925660531 -0.005637521140977356
leaf_weight=700.56252691353438 9.5100308358669263 41.933946408331394 35.043621592223644 86.440981368534267 1188.6887662970694 1290.1098870699061
leaf_count=1960 8 36 31 278 3129 3839
internal_value=0.000844044 0.000991587 0.0224783 0.000476872 0.00429198 -0.00196532
internal_weight=3352.29 3342.78 76.9776 3265.8 1275.13 1990.67
internal_count=9281 9273 67 9206 3407 5799
is_linear=0
shrinkage=0.05


Tree=137
num_leaves=15
num_cat=0
split_feature=5 40 23 23 36 10 13 21 13 2 23 36 2 31
split_gain=27.0786 17.9729 16.6819 30.1427 22.7699 16.3977 14.526 13.3498 5.80866 7.55847 16.2035 6.49474 7.01528 6.78326
threshold=-154.02499999999995 1.0000000180025095e-35 1.0000000180025095e-35 -0.13924917371537993 291.50000000000006 0.5277777777777779 1.1000000000000003 0.087917251655135156 0.77500000000000013 47.500000000000007 -1.2174697584361471 74.500000000000014 65.500000000000014 4.5000000000000009
decision_type=2 2 2 2 2 2 2 2 2 2 2 2 2 2
left_child=8 2 3 -2 -4 7 -7 -3 9 -1 -11 13 -13 -10
right_child=1 5 4 -5 -6 6 -8 -9 11 10 -12 12 -14 -15
leaf_value=-0.018307021250727737 0.0020789344514047731 -0.01786989325515639 0.0057538915257325015 -0.023485748041430488 0.037082549580220878 -0.017258793421511081 -0.0011680695128783909 0.053551295431493257 -0.019149700553956185 -0.0093796996155575112 0.073133521408082366 0.012879171398415429 -0.019588501861426157 0.034040148980828647
leaf_weight=18.648179303039797 826.7410579820862 9.0299937914824131 1133.4600478703505 132.93829074525274 60.268131882185116 248.9570124426391 321.60968814400258 18.823225941043347 280.80229139857693 14.432510760496372 8.8001534463837725 38.835916925803758 27.552153144497424 5.1777722239494315
leaf_count=50 2051 36 3165 328 194 489 940 41 1411 60 28 224 260 4
internal_value=-0.00046197 0.00129367 0.0034254 -0.00147793 0.00736949 -0.00636192 -0.00821564 0.0304065 -0.0127011 0.00471697 0.0233968 -0.014793 -0.000611982 -0.018054
internal_weight=3146.08 2751.83 2153.41 959.679 1193.73 598.42 570.567 27.8532 394.249 41.8808 23.2327 352.368 66.3881 285.98
internal_count=9281 7244 5738 2379 3359 1506 1429 77 2037 138 88 1899 484 1415
is_linear=0
shrinkage=0.05


Tree=138
num_leaves=12
num_cat=0
split_feature=5 5 23 28 1 5 5 4 10 33 17
split_gain=28.9758 13.8103 11.8847 12.9629 11.4838 9.75478 10.5238 8.44757 6.1932 2.38679 1.88672
threshold=-109.79999999999994 109.11000000000014 2.0773416628919708 2.0486712500339874 179.50000000000003 -409.56499999999994 -114.67500000000005 1803.7250000000001 3.0500000000000003 1.5000000000000002 -0.10555555555555554
decision_type=2 2 2 2 2 2 2 2 2 2 2
left_child=4 2 3 -2 5 10 -7 8 -3 -4 -1
right_child=1 7 9 -5 -6 6 -8 -9 -10 -11 -12
leaf_value=0 -0.0031709166278879662 -0.016283673608773957 -0.0080279260443729787 0.014276327307710689 -0.03699983117728093 0.0045284030728245592 0.033498281638445392 0.023450753278052006 0.01263607915957179 -0.039348445609913504 0.032741188977190736
leaf_weight=5.0864890530938274 960.94131893775193 343.44134267306072 9.4266250472282973 118.66404746164335 14.318731137551366 932.51286316022743 31.54704935348127 14.105279276613144 18.65724765995401 23.911442295648158 39.807167859107722
leaf_count=25 3115 2861 75 366 18 2319 71 33 93 34 271
internal_value=-0.000522324 -0.00497397 -0.00216421 -0.00123715 0.00594972 0.00660023 0.0055153 -0.0132452 -0.0147491 -0.0311296 0.0291616
internal_weight=2512.42 1489.15 1112.94 1079.61 1023.27 1008.95 964.06 376.204 362.099 33.3381 44.8937
internal_count=9281 6577 3590 3481 2704 2686 2390 2987 2954 109 296
is_linear=0
shrinkage=0.05


Tree=139
num_leaves=13
num_cat=0
split_feature=17 17 23 20 1 29 27 2 25 0 0 26
split_gain=9.29826 16.928 12.7827 13.1166 9.5269 9.49988 11.7902 9.02056 8.72447 5.58777 20.0956 2.76036
threshold=-1.8285714285714281 -1.6833333333333331 -0.96916795351268614 -0.71831804393379417 113.50000000000001 -2.0574062768620025 0.16754774182930918 -36.499999999999993 0.36057646987493691 61.500000000000007 51.500000000000007 -0.80131437625443136
decision_type=2 2 2 2 2 2 2 2 2 2 2 2
left_child=2 4 3 7 -2 -3 -7 -1 -6 10 -4 -11
right_child=1 5 9 -5 8 6 -8 -9 -10 11 -12 -13
leaf_value=-0.034564954025974835 0.059897062738639241 -0.041032767318435581 -0.03409831285264308 0.031467427422781157 0.046401711046042265 0.0098275809895481334 2.7380947913921722e-05 0.0020107879820246625 -0.00016124103744737578 -0.036168748875037328 0.075074679050922882 0.0045117166380653296
leaf_weight=23.088258997537196 15.736973915132692 12.418058809067587 12.988226398301778 25.740077743539587 13.796795495203694 344.5452132881619 2753.3358231500897 55.081474108737893 30.742764191934839 53.568080973695032 5.0313951827120027 4.0557826074655159
leaf_count=57 26 41 175 30 33 827 7532 146 83 276 30 25
internal_value=0.00082398 0.00145344 -0.0102098 0.00115909 0.0274815 0.000938743 0.00112179 -0.00902923 0.0148547 -0.0257037 -0.0010079 -0.0331921
internal_weight=3350.13 3170.58 179.553 103.91 60.2765 3110.3 3097.88 78.1697 44.5396 75.6435 18.0196 57.6239
internal_count=9281 8542 739 233 142 8400 8359 203 116 506 205 301
is_linear=0
shrinkage=0.05


Tree=140
num_leaves=15
num_cat=0
split_feature=2 34 3 24 1 27 22 19 4 11 24 29 35 20
split_gain=23.6195 22.7448 18.6929 18.6479 15.5615 14.3404 20.5347 15.3119 14.1082 13.7064 12.9978 4.01393 0.292612 0.664028
threshold=-30.499999999999996 0.63068181818181823 1799.9400000000003 0.77930947583927979 201.50000000000003 0.092676457492222572 1.5321358573632105 0.97373165324819977 1948.2850000000001 -1.5277777777777775 0.40854741191431027 2.0946072254103147 32.500000000000007 -1.3482199124326939
decision_type=2 2 2 2 2 2 2 2 2 2 2 2 2 2
left_child=4 8 10 -4 5 6 -1 -7 9 -2 -3 -10 -6 -14
right_child=1 2 3 -5 12 7 -8 -9 11 -11 -12 -13 13 -15
leaf_value=-0.017259069283148836 -0.017335292206892873 0.0097770279540945713 0.045611389036182087 -0.021142503414009944 0.044069819206664099 0.019959445447712817 0.026420815490007323 0.0035850988212653523 -0.03397856330945169 -0.0030954516248709735 -0.016418158757577957 0.00021056944485200524 0.0087938694217927979 0.035305342928087097
leaf_weight=132.62290351314005 188.02854683206533 176.26049086649437 52.846288389991969 12.241403978783636 21.151702314149588 190.36513321159873 32.680553909682203 569.22312985011376 52.653355585411191 1622.609965865151 63.563499069889076 9.8603810220956785 5.0539867375046006 8.4580395973753166
leaf_count=373 861 390 90 23 54 466 193 1693 108 4798 160 26 11 35
internal_value=-0.000459898 -0.00334058 0.00929718 0.032851 0.00607033 0.00480889 -0.00848653 0.0077162 -0.00540428 -0.00458572 0.00277409 -0.0285887 0.0385091 0.0270229
internal_weight=3137.62 2178.06 304.912 65.0877 959.555 924.892 165.303 759.588 1873.15 1810.64 239.824 62.5137 34.6637 13.512
internal_count=9281 6456 663 113 2825 2725 566 2159 5793 5659 550 134 100 46
is_linear=0
shrinkage=0.05


Tree=141
num_leaves=13
num_cat=0
split_feature=5 2 33 29 22 16 5 40 20 39 18 26
split_gain=26.7419 13.1712 16.0066 15.0108 12.7664 10.1819 9.94888 10.5675 8.2753 8.37411 3.3264 1.65156
threshold=-109.79999999999994 -26.499999999999996 2.5000000000000004 -0.82219067459293727 0.68020710356264114 3.3166666666666669 -409.56499999999994 1.0000000180025095e-35 -2.7400932047905004 2.5000000000000004 0.323550565852538 0.19332139330486167
decision_type=2 2 2 2 2 2 2 2 2 2 2 2
left_child=5 8 4 -4 -3 6 11 -8 -2 -10 -7 -1
right_child=1 2 3 -5 -6 10 7 -9 9 -11 -12 -13
leaf_value=0.0095602040055282732 0.042149108985205498 0.019853016268266171 -0.033364989086190136 -0.0057353595481630833 0.00010498599322998856 0.010522616354199932 0.0011622934996510818 0.014098864974700724 -0.016558002280920487 0.0056804506908373588 0.053015986340901988 0.034165537588875208
leaf_weight=10.659105097351128 5.7542320825741617 95.416284121747594 55.268581967568025 402.797806000337 544.85415919002844 8.0263876443495992 759.90126511559356 198.69349541224074 330.44498261029366 47.666163428017171 13.804389759083277 31.527092945354525
leaf_count=72 26 322 106 860 2325 20 2008 354 2550 388 31 219
internal_value=-0.000521323 -0.0048131 -0.00201655 -0.00914536 0.0030821 0.00569304 0.00492883 0.00386084 -0.0127757 -0.0137338 0.0387569 0.0284297
internal_weight=2504.81 1482.2 1098.34 458.066 640.27 1022.61 1000.78 958.595 383.865 378.111 21.8308 42.1862
internal_count=9281 6577 3613 966 2647 2704 2653 2362 2964 2938 51 291
is_linear=0
shrinkage=0.05


Tree=142
num_leaves=9
num_cat=0
split_feature=29 27 7 19 29 29 11 19
split_gain=9.10601 15.2958 21.3006 24.1102 13.8246 19.8792 0.864225 0.284834
threshold=3.0008706118355071 0.79284456847235041 0.90000000000000013 2.4488254289125195 2.6919847690369445 1.4923355964819398 0.18333333333333332 0.99407479775605334
decision_type=2 2 2 2 2 2 2 2
left_child=1 4 7 -4 5 -1 -2 -3
right_child=6 2 3 -5 -6 -7 -8 -9
leaf_value=0.0010403913388198453 -0.012003471675401813 -0.021712297432800846 0.04046044903321129 -0.033387594726408863 0.041680563171924152 -0.017314926845809844 -0.044090494657802896 -0.051034076023827847
leaf_weight=3064.3592616759415 4.289952454622834 4.5721340757445414 71.5047038065386 12.184272643295115 19.171714724972844 153.95973057157244 10.865901526412925 6.3844876600196585
leaf_count=8574 29 31 175 35 21 365 36 15
internal_value=0.000817041 0.000999768 0.020707 0.0293826 0.000415881 0.000155641 -0.0366227 -0.0420557
internal_weight=3347.29 3332.14 94.6456 83.689 3237.49 3218.32 15.1559 10.9566
internal_count=9281 9216 256 210 8960 8939 65 46
is_linear=0
shrinkage=0.05


Tree=143
num_leaves=15
num_cat=0
split_feature=2 34 22 1 27 26 4 2 4 8 24 23 29 21
split_gain=21.5354 21.1543 15.9714 14.6422 14.3702 21.0394 16.7969 14.1633 13.4686 13.1934 12.5743 6.46216 3.89141 0.0341971
threshold=-30.499999999999996 0.63068181818181823 1.5321358573632105 192.50000000000003 0.17757901393583647 0.4038770970169121 1483.2950000000003 45.500000000000007 1948.2850000000001 -3.7749999999999995 0.57535730172106259 -1.5666258923566647 2.0946072254103147 0.097801969358604413
decision_type=2 2 2 2 2 2 2 2 2 2 2 2 2 2
left_child=3 8 7 4 5 -1 -6 -3 9 -2 -4 -5 -10 -13
right_child=1 2 10 11 6 -7 -8 -9 12 -11 -12 13 -14 -15
leaf_value=-0.0022082923128494063 -0.034663478240762394 -0.0055350414440221074 0.031845551256055475 0.0038963682861808202 0.017610259998544781 -0.066368476539756915 0.0010575682258894799 0.044419649448412472 -0.033486728628161697 -0.0037995756078397407 -0.0017844523760876174 0.019361810081086391 0.00024649461447397467 0.041242615631521706
leaf_weight=260.07757589372341 34.384704849508125 157.47524090926163 93.388147634803317 18.252622386440635 273.33226972282864 12.457080936059354 349.15113413881045 14.579768445342777 51.492756277322769 1771.5345747316023 38.862685870146379 3.7534687409643075 9.8447251422330719 38.616074986639433
leaf_count=821 176 337 196 22 790 10 1025 40 108 5483 90 10 26 147
internal_value=-0.000455326 -0.00320911 0.00898964 0.00579385 0.00415919 -0.00539113 0.00835046 -0.00104082 -0.00520355 -0.00440885 0.0219864 0.0293875 -0.0280752 0.0399106
internal_weight=3127.2 2171.56 304.306 955.64 895.018 272.535 622.483 172.055 1867.26 1805.92 132.251 60.6222 61.3375 42.3695
internal_count=9281 6456 663 2825 2646 831 1815 377 5793 5659 286 179 134 157
is_linear=0
shrinkage=0.05


Tree=144
num_leaves=15
num_cat=0
split_feature=5 30 36 34 12 5 27 36 21 6 23 5 11 4
split_gain=24.9146 15.2314 18.3438 27.2036 15.1494 13.1013 11.275 10.4342 9.28824 24.9798 19.6833 10.2533 5.60647 2.19639
threshold=109.11000000000014 1.5000000000000002 4.5000000000000009 0.23611111111111113 0.55000000000000016 -238.5 0.081131363540700621 3.5000000000000004 0.5815077279717914 0.90000000000000013 2.0773416628919708 160.56499999999997 2.9500000000000006 1847.7200000000003
decision_type=2 2 2 2 2 2 2 2 2 2 2 2 2 2
left_child=1 5 4 -4 -3 7 -7 -1 9 10 -2 -11 13 -10
right_child=8 2 3 -5 -6 6 -8 -9 12 11 -12 -13 -14 -15
leaf_value=0.025397886105399049 -0.011466634931258414 -0.0061178992684818839 0.072807697078573319 -0.0032962720384344434 -0.039227444896643267 0.021842349239319863 0.00025621503097593114 0.0064182950776788678 -0.029309638575034793 0.14589559804506921 0.11003846751930453 0.018570805135503236 0.011072756975029586 0.0097281555166440267
leaf_weight=101.15673314896412 246.65729292450123 72.822190818376839 11.697043940424917 154.58886007871479 66.24672485794872 62.244228975265287 1404.9847312091733 256.39910958899418 98.55499273785972 2.5494686278980216 2.3784588134440119 3.6562608411186375 9.3694004575954732 3.0917310006916514
leaf_count=164 2030 135 11 332 103 245 4372 932 857 12 7 36 35 10
internal_value=-0.000515224 0.00155564 -0.00875774 0.00243045 -0.0220931 0.00328805 0.00118962 0.0118576 -0.0125444 -0.00721473 -0.00985073 0.0845608 -0.0245795 -0.0279903
internal_weight=2496.4 2130.14 305.355 166.286 139.069 1824.78 1467.23 357.556 366.258 255.241 249.036 6.20573 111.016 101.647
internal_count=9281 6294 581 343 238 5713 4617 1096 2987 2085 2037 48 902 867
is_linear=0
shrinkage=0.05


Tree=145
num_leaves=10
num_cat=0
split_feature=0 21 34 18 11 4 5 24 29
split_gain=8.85434 9.89375 14.3884 14.0092 13.5122 13.28 13.0032 12.7484 0.0592983
threshold=1.5000000000000002 0.69142119362372012 0.095454545454545472 0.58969324300355319 0.81666666666666676 1892.5500000000002 245.36000000000013 0.78410972669387158 0.23505683046974321
decision_type=2 2 2 2 2 2 2 2 2
left_child=8 3 7 6 -4 -5 -2 -3 -1
right_child=1 2 4 5 -6 -7 -8 -9 -10
leaf_value=-0.019269200355855803 0.0023089250386132613 -0.040842839676560293 0.053243717934578563 -0.011784161879747169 0.010660112100921373 0.019911764008317866 -0.01280522270956993 0.030014626697623836 -0.040181076457494178
leaf_weight=4.7130924026714629 2534.7649537355755 22.145006092730913 19.628573440131731 345.5630547166802 214.06082395772683 35.517143570585176 149.70542544900673 7.8407322145067146 10.821081301663069
leaf_count=37 6659 69 57 1085 532 53 737 17 35
internal_value=0.000803742 0.000986179 0.0102615 0.000183672 0.0144698 -0.00877259 0.00145973 -0.0217828 -0.0356879
internal_weight=3344.76 3329.23 263.675 3065.55 233.689 381.08 2684.47 29.9857 15.5342
internal_count=9281 9209 675 8534 589 1138 7396 86 72
is_linear=0
shrinkage=0.05


Tree=146
num_leaves=15
num_cat=0
split_feature=2 18 24 7 1 28 3 25 27 25 18 9 23 19
split_gain=19.8333 17.688 35.8303 15.987 13.1985 12.5546 11.591 11.3923 14.4078 19.9762 15.1334 10.452 1.59988 6.99689
threshold=-37.499999999999993 0.59292776215202692 0.39679523091337582 3.1000000000000005 16.500000000000004 1.5023180609538651 1952.8850000000002 0.19522778174572011 0.17757901393583647 1.1170889116490763 0.8033869363113143 0.61250000000000016 -0.66885702839057604 0.939528709407497
decision_type=2 2 2 2 2 2 2 2 2 2 2 2 2 2
left_child=7 4 3 -3 11 -4 -6 12 9 -9 -10 -2 13 -1
right_child=1 2 5 -5 6 -7 -8 8 10 -11 -12 -13 -14 -15
leaf_value=0.043097569065945224 -0.019469095830816442 0.02977424646042183 -0.021985734328518896 -0.023502735759242152 -0.003596403102258572 0.0025399697700438303 0.046565453612481898 0.0012234320346003011 0.012658865612492232 -0.036831815908302076 -0.013646054732107414 0.016051167395627831 0.038101065240172399 -0.019420310638599829
leaf_weight=9.2003908813931066 208.56298505119048 147.28663491725456 78.077615131973289 14.714974991395136 1674.1727962053847 152.05288578383625 10.587237522006033 206.16176753211766 458.66905262635555 40.346424417453818 61.05000204895623 22.074666211148724 28.00901009188965 7.0492701085750005
leaf_count=24 800 378 187 36 4931 454 9 610 1374 90 134 45 186 23
internal_value=-0.000448028 -0.00281292 0.0068449 0.0247898 -0.00479528 -0.00581849 -0.00325078 0.00627405 0.00481961 -0.00510858 0.00953902 -0.0159932 0.0306807 0.0161332
internal_weight=3118.02 2307.53 392.132 162.002 1915.4 230.131 1684.76 810.486 766.227 246.508 519.719 230.638 44.2587 16.2497
internal_count=9281 6840 1055 414 5785 641 4940 2441 2208 700 1508 845 233 47
is_linear=0
shrinkage=0.05


Tree=147
num_leaves=12
num_cat=0
split_feature=5 2 1 8 2 30 20 10 14 5 11
split_gain=23.5208 12.5468 10.8013 9.29958 9.42248 8.80397 10.2348 8.82916 8.63909 5.07504 2.03497
threshold=-109.79999999999994 -93.499999999999986 183.50000000000003 -3.3666666666666658 122.50000000000001 3.5000000000000004 2.4292302646114941 1.0500000000000003 -1.4499999999999997 -61.695000000000043 -0.61249999999999993
decision_type=2 2 2 2 2 2 2 2 2 2 2
left_child=2 9 3 8 -5 6 -3 -7 -1 -2 -11
right_child=1 5 -4 4 -6 7 -8 -9 -10 10 -12
leaf_value=-0.0078244978809809372 0.039347738959612022 -0.0017159598102536703 -0.042022646316718433 0.0038050055756350173 0.027889598436051145 0.010221792269004758 -0.02593887350567279 -0.02732326703721168 0.042164646690264561 0.0015990138403013437 -0.032386294181701566
leaf_weight=11.295084181590935 1.887527125654741 1278.6748322211206 10.886963309254496 925.32598462619353 41.607837302435655 19.467286145314574 44.204958646732848 67.825922346441075 30.618320902285632 4.3907783224130972 53.266393408266595
leaf_count=17 10 5441 15 2329 191 36 221 217 152 32 620
internal_value=-0.000489703 -0.00453862 0.00533973 0.0058969 0.00487429 -0.00357488 -0.00254814 -0.0188728 0.0287083 -0.0268438 -0.0297298
internal_weight=2489.45 1469.72 1019.73 1008.85 966.934 1410.17 1322.88 87.2932 41.9134 59.5447 57.6572
internal_count=9281 6577 2704 2689 2520 5915 5662 253 169 662 652
is_linear=0
shrinkage=0.05


Tree=148
num_leaves=8
num_cat=0
split_feature=20 29 27 7 29 26 7
split_gain=8.7374 8.67118 13.56 19.9109 12.5171 0.480419 0.0322825
threshold=-4.3629804624743409 3.0008706118355071 0.79284456847235041 0.90000000000000013 2.6919847690369445 4.2600188814459399 1.0000000180025095e-35
decision_type=2 2 2 2 2 2 2
left_child=6 2 4 -4 -2 -3 -1
right_child=1 5 3 -5 -6 -7 -8
leaf_value=-0.016478078884880808 0.00037017234428402446 -0.042724962292333697 -0.041277697912011004 0.028060391565875031 0.039700321543992785 -0.015875966169075433 -0.033441662685527639
leaf_weight=4.9434072491421857 3191.840599107265 10.036568253999574 10.843101238919187 83.876544818107504 19.363080944749527 4.8229511147364965 16.062628750689328
leaf_count=37 8834 36 45 209 21 25 74
internal_value=0.000788448 0.000997703 0.00117576 0.0197223 0.000621169 -0.0358764 -0.030607
internal_weight=3341.79 3320.78 3305.92 94.7196 3211.2 14.8595 21.006
internal_count=9281 9170 9109 254 8855 61 111
is_linear=0
shrinkage=0.05


Tree=149
num_leaves=15
num_cat=0
split_feature=5 40 10 17 17 17 21 23 13 18 21 2 23 15
split_gain=21.3584 16.1439 16.0445 17.4768 15.9825 20.4391 12.2922 10.7841 7.90992 8.67211 22.1833 7.11788 13.3292 1.65864
threshold=-166.0749999999999 1.0000000180025095e-35 0.5277777777777779 2.1555555555555563 -1.8285714285714281 -1.6833333333333331 0.087917251655135156 -1.5666258923566647 0.77500000000000013 0.17536860372364824 0.096013537502592214 47.500000000000007 -1.2174697584361471 0.68333333333333346
decision_type=2 2 2 2 2 2 2 2 2 2 2 2 2 2
left_child=8 4 6 -4 7 -6 -3 -2 11 13 -11 -1 -13 -10
right_child=1 2 3 -5 5 -7 -8 -9 9 10 -12 12 -14 -15
leaf_value=-0.017432122847817307 0 -0.016504553618491083 -0.010063350488500091 0.029568937719806034 -0.02914474652645915 0.0026784574914395826 0.052420822741361298 0.028705354402697992 -0.029334072250888684 0.058139770693292708 -0.012541630464780363 -0.0056564370158009207 0.070603919161646475 -0.013509225113725194
leaf_weight=13.70840487454552 49.791170893702656 8.895125704584645 545.1812016008771 28.298191545647569 50.767952053109184 1967.2856903866632 18.759182643494569 95.722082517051604 85.743477630545385 10.798185587045735 186.02312431027531 12.88935724867042 8.9774833957199025 25.401621222903486
leaf_count=39 95 36 1392 59 125 5135 41 510 556 66 1000 58 27 142
internal_value=-0.000453819 0.00100709 -0.0062322 -0.00805094 0.00302275 0.00186137 0.0302739 0.0189725 -0.012194 -0.0147778 -0.00836427 0.00982868 0.0271522 -0.0259147
internal_weight=3108.24 2764.7 601.134 573.479 2163.57 2018.05 27.6543 145.513 343.542 307.966 196.821 35.5752 21.8668 111.145
internal_count=9281 7393 1528 1451 5865 5260 77 605 1888 1764 1066 124 85 698
is_linear=0
shrinkage=0.05


Tree=150
num_leaves=14
num_cat=0
split_feature=5 25 30 5 2 1 25 30 5 17 26 2 2
split_gain=22.0823 11.3381 11.7729 10.8313 10.7072 10.0891 10.3845 3.66142 2.14081 1.9135 0.301995 0.220544 0.841209
threshold=1.0000000180025095e-35 0.19522778174572011 3.5000000000000004 -409.56499999999994 -93.499999999999986 182.50000000000003 0.21155786251780057 6.5000000000000009 -97.374999999999872 -0.10555555555555554 -0.16238662800525272 -97.499999999999986 -109.49999999999999
decision_type=2 2 2 2 2 2 2 2 2 2 2 2 2
left_child=3 11 4 9 -3 6 -5 -4 -7 -1 -11 12 -2
right_child=1 2 7 5 -6 8 -8 -9 -10 10 -12 -13 -14
leaf_value=-0.00034818699956033506 -0.025932501705824753 -0.028524417884729564 -0.031170804273228825 0.035462127637028572 -0.0024161074982268337 -0.041414380775991438 0.0022067702142396449 0 -0.010415553491494171 0.012262027793401541 0.033651745560497069 -0.034822642423859455 0.01274249829296744
leaf_weight=4.9345118895871556 3.3952275437186472 40.7421038231696 54.558903274824843 22.865051190485246 685.62004625823465 13.818948658765295 1561.2137530774344 11.553938845172523 11.16539026936516 4.1623498658882445 32.180559081782121 34.724497472983785 1.1479148066136975
leaf_count=25 80 495 205 81 3748 19 4028 38 33 32 239 233 25
internal_value=-0.000480704 -0.00712077 -0.0057899 0.00286503 -0.00392462 0.00220384 0.00271201 -0.0258449 -0.0286875 0.0278593 0.0317298 -0.0330447 -0.0147226
internal_weight=2482.08 831.743 792.475 1650.34 726.362 1609.06 1584.08 66.1128 24.9843 41.2774 36.3429 39.2676 4.54314
internal_count=9281 4824 4486 4457 4243 4161 4109 243 52 296 271 338 105
is_linear=0
shrinkage=0.05


Tree=151
num_leaves=10
num_cat=0
split_feature=36 35 8 3 17 35 21 16 21
split_gain=8.87793 9.23258 26.9283 16.0393 15.4308 12.5635 16.1208 12.5913 1.15667
threshold=928.50000000000011 129.50000000000003 0.90000000000000013 1821.4800000000002 -0.70714285714285696 54.500000000000007 0.29419376750380238 3.4142857142857146 0.08700249205047457
decision_type=2 2 2 2 2 2 2 2 2
left_child=1 5 4 -4 -3 7 -7 -1 -2
right_child=8 2 3 -5 -6 6 -8 -9 -10
leaf_value=0.0018300393218273977 -0.00010153665751810179 -0.0024975511811972575 -0.032302378956793353 0.020109741755350189 0.01988831690158975 -0.018775271477579316 -0.00015525061133378151 -0.032836204225123046 -0.035893442131732449
leaf_weight=2359.7634032849455 2.8970596855506328 108.46331892127637 57.124352318467572 18.606310408096761 259.40380622417433 188.3158499111305 302.62732910097111 25.477063280181028 17.540252790669911
leaf_count=6065 21 298 207 73 781 663 998 92 83
internal_value=0.000772397 0.000980677 0.00768633 -0.0192658 0.0132856 -5.41193e-05 -0.00733132 0.00144406 -0.0312945
internal_weight=3340.22 3319.78 443.598 75.7307 367.867 2876.18 490.943 2385.24 20.4373
internal_count=9281 9177 1359 280 1079 7818 1661 6157 104
is_linear=0
shrinkage=0.05


Tree=152
num_leaves=15
num_cat=0
split_feature=5 40 17 17 17 22 16 23 13 0 23 2 26 23
split_gain=19.7033 15.9867 15.7588 19.6255 14.7712 12.9757 10.5669 9.51709 9.23514 8.75427 21.4137 6.45427 9.36194 4.5498
threshold=-175.33000000000001 1.0000000180025095e-35 -1.8285714285714281 -1.6833333333333331 2.1555555555555563 0.51745260330802323 3.3166666666666669 -1.5666258923566647 0.77500000000000013 128.50000000000003 -1.1127180262775316 55.500000000000007 -0.83960873984869067 0.19948399487871529
decision_type=2 2 2 2 2 2 2 2 2 2 2 2 2 2
left_child=8 2 7 -4 5 -3 -6 -2 11 10 -10 -1 -13 -11
right_child=1 4 3 -5 6 -7 -8 -9 9 13 -12 12 -14 -15
leaf_value=-0.0099707613304155195 0.0010433872123210531 0.024883600798513757 -0.02842601842499233 0.0025537849566415523 0.049235196690879383 -0.00974420817888416 -0.0130269179500705 0.02808632035677168 0.034443701053700766 -0.028399527372805041 -0.014949153850344541 -0.014994267023821818 0.064202959659756573 0.012290910733337282
leaf_weight=13.227421427960509 50.12922522786539 27.438501840340905 51.456628452171572 1984.4523850344121 18.836686371592808 548.93684408644913 9.6804071677615848 94.241796436603181 24.608589012816083 105.01792583000497 151.98040215735091 5.1704917426686725 9.4379029351985064 6.6269117113552047
leaf_count=32 97 69 126 5223 31 1416 32 510 172 687 773 24 49 40
internal_value=-0.000445522 0.000896968 0.002894 0.00175476 -0.0062858 -0.00804684 0.028205 0.0188025 -0.0122567 -0.0149256 -0.00788266 0.0147651 0.0366868 -0.0258522
internal_weight=3101.24 2785.17 2180.28 2035.91 604.892 576.375 28.5171 144.371 316.07 288.234 176.589 27.8358 14.6084 111.645
internal_count=9281 7504 5956 5349 1548 1485 63 607 1777 1672 945 105 73 727
is_linear=0
shrinkage=0.05


Tree=153
num_leaves=14
num_cat=0
split_feature=5 30 36 34 22 20 35 12 22 19 32 32 28
split_gain=20.9466 13.4966 17.5221 24.7236 15.0006 14.0033 11.7269 8.85945 12.0375 9.20553 3.26317 3.46629 1.21551
threshold=109.11000000000014 1.5000000000000002 4.5000000000000009 0.23611111111111113 0.57519842003143096 -4.3629804624743409 3.5000000000000004 0.36666666666666675 0.60567022276569349 2.0457360515703358 3.5000000000000004 1.0000000180025095e-35 1.1032391378426605
decision_type=2 2 2 2 2 2 2 2 2 2 2 2 2
left_child=1 5 4 -4 -3 12 -7 10 -9 -10 11 -2 -1
right_child=7 2 3 -5 -6 6 -8 8 9 -11 -12 -13 -14
leaf_value=0.042930804148546116 -0.016170104233946041 0.028311881720864931 0.06886577718219368 -0.0029733213179462155 -0.026858234801692357 0.0092672573639325934 5.2223052216997888e-05 0.074348699118351902 -0.014689839085921353 0.0092870161903810741 0.032096891132537685 -0.033217126113205438 0.015472928619504018
leaf_weight=21.750614310847599 139.81943477201276 12.764934673905371 11.979490324854849 153.36381152481772 124.20699345087633 466.75894487614278 1322.4392009378062 3.8219428400043389 106.01543770628632 62.847490536863916 2.1045535914599887 40.246268864604644 7.5875974825466974
leaf_count=58 1477 10 11 332 228 769 4837 28 858 384 7 233 49
internal_value=-0.000471516 0.00140928 -0.0083519 0.00258423 -0.0215125 0.00303843 0.00246283 -0.0116988 -0.00351546 -0.00573455 -0.0193672 -0.0201703 0.0367384
internal_weight=2475.71 2120.85 302.315 165.343 136.972 1818.54 1789.2 354.855 172.685 168.863 182.17 180.066 29.3382
internal_count=9281 6294 581 343 238 5713 5606 2987 1270 1242 1717 1710 107
is_linear=0
shrinkage=0.05


Tree=154
num_leaves=6
num_cat=0
split_feature=31 31 24 32 24
split_gain=8.83571 12.882 14.4268 11.1614 9.44899
threshold=5.5000000000000009 3.5000000000000004 0.40233841285570932 7.5000000000000009 0.39883507780666089
decision_type=2 2 2 2 2
left_child=1 3 -3 4 -1
right_child=-2 2 -4 -5 -6
leaf_value=-0.0019901287970049454 -0.045300898232204345 0.040217620951828001 -0.0027316752824354199 0.03754098440874621 0.0035437378003981969
leaf_weight=1964.3521696362877 9.3787727355957013 42.358367081731558 35.018823839724064 19.118014007806778 1268.5813977635698
leaf_count=5766 8 36 31 14 3426
internal_value=0.000752505 0.000897298 0.0209293 0.000412846 0.000180201
internal_weight=3338.81 3329.43 77.3772 3252.05 3232.93
internal_count=9281 9273 67 9206 9192
is_linear=0
shrinkage=0.05


Tree=155
num_leaves=15
num_cat=0
split_feature=5 16 21 34 7 10 20 24 35 3 27 28 40 20
split_gain=18.7072 13.701 15.3189 12.5713 14.3677 11.4887 22.3683 23.1229 17.6869 24.5036 16.8583 11.2384 10.7068 8.55357
threshold=88.230000000000032 0.78888888888888908 0.091610662865910061 0.5277777777777779 0.63333333333333341 1.8166666666666669 0.65006843606544151 0.54007877083749445 6.5000000000000009 1884.5000000000002 0.29889859095139787 0.85378235170942862 1.0000000180025095e-35 -1.6940609927790156
decision_type=2 2 2 2 2 2 2 2 2 2 2 2 2 2
left_child=1 2 13 12 -5 8 -7 -8 10 -10 -2 -4 -3 -1
right_child=5 3 11 4 -6 6 7 -9 9 -11 -12 -13 -14 -15
leaf_value=0.0028841539689025489 -0.012241965155126988 -0.0044670472274564608 0.011621553134930148 -0.019850307675463464 0.013268322050273847 0.037465008921321701 0.016820258255014122 -0.011699894040687418 0.01301498118906602 -0.029633665438550241 0.0092254417302011175 0.060392290207820387 -0.01494956220320039 -0.035429401713764394
leaf_weight=31.88905011548195 301.46776634966955 1169.6886225553753 160.63762697734637 39.973813667427748 161.61013795086183 68.250815235136542 183.76903615321498 114.41152543015778 350.91307741065975 36.236937646870501 129.97777334274724 11.932729427120647 308.21262732381001 25.281572684762068
leaf_count=90 592 3970 356 61 356 229 575 239 1342 56 314 59 986 56
internal_value=-0.000433055 -0.00349679 0.00792332 -0.00506574 0.0066107 0.00449758 0.0118445 0.00585787 0.0011923 0.00894416 -0.00575673 0.0153512 -0.00666516 -0.0142904
internal_weight=3094.25 1909.23 229.741 1679.49 201.584 1185.03 366.431 298.181 818.596 387.15 431.446 172.57 1477.9 57.1706
internal_count=9281 5934 561 5373 417 3347 1043 814 2304 1398 906 415 4956 146
is_linear=0
shrinkage=0.05


Tree=156
num_leaves=12
num_cat=0
split_feature=5 2 1 5 31 20 11 28 29 5 23
split_gain=19.6909 11.3649 9.9393 9.23663 12.0067 11.4569 8.31199 9.18765 5.24034 4.82294 2.76444
threshold=-109.79999999999994 -93.499999999999986 179.50000000000003 -114.67500000000005 1.0000000180025095e-35 -1.2807652632863895 -3.1833333333333331 2.0486712500339874 -2.8197498203486071 -61.695000000000043 -0.82666391476775702
decision_type=2 2 2 2 2 2 2 2 2 2 2
left_child=2 9 3 5 -5 -1 8 -8 -3 -2 -11
right_child=1 6 -4 4 -6 -7 7 -9 -10 10 -12
leaf_value=0.013334739245332607 0.037882757050944071 -0.006423453788242545 -0.035507623824550215 0.0046719074835692735 0.066272492069571004 0.0012056780426534703 -0.0053048460537899744 0.0076480085205722888 0.03811338186721458 0.011493709315950403 -0.03204266111530376
leaf_weight=269.34113366308156 1.9227978849085037 9.3444495964795369 13.994213069323449 18.659297305857766 13.204122288152574 700.61930894281249 1217.8074006969691 153.04768558341311 18.466241645393893 3.260185756138525 50.612797247507842
leaf_count=833 10 23 18 48 23 1782 5316 524 52 28 624
internal_value=-0.000457025 -0.00418841 0.00487957 0.00548356 0.031591 0.00458912 -0.00329146 -0.00385057 0.0232718 -0.0261309 -0.0291554
internal_weight=2470.28 1454.46 1015.82 1001.82 31.8634 969.96 1398.67 1370.86 27.8107 55.7958 53.873
internal_count=9281 6577 2704 2686 71 2615 5915 5840 75 662 652
is_linear=0
shrinkage=0.05


Tree=157
num_leaves=11
num_cat=0
split_feature=36 0 21 18 34 25 4 6 20 29
split_gain=8.50696 8.63062 9.66629 14.5372 13.3263 5.4544 7.57435 1.08886 0.903872 0.0631238
threshold=565.00000000000011 1.5000000000000002 0.69142119362372012 0.58969324300355319 0.095454545454545472 0.5939498453998423 1357.2800000000002 0.22500000000000003 -1.3875026832506261 0.23505683046974321
decision_type=2 2 2 2 2 2 2 2 2 2
left_child=1 9 3 -3 -4 6 -2 8 -7 -1
right_child=5 2 4 -5 -6 7 -8 -9 -10 -11
leaf_value=-0.018845794413752722 -0.031852398147255885 0.001701604988308807 -0.020998106283920719 -0.0088117568159471454 0.014437178964371113 -0.026257082674879001 0.047864108207718518 -0.040003144272294879 0.0039730263977289957 -0.039786308544054363
leaf_weight=4.6232986696995786 4.9284873342839983 2648.218708312168 28.951864716829732 374.35001504741376 231.66285316064022 5.2398023901041597 4.982234762981534 19.718970559188165 3.2894497408997285 10.648190296953542
leaf_count=37 40 7219 85 1123 583 31 24 68 36 35
internal_value=0.000737939 0.00101413 0.00119527 0.000395371 0.0104163 -0.0224246 0.0084777 -0.0333566 -0.0148802 -0.0353019
internal_weight=3336.61 3298.45 3283.18 3022.57 260.615 38.1589 9.91072 28.2482 8.52925 15.2715
internal_count=9281 9082 9010 8342 668 199 64 135 67 72
is_linear=0
shrinkage=0.05


Tree=158
num_leaves=13
num_cat=0
split_feature=5 14 1 23 5 13 0 0 35 5 23 28
split_gain=17.7262 14.7612 12.7785 21.9452 8.99468 6.86054 7.83883 19.4204 4.73341 6.67159 3.69641 0.405228
threshold=-166.0749999999999 3.4500000000000006 144.50000000000003 -1.3430022292371124 249.45000000000007 0.77500000000000013 128.50000000000003 124.50000000000001 3.5000000000000004 -191.59999999999999 0.19948399487871529 3.0008706118355071
decision_type=2 2 2 2 2 2 2 2 2 2 2 2
left_child=5 2 3 -2 -4 8 7 -7 -1 -10 -8 -3
right_child=1 11 4 -5 -6 6 10 -9 9 -11 -12 -13
leaf_value=-0.025228720585639231 -0.021664449084019446 -0.023764960316821949 0.0049931763293051962 0.00064888507948439159 0.021737214318261002 -0.011019130529490722 -0.026794113381728275 0.063941173732031384 0.040442403728454854 -0.0063329796177570884 0.0073262084238126723 -0.043928519812572842
leaf_weight=6.9622785451356313 115.56040400557686 10.552403971203605 504.58857408736367 2012.2024353938759 95.012934077589307 178.28970903658774 103.26794644640177 8.0741764170234074 14.832596509368159 13.945994063629769 7.938059479231014 14.200440702377817
leaf_count=16 267 24 1185 5452 432 971 705 45 76 32 43 33
internal_value=-0.000430439 0.000888226 0.00124531 -0.000570228 0.00768654 -0.0113036 -0.0137947 -0.00742087 0.00911186 0.0181558 -0.0242704 -0.0367833
internal_weight=3085.43 2752.12 2727.36 2127.76 599.602 333.311 297.57 186.364 35.7409 28.7786 111.206 24.7528
internal_count=9281 7393 7336 5719 1617 1888 1764 1016 124 108 748 57
is_linear=0
shrinkage=0.05


end of trees

feature_importances:
elo_diff=305
away_fifa_rank=112
fifa_rank_diff=112
away_weighted_win_rate_10=80
home_weighted_avg_goals_10=72
away_elo=71
home_weighted_avg_gd_10=69
home_fifa_rank=62
home_weighted_win_rate_10=62
home_avg_gd_5=61
away_avg_gd_10=61
away_weighted_avg_gd_10=60
away_weighted_avg_goals_10=57
home_weighted_win_rate_5=52
away_weighted_avg_goals_5=52
home_elo=50
home_weighted_avg_gd_5=50
away_weighted_avg_gd_5=47
home_avg_gd_10=44
neutral=43
away_avg_goals_10=42
home_weighted_avg_goals_5=41
h2h_home_wins=40
away_days_rest=40
away_avg_gd_5=39
away_weighted_win_rate_5=31
away_avg_goals_5=30
home_days_rest=30
home_avg_goals_10=27
h2h_total=26
h2h_away_wins=25
h2h_home_win_rate=25
h2h_draws=23
home_avg_goals_5=18
home_win_rate_10=15
away_win_rate_5=9
tournament_tier=6
home_win_rate_5=3
away_win_rate_10=3

parameters:
[boosting: gbdt]
[objective: multiclass]
[metric: multi_logloss]
[tree_learner: serial]
[device_type: cpu]
[data_sample_strategy: bagging]
[data: ]
[valid: ]
[num_iterations: 500]
[learning_rate: 0.05]
[num_leaves: 15]
[num_threads: 8]
[seed: 42]
[deterministic: 0]
[force_col_wise: 0]
[force_row_wise: 0]
[histogram_pool_size: -1]
[max_depth: 4]
[min_data_in_leaf: 20]
[min_sum_hessian_in_leaf: 0.001]
[bagging_fraction: 0.8]
[pos_bagging_fraction: 1]
[neg_bagging_fraction: 1]
[bagging_freq: 0]
[bagging_seed: 400]
[bagging_by_query: 0]
[feature_fraction: 0.8]
[feature_fraction_bynode: 1]
[feature_fraction_seed: 30056]
[extra_trees: 0]
[extra_seed: 12879]
[early_stopping_round: 0]
[early_stopping_min_delta: 0]
[first_metric_only: 0]
[max_delta_step: 0]
[lambda_l1: 0.1]
[lambda_l2: 1]
[linear_lambda: 0]
[min_gain_to_split: 0]
[drop_rate: 0.1]
[max_drop: 50]
[skip_drop: 0.5]
[xgboost_dart_mode: 0]
[uniform_drop: 0]
[drop_seed: 17869]
[top_rate: 0.2]
[other_rate: 0.1]
[min_data_per_group: 100]
[max_cat_threshold: 32]
[cat_l2: 10]
[cat_smooth: 10]
[max_cat_to_onehot: 4]
[top_k: 20]
[monotone_constraints: ]
[monotone_constraints_method: basic]
[monotone_penalty: 0]
[feature_contri: ]
[forcedsplits_filename: ]
[refit_decay_rate: 0.9]
[cegb_tradeoff: 1]
[cegb_penalty_split: 0]
[cegb_penalty_feature_lazy: ]
[cegb_penalty_feature_coupled: ]
[path_smooth: 0]
[interaction_constraints: ]
[verbosity: -1]
[saved_feature_importance_type: 0]
[use_quantized_grad: 0]
[num_grad_quant_bins: 4]
[quant_train_renew_leaf: 0]
[stochastic_rounding: 1]
[linear_tree: 0]
[max_bin: 255]
[max_bin_by_feature: ]
[min_data_in_bin: 3]
[bin_construct_sample_cnt: 200000]
[data_random_seed: 175]
[is_enable_sparse: 1]
[enable_bundle: 1]
[use_missing: 1]
[zero_as_missing: 0]
[feature_pre_filter: 1]
[pre_partition: 0]
[two_round: 0]
[header: 0]
[label_column: ]
[weight_column: ]
[group_column: ]
[ignore_column: ]
[categorical_feature: ]
[forcedbins_filename: ]
[precise_float_parser: 0]
[parser_config_file: ]
[objective_seed: 16083]
[num_class: 3]
[is_unbalance: 0]
[scale_pos_weight: 1]
[sigmoid: 1]
[boost_from_average: 1]
[reg_sqrt: 0]
[alpha: 0.9]
[fair_c: 1]
[poisson_max_delta_step: 0.7]
[tweedie_variance_power: 1.5]
[lambdarank_truncation_level: 30]
[lambdarank_norm: 1]
[label_gain: ]
[lambdarank_position_bias_regularization: 0]
[eval_at: ]
[multi_error_top_k: 1]
[auc_mu_weights: ]
[num_machines: 1]
[local_listen_port: 12400]
[time_out: 120]
[machine_list_filename: ]
[machines: ]
[gpu_platform_id: -1]
[gpu_device_id: -1]
[gpu_use_dp: 0]
[num_gpu: 1]

end of parameters

pandas_categorical:[]
