tree
version=v4
num_class=3
num_tree_per_iteration=3
label_index=0
max_feature_idx=40
objective=multiclass num_class:3
feature_names=home_fifa_rank away_fifa_rank fifa_rank_diff home_elo away_elo elo_diff home_win_rate_5 home_avg_goals_5 home_avg_gd_5 home_win_rate_10 home_avg_goals_10 home_avg_gd_10 away_win_rate_5 away_avg_goals_5 away_avg_gd_5 away_win_rate_10 away_avg_goals_10 away_avg_gd_10 home_weighted_win_rate_5 home_weighted_avg_goals_5 home_weighted_avg_gd_5 home_weighted_win_rate_10 home_weighted_avg_goals_10 home_weighted_avg_gd_10 away_weighted_win_rate_5 away_weighted_avg_goals_5 away_weighted_avg_gd_5 away_weighted_win_rate_10 away_weighted_avg_goals_10 away_weighted_avg_gd_10 h2h_home_wins h2h_draws h2h_away_wins h2h_total h2h_home_win_rate home_days_rest away_days_rest is_knockout altitude_m tournament_tier neutral
feature_infos=[1:211] [1:211] [-209:210] [967.99000000000001:2052.4699999999998] [967.63999999999999:2049.7600000000002] [-953.26999999999998:956.13999999999999] [0:1] [0:11.25] [-15:11] [0:1] [0:11.25] [-15:11] [0:1] [0:15] [-16.5:15] [0:1] [0:15] [-16.5:15] [0:1] [0:11.316435531301908] [-13:11.064409021738769] [0:1] [0:11.316435531301908] [-13:11.064409021738769] [0:1] [0:15] [-15:15] [0:1] [0:15] [-15:15] [0:12] [0:6] [0:11] [0:19] [0:1] [1:5882] [1:3644] none none [1:4] [0:1]
tree_sizes=970 954 968 997 990 981 997 1000 986 995 988 992 1000 987 993 1001 1001 996 1001 995 993 996 992 991 991 993 994 1002 992 991 988 1008 981 999 994 998 998 987 994 1007 999 992 996 1002 998 998 995 1002 993 1003 1003 999 993 995 991 992 995 996 1007 1004 1000 1002 1003 1004 998 998 1001 976 993 1000 997 997 1003 999 1007 1006 997 991 1000 993 1007 998 885 999 996 992 999 1006 882 996 999 991 1003 1009 884 1011 1002 883 1000 1005 991 994 1004 882 1002 1002 1000 1003 996 885 1004 999 998 1002 1003 886 1000 1001 887 1001 1002 995 1010 1001 884 1004 1002 892 1001 1003 890 1008 895 682 1010 1002 999 901 1005 682 1001 901 995 1000 1003 996 999 999 681 904 1002 685 999 1013 998 1002 1000 891 908 1010 680 1008 1002 684 1004 1006 661 991 1003 579 998 1002 988 904 1010 889 979 897 580 1000 983 580 1012 1005 885 999 996 579 892 999 875 1007 1012 684 887 998 995 1002 1007 973 900 992 997 1011 1009 577 900 1007 688 901 1002 679 1002 1011 997 1000 890 1007 901 1004 682 998 999 990 900 897 680 1004 1000 1001 892 996 685 1006 895 892 788 1009 680 1004 994 689 1004 898 1005 1008 794 764 791 1012 1003 892 996 682 903 896 676 1014 692 1008 897 781 890 898 998 787 893

Tree=0
num_leaves=8
num_cat=0
split_feature=5 5 5 5 5 40 5
split_gain=1089.48 272.712 119.066 40.6867 31.254 25.5879 9.97107
threshold=-61.695000000000043 -314.03999999999991 81.240000000000023 -131.10999999999999 -424.26000000000005 1.0000000180025095e-35 145.75000000000003
decision_type=2 2 2 2 2 2 2
left_child=1 4 5 -3 -1 -2 -4
right_child=2 3 6 -5 -6 -7 -8
leaf_value=-1.2523280574590328 -1.3844443384823653 -1.3352475453454404 -1.3974121493780891 -1.3565190263875653 -1.2957499925963643 -1.3638775104402849 -1.4079486730178656
leaf_weight=75.278640568256378 608.13142541050911 592.88336056470871 347.1378960609436 366.60864618420601 117.71802034974098 200.12766924500465 750.71936419606209
leaf_count=259 1789 1742 1045 1073 370 592 2411
internal_value=-1.37073 -1.33237 -1.39393 -1.34335 -1.27826 -1.37934 -1.40465
internal_weight=3058.61 1152.49 1906.12 959.492 192.997 808.259 1097.86
internal_count=9281 3444 5837 2815 629 2381 3456
is_linear=0
shrinkage=1


Tree=1
num_leaves=8
num_cat=0
split_feature=5 5 1 1 5 4 5
split_gain=163.637 83.679 53.2049 27.0401 13.369 9.62073 6.31968
threshold=168.35000000000005 -330.58999999999986 149.50000000000003 145.50000000000003 -424.26000000000005 1447.2400000000002 249.45000000000007
decision_type=2 2 2 2 2 2 2
left_child=1 4 -3 5 -1 -2 -5
right_child=3 2 -4 6 -6 -7 -8
leaf_value=-1.1757766293454031 -1.1585194314959029 -1.1246598239615027 -1.1470435581171803 -1.1592023887943521 -1.149154129683456 -1.1444564474766599 -1.177528760777403
leaf_weight=86.659505218267441 197.60476613044739 2286.0785603523254 299.2975224852562 82.186309844255447 107.4224012196064 325.09782069921494 136.66779017448425
leaf_count=259 562 5821 818 233 296 883 409
internal_value=-1.13521 -1.12964 -1.12726 -1.15606 -1.16121 -1.14982 -1.17081
internal_weight=3521.01 2779.46 2585.38 741.557 194.082 522.703 218.854
internal_count=9281 7194 6639 2087 555 1445 642
is_linear=0
shrinkage=1


Tree=2
num_leaves=8
num_cat=0
split_feature=2 2 2 2 14 4 2
split_gain=1096.12 191.951 121.209 43.6872 25.8304 18.744 16.5423
threshold=-15.499999999999998 38.500000000000007 -63.499999999999993 2.5000000000000004 -2.4499999999999997 1608.325 90.500000000000014
decision_type=2 2 2 2 2 2 2
left_child=2 3 5 -2 -4 -1 -3
right_child=1 6 4 -5 -6 -7 -8
leaf_value=-0.80221857026406074 -0.85486056490434803 -0.89066477790627618 -0.800455174449203 -0.87259259717939264 -0.83529417689710173 -0.87297200341225278 -0.90606422229601957
leaf_weight=511.52283924818039 559.47035479545593 708.38665917515755 56.082324087619781 912.42897975444794 943.71005925536156 9.0034523606300336 244.17244783043861
leaf_count=1306 1279 1625 147 2075 2226 18 605
internal_value=-0.856318 -0.877186 -0.823047 -0.865853 -0.833281 -0.803482 -0.894665
internal_weight=3944.78 2424.46 1520.32 1471.9 999.792 520.526 952.559
internal_count=9281 5584 3697 3354 2373 1324 2230
is_linear=0
shrinkage=1


Tree=3
num_leaves=8
num_cat=0
split_feature=5 5 5 5 40 5 5
split_gain=982.058 224.133 113.417 35.5026 24.098 23.4259 9.82572
threshold=-61.695000000000043 -314.03999999999991 81.240000000000023 -131.10999999999999 1.0000000180025095e-35 -424.26000000000005 145.75000000000003
decision_type=2 2 2 2 2 2 2
left_child=1 5 4 -3 -2 -1 -4
right_child=2 3 6 -5 -6 -7 -8
leaf_value=0.10477088261324086 -0.013265692715112111 0.033094972277249723 -0.025897268644876528 0.013372282642505263 0.0066981873112380219 0.068179655102069775 -0.036461293199046091
leaf_weight=81.14590460062027 603.0690498650074 606.77167522907257 340.44595992565155 370.38598302006721 200.54329603910446 123.53669956326485 731.72405499219894
leaf_count=259 1789 1742 1045 1073 592 370 2411
internal_value=-9.53722e-06 0.0356708 -0.0224997 0.0256456 -0.00827531 0.0831493 -0.0331388
internal_weight=3057.62 1181.84 1875.78 977.158 803.612 204.683 1072.17
internal_count=9281 3444 5837 2815 2381 629 3456
is_linear=0
shrinkage=0.05


Tree=4
num_leaves=8
num_cat=0
split_feature=5 5 1 1 5 2 5
split_gain=149.102 76.7042 48.2164 25.6019 12.6097 9.60685 6.08361
threshold=168.35000000000005 -330.58999999999986 149.50000000000003 145.50000000000003 -424.26000000000005 -53.499999999999993 249.45000000000007
decision_type=2 2 2 2 2 2 2
left_child=1 4 -3 5 -1 -2 -5
right_child=3 2 -4 6 -6 -7 -8
leaf_value=-0.039501868887579943 -0.01985844589374014 0.0099989264416433295 -0.011359123353060836 -0.02311742453241003 -0.013456293066107215 -0.006036876769478978 -0.041235555151391878
leaf_weight=84.809778869152069 296.05893194675446 2298.0732490420341 297.51204174757004 81.111057966947556 106.74639666080475 222.27747923135757 133.5962290763855
leaf_count=259 844 5821 818 233 296 601 409
internal_value=7.82171e-06 0.00528772 0.00754546 -0.0200402 -0.025159 -0.013964 -0.0345531
internal_weight=3520.19 2787.14 2595.59 733.044 191.556 518.336 214.707
internal_count=9281 7194 6639 2087 555 1445 642
is_linear=0
shrinkage=0.05


Tree=5
num_leaves=8
num_cat=0
split_feature=5 5 5 2 5 0 5
split_gain=1134.4 160.14 156.139 27.5239 24.7941 18.1631 12.3819
threshold=32.009999999999998 -146.03499999999994 168.35000000000005 -102.49999999999999 -37.730000000000011 59.500000000000007 -257.4199999999999
decision_type=2 2 2 2 2 2 2
left_child=1 6 5 -4 -3 -2 -1
right_child=2 4 3 -5 -6 -7 -8
leaf_value=-0.047248528415345631 0.0090138948513452301 -0.018698874027979095 0.06364452917243156 0.040492823025104076 -0.0043233395171460914 0.022894199127712209 -0.035110409744353185
leaf_weight=390.87162572145462 508.87197250127792 724.56014627218246 164.68512028455734 673.45579791069031 514.4094543159008 444.41837221384048 521.25437918305397
leaf_count=963 1166 1660 431 1656 1166 1053 1186
internal_value=0 -0.0244703 0.0293813 0.0451183 -0.0127426 0.0155073 -0.0403635
internal_weight=3942.53 2151.1 1791.43 838.141 1238.97 953.29 912.126
internal_count=9281 4975 4306 2087 2826 2219 2149
is_linear=0
shrinkage=0.05


Tree=6
num_leaves=8
num_cat=0
split_feature=5 5 5 0 40 8 5
split_gain=882.049 187.022 107.765 37.0886 22.6496 19.2612 9.56946
threshold=-61.695000000000043 -314.03999999999991 81.240000000000023 148.50000000000003 1.0000000180025095e-35 -1.0999999999999999 145.75000000000003
decision_type=2 2 2 2 2 2 2
left_child=1 5 4 -3 -2 -1 -4
right_child=2 3 6 -5 -6 -7 -8
leaf_value=0.086851762716445916 -0.012813908974507177 0.019150914347752443 -0.025142559049347396 0.043616778090778831 0.0065462037221647286 0.053804176197593839 -0.0356785515369515
leaf_weight=138.01928877830505 597.96408194303513 801.59993717074394 333.96195963025093 193.03620916604996 200.95002126693726 76.965229570865631 711.44533759355545
leaf_count=413 1789 2247 1045 568 592 216 2411
internal_value=-2.49437e-05 0.0331381 -0.0217842 0.0239432 -0.00793593 0.0753476 -0.0323448
internal_weight=3053.94 1209.62 1844.32 994.636 798.914 214.985 1045.41
internal_count=9281 3444 5837 2815 2381 629 3456
is_linear=0
shrinkage=0.05


Tree=7
num_leaves=8
num_cat=0
split_feature=2 2 4 11 2 8 32
split_gain=123.692 51.7418 30.261 25.2299 8.34624 5.02724 3.87312
threshold=-37.499999999999993 120.50000000000001 1326.1450000000002 -2.5857142857142859 -86.499999999999986 -0.63333333333333319 1.0000000180025095e-35
decision_type=2 2 2 2 2 2 2
left_child=2 3 6 -2 -4 -3 -1
right_child=1 5 4 -5 -6 -7 -8
leaf_value=-0.036598299766754432 -0.018323514623622156 -0.038706077881335794 -0.022922764787808109 0.0074458933496518546 -0.0087477069263097434 0.00098668091757563958 -0.0074923894990379788
leaf_weight=171.8429804444313 97.683529257774353 70.379569381475449 130.81504160165787 2507.859954059124 517.48935401439667 8.6502338945865613 13.337918788194655
leaf_count=530 274 216 385 6392 1424 23 37
internal_value=2.95052e-05 0.00525555 -0.0167832 0.0064712 -0.0116466 -0.034341 -0.0345803
internal_weight=3518.06 2684.57 833.485 2605.54 648.304 79.0298 185.181
internal_count=9281 6905 2376 6666 1809 239 567
is_linear=0
shrinkage=0.05


Tree=8
num_leaves=8
num_cat=0
split_feature=5 5 5 5 1 5 5
split_gain=1022.84 147.104 138.796 29.654 23.6459 22.4079 11.6802
threshold=32.009999999999998 -146.03499999999994 216.27500000000003 139.43499999999997 121.50000000000001 -37.730000000000011 -257.4199999999999
decision_type=2 2 2 2 2 2 2
left_child=1 6 3 -2 -4 -3 -1
right_child=2 5 4 -5 -6 -7 -8
leaf_value=-0.045494954422699893 0.012225903816732501 -0.017853782606125756 0.037310589496825856 0.028368605880439268 0.058057583067948185 -0.0041698116101480213 -0.033635180284908354
leaf_weight=385.14311191439629 772.39992237091064 721.0636391043663 279.35898751020432 453.99140530824661 294.2410124540329 514.02306228876114 515.87764155864716
leaf_count=963 1787 1660 679 1080 760 1166 1186
internal_value=-5.74756e-06 -0.0233994 0.027751 0.018224 0.0480444 -0.0121708 -0.038755
internal_weight=3936.1 2136.11 1799.99 1226.39 573.6 1235.09 901.021
internal_count=9281 4975 4306 2867 1439 2826 2149
is_linear=0
shrinkage=0.05


Tree=9
num_leaves=8
num_cat=0
split_feature=5 5 5 0 40 5 2
split_gain=793.709 160.706 102.067 35.3 21.3366 12.4391 9.41714
threshold=-61.695000000000043 -330.58999999999986 81.240000000000023 148.50000000000003 1.0000000180025095e-35 -424.26000000000005 -63.499999999999993
decision_type=2 2 2 2 2 2 2
left_child=1 5 4 -3 -2 -1 -4
right_child=2 3 6 -5 -6 -7 -8
leaf_value=0.086832526328010029 -0.012411874442895541 0.01836018521066193 -0.038288584552995608 0.041576329701954358 0.0063810308844243768 0.05937568132631748 -0.027926978857221191
leaf_weight=89.486449033021927 593.42161187529564 833.88229101896286 353.89840719103813 204.85395047068596 201.39108482003212 106.38881355524063 664.73284485936165
leaf_count=259 1789 2302 1269 587 592 296 2187
internal_value=-4.30269e-05 0.0308638 -0.0210929 0.0229791 -0.00764178 0.0723222 -0.0315658
internal_weight=3048.06 1234.61 1813.44 1038.74 794.813 195.875 1018.63
internal_count=9281 3444 5837 2889 2381 555 3456
is_linear=0
shrinkage=0.05


Tree=10
num_leaves=8
num_cat=0
split_feature=5 5 1 1 5 35 5
split_gain=121.496 66.497 42.2305 23.3981 11.4353 8.73276 5.62012
threshold=168.35000000000005 -330.58999999999986 149.50000000000003 145.50000000000003 -424.26000000000005 207.50000000000003 249.45000000000007
decision_type=2 2 2 2 2 2 2
left_child=1 4 -3 5 -1 -2 -5
right_child=3 2 -4 6 -6 -7 -8
leaf_value=-0.037908515445165991 -0.014300675186106443 0.0090985106665851176 -0.010928979743181754 -0.021461988257400467 -0.012801826133798853 0.01125847806901545 -0.039165581650843551
leaf_weight=81.76117867231369 473.2078523337841 2317.5220003724098 295.85708227753639 78.98774516582489 105.82449555397034 35.008636206388474 126.98361191153526
leaf_count=259 1353 5821 818 233 296 92 409
internal_value=6.12918e-05 0.00475768 0.006826 -0.0183313 -0.0239143 -0.0125116 -0.0325371
internal_weight=3515.15 2800.96 2613.38 714.188 187.586 508.216 205.971
internal_count=9281 7194 6639 2087 555 1445 642
is_linear=0
shrinkage=0.05


Tree=11
num_leaves=8
num_cat=0
split_feature=5 5 5 4 1 5 5
split_gain=923.723 136.455 124.29 27.6253 21.3419 20.0466 10.7863
threshold=32.009999999999998 -146.03499999999994 216.27500000000003 1512.5700000000004 121.50000000000001 -37.730000000000011 -257.4199999999999
decision_type=2 2 2 2 2 2 2
left_child=1 6 3 -2 -4 -3 -1
right_child=2 5 4 -5 -6 -7 -8
leaf_value=-0.043860631715864601 0.025577626132355476 -0.016994289808142448 0.035236382893885886 0.010467827658109012 0.054906740777695709 -0.004033293084220041 -0.032378986644314031
leaf_weight=378.63236886262894 549.95580258965492 717.23111173510551 280.54873833060265 680.01108101010323 295.37852108478546 513.67246869206429 510.64473390579224
leaf_count=963 1306 1660 679 1561 760 1166 1186
internal_value=-2.01983e-05 -0.0223998 0.0262493 0.0172432 0.0454112 -0.0115972 -0.037317
internal_weight=3926.07 2120.18 1805.89 1229.97 575.927 1230.9 889.277
internal_count=9281 4975 4306 2867 1439 2826 2149
is_linear=0
shrinkage=0.05


Tree=12
num_leaves=8
num_cat=0
split_feature=2 2 2 2 40 11 2
split_gain=639.043 130.542 64.2374 43.6957 16.4137 14.3404 10.0739
threshold=9.5000000000000018 93.500000000000014 -25.499999999999996 46.500000000000007 1.0000000180025095e-35 -1.4142857142857139 -63.499999999999993
decision_type=2 2 2 2 2 2 2
left_child=2 3 6 -2 -4 -3 -1
right_child=1 5 4 -5 -6 -7 -8
leaf_value=-0.036816797493025681 0.010569808089290266 0.073570666965579803 -0.015096522665835275 0.030214430127006753 0.0009223863966990784 0.045368706663312053 -0.025659359685458218
leaf_weight=359.84195663034916 696.27964520454407 117.30540060997009 563.97142940759659 479.43117159605026 222.08806426823139 87.513047426939011 513.56272302567959
leaf_count=1324 1966 328 1730 1312 664 236 1721
internal_value=-6.28512e-05 0.0250596 -0.0209681 0.0186036 -0.0105689 0.061824 -0.0302988
internal_weight=3039.99 1380.53 1659.46 1175.71 786.059 204.818 873.405
internal_count=9281 3842 5439 3278 2394 564 3045
is_linear=0
shrinkage=0.05


Tree=13
num_leaves=8
num_cat=0
split_feature=5 5 1 1 5 5 5
split_gain=109.151 60.6295 38.4263 22.1307 10.7951 8.2573 5.40517
threshold=168.35000000000005 -330.58999999999986 149.50000000000003 145.50000000000003 -424.26000000000005 454.77999999999992 249.45000000000007
decision_type=2 2 2 2 2 2 2
left_child=1 4 -3 5 -1 -2 -5
right_child=3 2 -4 6 -6 -7 -8
leaf_value=-0.0369051479825203 -0.010360497636204667 0.0086274766755990509 -0.010516887488489605 -0.020588660962707079 -0.012301747019250367 -0.040714558489902054 -0.038113144527018583
leaf_weight=79.6934594810009 480.52283990383148 2327.5518228709698 294.2797337770462 77.832257270812988 105.11882933974266 22.805905699729919 123.2667293548584
leaf_count=259 1371 5821 818 233 296 74 409
internal_value=9.91842e-05 0.00451826 0.00647358 -0.017482 -0.0230795 -0.0118238 -0.0314907
internal_weight=3511.07 2806.64 2621.83 704.428 184.812 503.329 201.099
internal_count=9281 7194 6639 2087 555 1445 642
is_linear=0
shrinkage=0.05


Tree=14
num_leaves=8
num_cat=0
split_feature=5 5 5 5 1 5 5
split_gain=834.299 127.232 111.215 24.661 19.5527 17.9727 10.2658
threshold=32.009999999999998 -146.03499999999994 216.27500000000003 137.12000000000003 90.500000000000014 -31.105000000000015 -257.4199999999999
decision_type=2 2 2 2 2 2 2
left_child=1 6 3 -2 -4 -3 -1
right_child=2 5 4 -5 -6 -7 -8
leaf_value=-0.042432514124692372 0.010726344847437732 -0.015756638616970759 0.027486232631977071 0.025307419048545245 0.048622937315396172 -0.003259763022478203 -0.031152728217051374
leaf_weight=371.98218339681625 760.01104006171227 761.63882151246071 156.21007809042931 472.80821111798286 420.43247207999229 464.83682855963707 504.94687342643738
leaf_count=963 1751 1768 372 1116 1067 1058 1186
internal_value=-3.88904e-05 -0.0214495 0.0248451 0.0163385 0.0429632 -0.0110309 -0.035986
internal_weight=3912.87 2103.4 1809.46 1232.82 576.643 1226.48 876.929
internal_count=9281 4975 4306 2867 1439 2826 2149
is_linear=0
shrinkage=0.05


Tree=15
num_leaves=8
num_cat=0
split_feature=2 2 2 3 40 40 2
split_gain=578.946 114.6 61.1377 45.9163 25.1622 15.5088 9.86442
threshold=9.5000000000000018 55.500000000000007 -25.499999999999996 1365.2250000000001 1.0000000180025095e-35 1.0000000180025095e-35 -63.499999999999993
decision_type=2 2 2 2 2 2 2
left_child=2 4 6 -3 -2 -4 -1
right_child=1 3 5 -5 -6 -7 -8
leaf_value=-0.036143780479506109 0.0075420787185346665 0.059967099577363417 -0.01461231661800318 0.030089131371162082 0.030443400008119393 0.00098747447609061519 -0.024956961473720195
leaf_weight=348.45661064982414 683.34506919980049 201.39364030957222 558.24014157056808 369.5624580681324 145.13046705722809 221.8115801513195 503.20475953817368
leaf_count=1324 1891 546 1730 987 418 664 1721
internal_value=-8.37428e-05 0.0235013 -0.0203164 0.0407232 0.0115918 -0.0101745 -0.0295769
internal_weight=3031.14 1399.43 1631.71 570.956 828.476 780.052 851.661
internal_count=9281 3842 5439 1533 2309 2394 3045
is_linear=0
shrinkage=0.05


Tree=16
num_leaves=8
num_cat=0
split_feature=4 0 3 1 11 34 22
split_gain=74.8808 39.8186 36.3446 20.0353 14.0703 12.3973 8.43584
threshold=1454.1700000000003 149.50000000000003 1508.4750000000001 149.50000000000003 -2.5857142857142859 0.75961538461538469 1.0146668029084929
decision_type=2 2 2 2 2 2 2
left_child=2 5 3 -1 -3 -2 -4
right_child=1 4 6 -5 -6 -7 -8
leaf_value=0.0076529030453080793 0.0076033323502677722 -0.036777549225626094 -0.0099712051521746933 -0.012806456634960243 -0.0081716330922189401 -0.004064396553938191 -0.027607572001396241
leaf_weight=224.48942455649376 2126.6632696986198 54.761627614498138 90.129690766334534 253.72635298967361 195.23277539014816 253.7299670279026 307.65241241455078
leaf_count=565 5375 174 263 723 531 683 967
internal_value=0.000141524 0.00435994 -0.0125101 -0.00319583 -0.0145793 0.00635637 -0.0236591
internal_weight=3506.39 2630.39 875.998 478.216 249.994 2380.39 397.782
internal_count=9281 6763 2518 1288 705 6058 1230
is_linear=0
shrinkage=0.05


Tree=17
num_leaves=8
num_cat=0
split_feature=5 5 5 5 5 14 5
split_gain=756.697 118.727 99.7138 21.9659 16.3882 10.6319 9.89668
threshold=32.009999999999998 -146.03499999999994 216.27500000000003 137.12000000000003 -31.105000000000015 -1.8999999999999997 -257.4199999999999
decision_type=2 2 2 2 2 2 2
left_child=1 6 3 -2 -3 -4 -1
right_child=2 4 5 -5 -6 -7 -8
leaf_value=-0.041150913685852393 0.010246470076614236 -0.015062201108047882 0.052580767739276224 0.023997549974030603 -0.0031141210744370547 0.036513604307613863 -0.029997829739082056
leaf_weight=365.21864002943039 761.08729568123817 757.90876752138138 148.78329068422318 473.72134333848953 464.4582542181015 427.0959512591362 499.02943900227547
leaf_count=963 1751 1768 387 1116 1058 1052 1186
internal_value=-6.09134e-05 -0.0205811 0.0235818 0.0155411 -0.0105327 0.0407573 -0.0347589
internal_weight=3897.3 2086.62 1810.69 1234.81 1222.37 575.879 864.248
internal_count=9281 4975 4306 2867 2826 1439 2149
is_linear=0
shrinkage=0.05


Tree=18
num_leaves=8
num_cat=0
split_feature=5 5 5 40 0 40 1
split_gain=602.818 125.959 67.4279 30.2109 23.7532 17.2063 6.96241
threshold=-37.730000000000011 -285.17500000000001 99.975000000000037 1.0000000180025095e-35 151.50000000000003 1.0000000180025095e-35 16.500000000000004
decision_type=2 2 2 2 2 2 2
left_child=1 4 5 -3 -1 -2 -4
right_child=2 3 6 -5 -6 -7 -8
leaf_value=0.041774648436752777 -0.014544618204721839 0.012068119286946909 -0.00065853764687098598 0.033364382212724523 0.072163289032028191 0.0027025421876591391 -0.031268269123273428
leaf_weight=191.80794489383698 548.44266064465046 916.28616073727608 19.381467431783676 203.8374330997467 103.72898036241531 195.26237957179546 842.54367214441299
leaf_count=495 1720 2469 63 563 282 585 3104
internal_value=-0.00010566 0.0236692 -0.0210724 0.0159743 0.0526648 -0.0100121 -0.0305873
internal_weight=3021.29 1415.66 1605.63 1120.12 295.537 743.705 861.925
internal_count=9281 3809 5472 3032 777 2305 3167
is_linear=0
shrinkage=0.05


Tree=19
num_leaves=8
num_cat=0
split_feature=4 0 3 1 11 19 4
split_gain=68.0384 36.7018 33.3173 18.756 13.4147 11.1768 8.10358
threshold=1454.1700000000003 149.50000000000003 1508.4750000000001 149.50000000000003 -2.5857142857142859 2.5233652071737946 1283.2600000000002
decision_type=2 2 2 2 2 2 2
left_child=2 5 3 -1 -3 -2 -4
right_child=1 4 6 -5 -6 -7 -8
leaf_value=0.0074120896459591969 0.0071097362098364652 -0.035992035897094522 -0.035663486439744846 -0.012400146909983145 -0.0078361595376966291 -0.0054460004810199976 -0.018561575666198194
leaf_weight=224.97446802258492 2194.087467700243 53.687666356563568 93.586368352174759 252.18348726630211 194.41335326433182 191.63457462191582 297.18087634444237
leaf_count=565 5546 174 325 723 531 512 905
internal_value=0.000188491 0.0041911 -0.011943 -0.00305248 -0.014069 0.00609723 -0.0227507
internal_weight=3501.75 2633.82 867.925 477.158 248.101 2385.72 390.767
internal_count=9281 6763 2518 1288 705 6058 1230
is_linear=0
shrinkage=0.05


Tree=20
num_leaves=8
num_cat=0
split_feature=5 5 5 4 1 14 5
split_gain=687.535 110.791 90.7321 22.9233 17.555 15.5483 9.38235
threshold=32.009999999999998 -146.03499999999994 216.27500000000003 1512.5700000000004 121.50000000000001 -2.4499999999999997 -257.4199999999999
decision_type=2 2 2 2 2 2 2
left_child=1 6 3 -2 -4 -3 -1
right_child=2 5 4 -5 -6 -7 -8
leaf_value=-0.039902358605063096 0.022322544060034144 0.025399488479647903 0.029661022099197833 0.0085982194614924422 0.047494201385019592 -0.010974930709448003 -0.028954341038891235
leaf_weight=357.85844242572784 553.15233197808266 29.122755855321884 281.30892956256866 683.28301534056664 292.73039558529854 1189.3162736594677 493.25532880425453
leaf_count=963 1306 73 679 1561 760 2753 1186
internal_value=-8.65504e-05 -0.0197694 0.0224087 0.0147553 0.0388305 -0.0100813 -0.0336048
internal_weight=3880.03 2069.55 1810.47 1236.44 574.039 1218.44 851.114
internal_count=9281 4975 4306 2867 1439 2826 2149
is_linear=0
shrinkage=0.05


Tree=21
num_leaves=8
num_cat=0
split_feature=5 5 5 40 0 40 4
split_gain=547.689 111.936 64.2294 27.5027 20.995 16.2379 9.275
threshold=-37.730000000000011 -285.17500000000001 99.975000000000037 1.0000000180025095e-35 151.50000000000003 1.0000000180025095e-35 1826.1200000000001
decision_type=2 2 2 2 2 2 2
left_child=1 4 5 -3 -1 -2 -4
right_child=2 3 6 -5 -6 -7 -8
leaf_value=0.039171460946824131 -0.01410069129482662 0.011290843812072581 -0.030403816747519609 0.031457047205467908 0.067492849615788719 0.0026724762358448194 0.023654194503304606
leaf_weight=194.90700766444206 543.28965517878532 923.97253268957138 831.82216960191727 207.26895824074745 105.69489628076553 195.32018269598484 7.2185203582048407
leaf_count=495 1720 2469 3142 563 282 585 25
internal_value=-0.000126696 0.0222532 -0.0204426 0.0150147 0.0493369 -0.00966077 -0.0299052
internal_weight=3009.49 1431.84 1577.65 1131.24 300.602 738.61 839.041
internal_count=9281 3809 5472 3032 777 2305 3167
is_linear=0
shrinkage=0.05


Tree=22
num_leaves=8
num_cat=0
split_feature=5 5 0 4 0 21 2
split_gain=82.0692 48.966 28.7512 13.4426 6.64887 6.04439 3.35051
threshold=216.27500000000003 -397.48499999999996 148.50000000000003 1447.2400000000002 6.5000000000000009 0.3539160712440429 120.50000000000001
decision_type=2 2 2 2 2 2 2
left_child=1 6 -3 5 -5 -2 -1
right_child=3 2 -4 4 -6 -7 -8
leaf_value=-0.021053090449615092 -0.014966108784614199 0.006407458282966 -0.0075951921681710142 0.0048280787356600081 -0.015600844029028836 -0.031565430494059028 -0.040332889553658088
leaf_weight=52.241536140441895 83.016179651021957 2516.6388148963451 427.88748121261597 58.665574461221695 118.57110995054245 190.16270262002945 49.342913866043091
leaf_count=161 271 6343 1166 163 354 651 172
internal_value=0.000237008 0.00318591 0.00436906 -0.0196579 -0.00882164 -0.0266123 -0.0307685
internal_weight=3496.53 3046.11 2944.53 450.416 177.237 273.179 101.584
internal_count=9281 7842 7509 1439 517 922 333
is_linear=0
shrinkage=0.05


Tree=23
num_leaves=8
num_cat=0
split_feature=5 5 5 5 1 1 5
split_gain=624.12 124.097 65.634 21.2217 16.6738 16.211 8.7135
threshold=54.97500000000003 -146.03499999999994 216.27500000000003 -31.105000000000015 89.500000000000014 121.50000000000001 -257.4199999999999
decision_type=2 2 2 2 2 2 2
left_child=1 6 4 -3 -2 -4 -1
right_child=2 3 5 -5 -6 -7 -8
leaf_value=-0.038657314041128932 0.0097282489830055243 -0.013842164625587589 0.028249901536006101 -0.0014529979692628624 0.022325374525826926 0.045427852719060476 -0.028006871732184115
leaf_weight=349.7712699174881 534.43283820152283 750.91145971417427 280.86682257056236 642.03236478567123 524.84935888648033 290.25224190950394 487.72018304467201
leaf_count=963 1218 1768 679 1465 1242 760 1186
internal_value=-0.000114589 -0.0173004 0.0233893 -0.00814051 0.0159897 0.0370529 -0.0325017
internal_weight=3860.84 2230.44 1630.4 1392.94 1059.28 571.119 837.491
internal_count=9281 5382 3899 3233 2460 1439 2149
is_linear=0
shrinkage=0.05


Tree=24
num_leaves=8
num_cat=0
split_feature=5 5 5 8 40 5 4
split_gain=495.668 100.04 61.2874 28.7918 15.3373 11.5153 8.90151
threshold=-37.730000000000011 -314.03999999999991 99.975000000000037 -3.7749999999999995 1.0000000180025095e-35 -424.26000000000005 1826.1200000000001
decision_type=2 2 2 2 2 2 2
left_child=1 5 4 -3 -2 -1 -4
right_child=2 3 6 -5 -6 -7 -8
leaf_value=0.063458976060740399 -0.013632874476790355 0.060327708987082007 -0.029727645129162518 0.01355152239949841 0.002691655777445302 0.040386118423246201 0.0230281088417723
leaf_weight=98.51845246553421 537.90538816154003 33.029601126909256 809.00961463153362 1167.3810775279999 195.24287113547325 147.94817590713501 7.2812361419200888
leaf_count=259 1720 93 3142 3087 585 370 25
internal_value=-0.000155319 0.0208803 -0.0198025 0.0148919 -0.00928097 0.0498482 -0.0292234
internal_weight=2996.32 1446.88 1549.44 1200.41 733.148 246.467 816.291
internal_count=9281 3809 5472 3180 2305 629 3167
is_linear=0
shrinkage=0.05


Tree=25
num_leaves=8
num_cat=0
split_feature=5 5 1 1 5 35 5
split_gain=73.7092 47.7336 29.6706 18.7981 9.19436 8.17775 4.79569
threshold=168.35000000000005 -330.58999999999986 149.50000000000003 145.50000000000003 -424.26000000000005 207.50000000000003 249.45000000000007
decision_type=2 2 2 2 2 2 2
left_child=1 4 -3 5 -1 -2 -5
right_child=3 2 -4 6 -6 -7 -8
leaf_value=-0.034549656463050617 -0.011190583024004434 0.0073828721063055464 -0.0095281581504102607 -0.017797712488591091 -0.01130162434422198 0.013897680611749025 -0.034869268252535328
leaf_weight=74.202530711889267 451.06626635789871 2353.114055454731 290.38064196705818 73.949766218662262 103.56825122237206 33.985183089971542 110.4318445622921
leaf_count=259 1353 5821 818 233 296 92 409
internal_value=0.000288294 0.00382983 0.00552045 -0.0146132 -0.0211724 -0.00939751 -0.0281823
internal_weight=3490.7 2821.27 2643.49 669.433 177.771 485.051 184.382
internal_count=9281 7194 6639 2087 555 1445 642
is_linear=0
shrinkage=0.05


Tree=26
num_leaves=8
num_cat=0
split_feature=5 5 5 1 25 0 5
split_gain=566.394 97.3703 76.9505 23.1687 14.3731 13.9163 8.21729
threshold=32.009999999999998 -146.03499999999994 153.43499999999997 121.50000000000001 0.18818869551989478 50.500000000000007 -257.4199999999999
decision_type=2 2 2 2 2 2 2
left_child=1 6 5 -4 -3 -2 -1
right_child=2 4 3 -5 -6 -7 -8
leaf_value=-0.037538943215612935 0.0025809245961247312 0.029819104193073077 0.023123770233685788 0.039146959088829487 -0.0099402722278139222 0.01528049315438538 -0.027101896924360283
leaf_weight=341.89863479137421 395.51826646924019 22.168646633625031 521.93842428922653 410.64169132709503 1188.1436541378498 477.68935132026672 482.15147477388382
leaf_count=963 894 59 1245 1058 2767 1109 1186
internal_value=-0.000139566 -0.0182282 0.0202347 0.030219 -0.00918388 0.00954349 -0.0314785
internal_weight=3840.15 2034.36 1805.79 932.58 1210.31 873.208 824.05
internal_count=9281 4975 4306 2303 2826 2003 2149
is_linear=0
shrinkage=0.05


Tree=27
num_leaves=8
num_cat=0
split_feature=5 5 5 40 40 5 5
split_gain=451.475 79.2121 74.4748 24.9194 15.5048 8.35395 7.84627
threshold=-61.695000000000043 -330.58999999999986 81.240000000000023 1.0000000180025095e-35 1.0000000180025095e-35 145.75000000000003 -424.26000000000005
decision_type=2 2 2 2 2 2 2
left_child=1 6 4 -3 -2 -4 -1
right_child=2 3 5 -5 -6 -7 -8
leaf_value=0.059823428367551515 -0.010517714733420688 0.012637963477047834 -0.020516327898451297 0.032599122297385506 0.0055178164320224283 -0.031087056645095063 0.03953368182328016
leaf_weight=99.079825431108475 571.30500839650631 921.90250360965729 294.09889613091946 188.76774793863297 203.48097503185272 584.16813863813877 119.3274672627449
leaf_count=259 1789 2391 1045 498 592 2411 296
internal_value=-0.000176853 0.0215093 -0.0176183 0.0160613 -0.0062982 -0.0275804 0.0489916
internal_weight=2982.13 1329.08 1653.05 1110.67 774.786 878.267 218.407
internal_count=9281 3444 5837 2889 2381 3456 555
is_linear=0
shrinkage=0.05


Tree=28
num_leaves=8
num_cat=0
split_feature=5 5 1 1 36 2 36
split_gain=66.8256 40.3526 30.7382 12.2479 9.00506 3.33328 2.8863
threshold=249.45000000000007 -397.48499999999996 148.50000000000003 122.50000000000001 311.50000000000006 120.50000000000001 3.5000000000000004
decision_type=2 2 2 2 2 2 2
left_child=1 5 -3 4 -2 -1 -5
right_child=3 2 -4 6 -6 -7 -8
leaf_value=-0.019282167792087468 -0.014026633621609365 0.0054345580985876258 -0.010035382051585724 -0.013522295061943605 0.034498277764375501 -0.038850377371626832 -0.033198154584131993
leaf_weight=50.463741093873978 151.52997854351997 2694.3237052261829 363.40356692671776 24.654673799872398 9.2055614888668043 46.451059937477112 144.14358443021774
leaf_count=161 468 6781 1052 87 24 172 536
internal_value=0.000337809 0.00257955 0.00359168 -0.0210502 -0.0110205 -0.0290132 -0.0304503
internal_weight=3484.18 3154.64 3057.73 329.534 160.736 96.9148 168.798
internal_count=9281 8166 7833 1115 492 333 623
is_linear=0
shrinkage=0.05


Tree=29
num_leaves=8
num_cat=0
split_feature=5 5 5 4 5 1 5
split_gain=513.675 108.891 54.8391 19.0514 17.4299 14.9795 7.91639
threshold=54.97500000000003 -146.03499999999994 216.27500000000003 1624.8400000000001 -31.105000000000015 83.500000000000014 -257.4199999999999
decision_type=2 2 2 2 2 2 2
left_child=1 6 3 -2 -3 -4 -1
right_child=2 4 5 -5 -6 -7 -8
leaf_value=-0.036511911373318821 0.018426537553934808 -0.01260959713035747 0.018543305835981384 0.0031699368889316105 -0.001351844115410212 0.038246209874625292 -0.026178157008423131
leaf_weight=334.14672979712486 781.2258383333683 743.3835825920105 129.35085219144821 278.89003655314445 641.45419153571129 433.4460406601429 476.19253465533257
leaf_count=963 1836 1768 307 624 1465 1132 1186
internal_value=-0.000168822 -0.0159362 0.021152 0.0144244 -0.00740337 0.0337676 -0.0304852
internal_weight=3818.09 2195.18 1622.91 1060.12 1384.84 562.797 810.339
internal_count=9281 5382 3899 2460 3233 1439 2149
is_linear=0
shrinkage=0.05


Tree=30
num_leaves=8
num_cat=0
split_feature=5 5 5 8 0 40 4
split_gain=410.533 80.9831 55.4754 24.604 18.0199 13.7296 8.6025
threshold=-37.730000000000011 -285.17500000000001 99.975000000000037 -3.7749999999999995 151.50000000000003 1.0000000180025095e-35 1826.1200000000001
decision_type=2 2 2 2 2 2 2
left_child=1 4 5 -3 -1 -2 -4
right_child=2 3 6 -5 -6 -7 -8
leaf_value=0.032084211424060698 -0.012829023789969177 0.054451591233414622 -0.028453402394070595 0.011190353445801672 0.057883723667880353 0.0026501528049130418 0.02353168770216324
leaf_weight=201.6274146437645 528.65941804647446 33.01088747382164 766.26504161953926 1127.274060934782 107.93649750947952 195.26776671409607 7.230491191148757
leaf_count=495 1720 90 3142 2942 282 585 25
internal_value=-0.00020314 0.0185604 -0.0186246 0.0124713 0.0412533 -0.00864897 -0.0279312
internal_weight=2967.27 1469.85 1497.42 1160.28 309.564 723.927 773.496
internal_count=9281 3809 5472 3032 777 2305 3167
is_linear=0
shrinkage=0.05


Tree=31
num_leaves=8
num_cat=0
split_feature=2 0 17 23 1 25 13
split_gain=60.5884 42.4848 21.1125 11.9552 10.7464 10.0796 6.16857
threshold=-37.499999999999993 149.50000000000003 -1.8285714285714281 -1.0000000180025095e-35 52.500000000000007 0.20546836709817543 0.77500000000000013
decision_type=2 2 2 2 2 2 2
left_child=2 5 6 -4 -3 -2 -1
right_child=1 4 3 -5 -6 -7 -8
leaf_value=-0.035280773925550589 -0.018034646668530097 -0.029722760304811958 0.0033632837086453021 -0.012262262818535562 -0.006901414646695617 0.0072023151921452215 -0.0044367519817351993
leaf_weight=107.127700060606 39.250916391611099 58.577164843678474 163.43107905983925 477.14771316945553 405.35897932946682 2206.9344126880169 19.883254572749138
leaf_count=395 109 202 465 1452 1121 5473 64
internal_value=0.000390504 0.00390469 -0.0119994 -0.00826889 -0.00985135 0.00675126 -0.0305637
internal_weight=3477.71 2710.12 767.59 640.579 463.936 2246.19 127.011
internal_count=9281 6905 2376 1917 1323 5582 459
is_linear=0
shrinkage=0.05


Tree=32
num_leaves=8
num_cat=0
split_feature=2 2 2 4 14 4 2
split_gain=418.355 87.7882 45.9528 23.867 17.052 12.5977 10.4251
threshold=-15.499999999999998 38.500000000000007 -63.499999999999993 1522.1650000000002 -2.4499999999999997 1608.325 90.500000000000014
decision_type=2 2 2 2 2 2 2
left_child=2 3 5 -2 -4 -1 -3
right_child=1 6 4 -5 -6 -7 -8
leaf_value=0.033236688817151749 0.0038184242650661352 -0.02344564490246059 0.040349209435382498 -0.010410654540373867 0.012188270007276621 -0.023776175246486356 -0.036710248658640914
leaf_weight=505.77777498960495 413.59992322325706 634.57495027780533 56.41483998298645 1016.6934768855572 957.20630541443825 9.1057955026626569 201.69911548495293
leaf_count=1306 986 1625 147 2368 2226 18 605
internal_value=-0.000197698 -0.0138295 0.020009 -0.00629273 0.0137988 0.0321746 -0.0266909
internal_weight=3795.07 2266.57 1528.5 1430.29 1013.62 514.884 836.274
internal_count=9281 5584 3697 3354 2373 1324 2230
is_linear=0
shrinkage=0.05


Tree=33
num_leaves=8
num_cat=0
split_feature=2 2 2 11 28 40 9
split_gain=339.896 76.2405 31.8717 28.3123 19.7511 16.5345 2.77016
threshold=2.5000000000000004 55.500000000000007 -48.499999999999993 -1.4142857142857139 1.9220307627751567 1.0000000180025095e-35 0.58571428571428574
decision_type=2 2 2 2 2 2 2
left_child=2 4 6 -3 -2 -4 -1
right_child=1 3 5 -5 -6 -7 -8
leaf_value=-0.02661862689494883 0.0032541767932242403 0.043871607961925907 -0.0177244023543482 0.021101056579031961 0.020800655737994625 -0.0024729436149350274 -0.035502477650985027
leaf_weight=271.30788460373878 816.64199757575989 212.0261786878109 645.70334066450596 396.54598948359489 199.07856276631355 246.64885073900223 164.58268202841282
leaf_count=1177 2224 546 2266 987 548 808 725
internal_value=-0.000216673 0.0151185 -0.0189709 0.0291015 0.00671523 -0.0135219 -0.030058
internal_weight=2952.54 1624.29 1328.24 608.572 1015.72 892.352 435.891
internal_count=9281 4305 4976 1533 2772 3074 1902
is_linear=0
shrinkage=0.05


Tree=34
num_leaves=8
num_cat=0
split_feature=5 5 1 1 36 36 11
split_gain=55.6797 35.1547 25.758 11.6388 8.60389 2.92433 2.78562
threshold=249.45000000000007 -397.48499999999996 148.50000000000003 122.50000000000001 311.50000000000006 3.5000000000000004 -1.4142857142857139
decision_type=2 2 2 2 2 2 2
left_child=1 6 -3 4 -2 -5 -1
right_child=3 2 -4 5 -6 -7 -8
leaf_value=-0.033992871802387054 -0.012683516532691711 0.0050474916259741227 -0.0091907398099584613 -0.011719513425678577 0.034842528557636303 -0.031790862453384736 -0.014732840360607345
leaf_weight=61.082294568419456 148.00942796468735 2702.4315501749516 358.79349943995476 23.680200129747391 9.1714373826980573 136.67833863198757 32.007388293743134
leaf_count=231 468 6781 1052 87 24 536 102
internal_value=0.00043636 0.00244893 0.0033746 -0.0194849 -0.00967604 -0.0289489 -0.0276507
internal_weight=3471.85 3154.31 3061.23 317.539 157.181 160.359 93.0897
internal_count=9281 8166 7833 1115 492 623 333
is_linear=0
shrinkage=0.05


Tree=35
num_leaves=8
num_cat=0
split_feature=4 3 3 4 4 29 0
split_gain=217.985 101.212 99.6396 37.4919 34.014 32.8056 19.2743
threshold=1554.6750000000004 1630.3150000000003 1505.9600000000003 1624.8400000000001 1454.1700000000003 -1.9191770626150186 126.50000000000001
decision_type=2 2 2 2 2 2 2
left_child=2 6 5 -3 -4 -1 -2
right_child=1 3 4 -5 -6 -7 -8
leaf_value=0.019381304593004231 -0.018784826145833003 0.016514467694390439 0.033360445175269128 -0.0057101082015111812 0.014131694825093178 -0.005466412012505837 -0.035135150790833229
leaf_weight=167.99216228723526 727.83340087532997 243.77349701523781 475.73958525061607 843.09532469511032 451.65002706646919 619.80854687094688 243.47119873762131
leaf_count=417 1829 573 1244 1947 1063 1499 709
internal_value=-0.000230625 -0.0112002 0.0129284 -0.00071017 0.0240265 -0.000143644 -0.0229203
internal_weight=3773.36 2058.17 1715.19 1086.87 927.39 787.801 971.305
internal_count=9281 5058 4223 2520 2307 1916 2538
is_linear=0
shrinkage=0.05


Tree=36
num_leaves=8
num_cat=0
split_feature=5 5 5 40 5 40 4
split_gain=348.385 68.1271 51.0394 22.3616 12.6983 12.4567 8.1088
threshold=-37.730000000000011 -285.17500000000001 99.975000000000037 1.0000000180025095e-35 -424.26000000000005 1.0000000180025095e-35 1826.1200000000001
decision_type=2 2 2 2 2 2 2
left_child=1 4 5 -3 -1 -2 -4
right_child=2 3 6 -5 -6 -7 -8
leaf_value=0.052597582800196087 -0.012121801137605024 0.0079347655960785995 -0.027382789640438471 0.025703766009054746 0.030372550584398167 0.002654736083458847 0.022881388894552161
leaf_weight=98.341675311326981 520.4826902449131 956.27641671895981 730.81360848248005 217.37842327356339 213.2514505982399 195.18468171358109 7.2955665886402121
leaf_count=259 1720 2469 3142 563 518 585 25
internal_value=-0.000232436 0.0167915 -0.017628 0.0112492 0.0375488 -0.00808672 -0.0268489
internal_weight=2939.02 1485.25 1453.78 1173.65 311.593 715.667 738.109
internal_count=9281 3809 5472 3032 777 2305 3167
is_linear=0
shrinkage=0.05


Tree=37
num_leaves=8
num_cat=0
split_feature=5 5 1 1 11 2 30
split_gain=50.7117 32.477 23.7859 11.2085 7.70657 3.24186 2.17097
threshold=249.45000000000007 -397.48499999999996 148.50000000000003 137.50000000000003 -0.3166666666666666 120.50000000000001 1.5000000000000002
decision_type=2 2 2 2 2 2 2
left_child=1 5 -3 4 -2 -1 -5
right_child=3 2 -4 6 -6 -7 -8
leaf_value=-0.017257993296976623 0.032483118567328238 0.0048616336457578124 -0.0088508089526420832 -0.035138683884924242 -0.013429287232048734 -0.037065025391812723 -0.018343958617822155
leaf_weight=48.394000351428986 8.6184238940477353 2706.47151735425 356.92563283443451 86.238150417804718 185.30108731985092 42.600977212190628 31.501030668616295
leaf_count=161 25 6781 1052 356 608 172 126
internal_value=0.000475968 0.00238046 0.00325996 -0.01873 -0.011207 -0.0268875 -0.0308797
internal_weight=3466.05 3154.39 3063.4 311.659 193.92 90.995 117.739
internal_count=9281 8166 7833 1115 633 333 482
is_linear=0
shrinkage=0.05


Tree=38
num_leaves=8
num_cat=0
split_feature=5 5 5 1 40 14 5
split_gain=395.298 78.3883 54.4904 18.4918 12.5437 12.1571 7.035
threshold=32.009999999999998 -146.03499999999994 153.43499999999997 141.50000000000003 1.0000000180025095e-35 -2.4499999999999997 -257.4199999999999
decision_type=2 2 2 2 2 2 2
left_child=1 6 4 -4 -2 -3 -1
right_child=2 5 3 -5 -6 -7 -8
leaf_value=-0.033995285520930778 0.011208629536866559 0.023641473021667418 0.020604198900819069 0.036289554517614155 -0.0027826636086461386 -0.0084640266287724884 -0.024005900110092068
leaf_weight=313.0412250161171 664.44112944602966 29.232008755207062 637.47170105576515 272.62444391846657 209.83701479434967 1165.3290142416954 460.99920490384102
leaf_count=963 1524 73 1560 743 479 2753 1186
internal_value=-0.000256218 -0.015703 0.0167819 0.025343 0.0078455 -0.00765508 -0.028091
internal_weight=3752.98 1968.6 1784.37 910.096 874.278 1194.56 774.04
internal_count=9281 4975 4306 2303 2003 2826 2149
is_linear=0
shrinkage=0.05


Tree=39
num_leaves=8
num_cat=0
split_feature=5 5 5 40 40 2 2
split_gain=318.175 60.2744 55.4035 20.9571 12.317 8.49657 7.30873
threshold=-61.695000000000043 81.240000000000023 -330.58999999999986 1.0000000180025095e-35 1.0000000180025095e-35 -63.499999999999993 46.500000000000007
decision_type=2 2 2 2 2 2 2
left_child=2 4 6 -4 -2 -3 -1
right_child=1 5 3 -5 -6 -7 -8
leaf_value=-0.0014882195958987653 -0.0094352139231487046 -0.032814040964234514 0.0098439736127365549 0.027830151209819621 0.0048572287068251495 -0.021575523876718461 0.042324355588406623
leaf_weight=9.6685099899768812 558.55191986262798 258.03908097743988 945.64076489210129 195.71933767199516 205.09734824299812 540.45776443183422 209.87711328268051
leaf_count=21 1789 1269 2391 498 592 2187 534
internal_value=-0.000257515 -0.0156516 0.0174078 0.0129543 -0.00558875 -0.0252501 0.0403742
internal_weight=2923.05 1562.15 1360.91 1141.36 763.649 798.497 219.546
internal_count=9281 5837 3444 2889 2381 3456 555
is_linear=0
shrinkage=0.05


Tree=40
num_leaves=8
num_cat=0
split_feature=5 5 1 1 36 36 17
split_gain=45.9529 29.6185 21.1846 10.7788 8.13175 2.99797 1.10876
threshold=249.45000000000007 -424.26000000000005 148.50000000000003 122.50000000000001 311.50000000000006 3.5000000000000004 -0.10555555555555554
decision_type=2 2 2 2 2 2 2
left_child=1 6 -3 4 -2 -5 -1
right_child=3 2 -4 5 -6 -7 -8
leaf_value=-0.0063567636271773757 -0.011498825600158845 0.0045227586818418763 -0.0084466347966143142 -0.0097287140288751933 0.034700481039639693 -0.030360671929549183 -0.032824329998000966
leaf_weight=5.3278957903385153 144.92215935885906 2734.1964080035686 354.66185849905014 22.634388536214828 9.1830109059810621 128.97255647182465 59.519959300756454
leaf_count=21 468 6855 1052 87 24 536 238
internal_value=0.000524264 0.00232184 0.00302975 -0.0179503 -0.00850763 -0.0273971 -0.0308553
internal_weight=3459.42 3153.71 3088.86 305.712 154.105 151.607 64.8479
internal_count=9281 8166 7907 1115 492 623 259
is_linear=0
shrinkage=0.05


Tree=41
num_leaves=8
num_cat=0
split_feature=5 5 5 4 40 1 5
split_gain=359.567 86.5313 40.0309 13.8328 13.6916 12.8476 6.75281
threshold=54.97500000000003 -146.03499999999994 216.27500000000003 1624.8400000000001 1.0000000180025095e-35 136.50000000000003 -322.17999999999989
decision_type=2 2 2 2 2 2 2
left_child=1 6 3 -2 -3 -4 -1
right_child=2 4 5 -5 -6 -7 -8
leaf_value=-0.036046752823104468 0.015365728412578678 -0.0034343956356423116 0.022525915561190626 0.0023616704885700609 -0.015245886041871964 0.038653435478137453 -0.024550569808642161
leaf_weight=175.04561898112297 778.85721728205681 1049.2358393073082 336.38181009888649 279.03729951381683 320.36564126610756 204.59846404194832 585.55389076471329
leaf_count=592 1836 2467 850 624 766 589 1557
internal_value=-0.000283153 -0.0137329 0.0176303 0.0119459 -0.00621 0.0286946 -0.0272467
internal_weight=3729.08 2130.2 1598.87 1057.89 1369.6 540.98 760.6
internal_count=9281 5382 3899 2460 3233 1439 2149
is_linear=0
shrinkage=0.05


Tree=42
num_leaves=8
num_cat=0
split_feature=5 5 5 8 0 40 17
split_gain=290.589 56.4436 45.7777 21.2137 15.7394 10.7297 7.98029
threshold=-37.730000000000011 -285.17500000000001 99.975000000000037 -3.7749999999999995 151.50000000000003 1.0000000180025095e-35 0.58571428571428574
decision_type=2 2 2 2 2 2 2
left_child=1 4 5 -3 -1 -2 -4
right_child=2 3 6 -5 -6 -7 -8
leaf_value=0.025588381873533957 -0.011396719008827126 0.048341562382137881 -0.028049856631534021 0.0088600060319089756 0.049628239823774067 0.0023251648280913635 -0.01347009163565486
leaf_weight=205.25093728303909 512.27389925718307 34.193579167127609 583.28505384922028 1152.5046347975731 106.48391023278236 196.007981300354 116.96474473178387
leaf_count=495 1720 90 2680 2942 282 585 487
internal_value=-0.000282478 0.0150378 -0.0165833 0.0100416 0.0339485 -0.00759439 -0.0256444
internal_weight=2906.96 1498.43 1408.53 1186.7 311.735 708.282 700.25
internal_count=9281 3809 5472 3032 777 2305 3167
is_linear=0
shrinkage=0.05


Tree=43
num_leaves=8
num_cat=0
split_feature=2 0 5 17 5 3 12
split_gain=42.0369 32.5101 19.0131 18.1884 13.3699 11.5242 6.17842
threshold=-37.499999999999993 149.50000000000003 -277.94999999999987 -1.8285714285714281 -424.26000000000005 1411.4800000000002 1.0000000180025095e-35
decision_type=2 2 2 2 2 2 2
left_child=3 4 -3 6 -2 -5 -1
right_child=1 2 -4 5 -6 -7 -8
leaf_value=-0.034227479393369439 -0.026979416115554867 -0.029736812451520087 -0.003735367310975997 0.036526662458214891 0.006355361486329817 -0.0076367357036075103 -0.0060851902232103398
leaf_weight=90.26272477209568 29.46832862496376 86.209254950284958 368.26925584673882 14.126808181405066 2230.7337817251682 607.72147858142853 26.009422078728676
leaf_count=367 111 314 1009 35 5471 1882 92
internal_value=0.000573169 0.00345172 -0.00873297 -0.00999724 0.00590679 -0.00656839 -0.0280804
internal_weight=3452.8 2714.68 454.479 738.12 2260.2 621.848 116.272
internal_count=9281 6905 1323 2376 5582 1917 459
is_linear=0
shrinkage=0.05


Tree=44
num_leaves=8
num_cat=0
split_feature=5 5 5 1 25 40 5
split_gain=327.161 69.1326 45.9713 16.2518 12.3944 11.1617 6.58983
threshold=32.009999999999998 -146.03499999999994 153.43499999999997 141.50000000000003 0.18818869551989478 1.0000000180025095e-35 -257.4199999999999
decision_type=2 2 2 2 2 2 2
left_child=1 6 5 -4 -3 -2 -1
right_child=2 4 3 -5 -6 -7 -8
leaf_value=-0.032308433991033787 0.010214980245438536 0.029215327468668228 0.018752792610971517 0.033642672425131859 -0.0077231711250170827 -0.0029849907337979641 -0.022456428953546891
leaf_weight=297.73345811665058 664.70306009054184 22.144370466470718 631.48456153273582 263.93525794148445 1165.5527854263783 209.67306017875671 449.58451065421104
leaf_count=963 1524 59 1560 743 2767 479 1186
internal_value=-0.000311181 -0.0145187 0.0152193 0.02318 -0.00700626 0.00704416 -0.0264261
internal_weight=3704.81 1935.02 1769.8 895.42 1187.7 874.376 747.318
internal_count=9281 4975 4306 2303 2826 2003 2149
is_linear=0
shrinkage=0.05


Tree=45
num_leaves=8
num_cat=0
split_feature=2 2 2 11 28 40 9
split_gain=243.593 52.977 27.4605 21.9491 16.8466 13.7423 3.05871
threshold=2.5000000000000004 55.500000000000007 -48.499999999999993 -1.4142857142857139 1.9220307627751567 1.0000000180025095e-35 0.58571428571428574
decision_type=2 2 2 2 2 2 2
left_child=2 4 6 -3 -2 -4 -1
right_child=1 3 5 -5 -6 -7 -8
leaf_value=-0.024227001495402599 0.0021599473200528195 0.036971586853351078 -0.015904225969335977 0.016992366492615929 0.018206790175309372 -0.0018112503163417747 -0.033951514951107924
leaf_weight=244.28025077283382 824.17167071998119 211.48171582818031 613.27848102152348 405.09667131304741 203.48896035552025 242.3381442129612 146.36367642879486
leaf_count=1177 2224 546 2266 987 548 808 725
internal_value=-0.00030754 0.0123245 -0.016974 0.023902 0.00535688 -0.0119253 -0.0279607
internal_weight=2890.5 1644.24 1246.26 616.578 1027.66 855.617 390.644
internal_count=9281 4305 4976 1533 2772 3074 1902
is_linear=0
shrinkage=0.05


Tree=46
num_leaves=8
num_cat=0
split_feature=5 5 0 1 36 33 17
split_gain=38.0772 25.3652 18.289 10.0979 7.5491 2.38807 1.15702
threshold=249.45000000000007 -424.26000000000005 149.50000000000003 137.50000000000003 311.50000000000006 3.5000000000000004 -0.10555555555555554
decision_type=2 2 2 2 2 2 2
left_child=1 6 -3 4 -2 -5 -1
right_child=3 2 -4 5 -6 -7 -8
leaf_value=-0.0043549321929369327 -0.01220945085134484 0.0044009679977145954 -0.0067652342746620147 -0.031108694669530302 0.025848222121447169 -0.0043583465836551606 -0.031460214219894637
leaf_weight=5.0720829367637625 174.52360410988331 2666.1462786644697 423.94330786168575 97.329664409160614 13.070493340492247 9.9878306388854963 56.054398432374001
leaf_count=21 595 6719 1188 440 38 42 238
internal_value=0.000618095 0.00222916 0.00286572 -0.0165291 -0.0094083 -0.0287285 -0.0293979
internal_weight=3446.13 3151.22 3090.09 294.912 187.594 107.317 61.1265
internal_count=9281 8166 7907 1115 633 482 259
is_linear=0
shrinkage=0.05


Tree=47
num_leaves=8
num_cat=0
split_feature=5 5 5 40 1 25 5
split_gain=296.618 65.2641 43.1095 15.1792 11.9681 11.5445 6.34928
threshold=32.009999999999998 -146.03499999999994 216.27500000000003 1.0000000180025095e-35 90.500000000000014 0.18818869551989478 -257.4199999999999
decision_type=2 2 2 2 2 2 2
left_child=1 6 3 -2 -4 -3 -1
right_child=2 5 4 -5 -6 -7 -8
leaf_value=-0.031501462553955951 0.012399099877550347 0.028222256921540168 0.014387230666110896 -0.00067230397789411027 0.031229196343990257 -0.0073549979579397295 -0.021737031600800514
leaf_weight=290.24045413732529 945.18279376626015 22.239588260650635 152.10950675606728 289.16080605983734 375.77588069438934 1161.8342733085155 444.1435324549675
leaf_count=963 2203 59 372 664 1067 2767 1186
internal_value=-0.000335825 -0.0139375 0.0144683 0.00933484 0.026422 -0.00665931 -0.0256405
internal_weight=3680.69 1918.46 1762.23 1234.34 527.885 1184.07 734.384
internal_count=9281 4975 4306 2867 1439 2826 2149
is_linear=0
shrinkage=0.05


Tree=48
num_leaves=8
num_cat=0
split_feature=5 5 5 0 11 2 2
split_gain=244.211 51.1311 42.9729 17.26 10.4554 8.2342 7.99678
threshold=-61.695000000000043 81.240000000000023 -330.58999999999986 148.50000000000003 -3.7749999999999995 -63.499999999999993 45.500000000000007
decision_type=2 2 2 2 2 2 2
left_child=2 4 6 -4 -2 -3 -1
right_child=1 5 3 -5 -6 -7 -8
leaf_value=-0.0094780500134953143 0.047212657629502754 -0.031435109156122097 0.0079302696129185113 0.023127907462720625 -0.0057638147049885189 -0.019913434100967638 0.037297208942443531
leaf_weight=9.0014883577823621 8.4217622578144056 234.02581205964088 924.22594130039215 234.66767913103104 747.44209352135658 510.43541300296783 207.41308087110519
leaf_count=19 27 1269 2302 587 2354 2187 536
internal_value=-0.000337314 -0.0142851 0.014874 0.0110293 -0.00510535 -0.0235794 0.035294
internal_weight=2875.63 1500.33 1375.31 1158.89 755.864 744.461 216.415
internal_count=9281 5837 3444 2889 2381 3456 555
is_linear=0
shrinkage=0.05


Tree=49
num_leaves=8
num_cat=0
split_feature=2 5 17 25 23 2 25
split_gain=35.0192 26.1362 16.8042 13.9197 10.8632 7.08541 5.18908
threshold=-37.499999999999993 -330.58999999999986 -1.8285714285714281 0.19949966466915328 0.040450604602038108 45.500000000000007 0.36057646987493691
decision_type=2 2 2 2 2 2 2
left_child=2 5 6 -3 -4 -2 -1
right_child=1 3 4 -5 -6 -7 -8
leaf_value=-0.038708956721876873 0.027688658595301022 -0.018184160177564353 0.0048659889438827869 0.0050927587804087612 -0.0099451056125761383 -0.018795916114239544 -0.016418521231938526
leaf_weight=50.834615305066109 7.7178914844989768 64.877764597535133 170.42389856278896 2491.638529881835 443.19614508748055 151.08401957154274 60.32183164358139
leaf_count=227 19 190 502 6160 1415 536 232
internal_value=0.000658975 0.00326703 -0.00909606 0.00449322 -0.00582218 -0.0163463 -0.0269113
internal_weight=3440.09 2715.32 724.776 2556.52 613.62 158.802 111.156
internal_count=9281 6905 2376 6350 1917 555 459
is_linear=0
shrinkage=0.05


Tree=50
num_leaves=8
num_cat=0
split_feature=2 2 2 4 24 4 3
split_gain=245.662 53.9521 34.4631 16.8488 13.6082 12.5418 6.51553
threshold=1.0000000180025095e-35 -37.499999999999993 50.500000000000007 1337.9500000000003 0.5624970411817406 1613.6050000000002 1376.5050000000003
decision_type=2 2 2 2 2 2 2
left_child=1 3 5 -1 -3 -2 -4
right_child=2 4 6 -5 -6 -7 -8
leaf_value=0.033195704835286104 -0.0032331153564232047 0.0073703293059242565 -0.032268801497893684 0.016798046870009169 -0.0053297778825024209 -0.01395259376510768 -0.020566379963964276
leaf_weight=203.68544715642929 487.72696101665497 773.89470249414444 184.23608410358429 710.88117653131485 288.53136005997658 624.81192967295647 384.05029504001141
leaf_count=599 1188 1808 626 1777 642 1553 1088
internal_value=-0.000353192 0.0115905 -0.014403 0.0204877 0.00391479 -0.00926489 -0.0244191
internal_weight=3657.82 1976.99 1680.83 914.567 1062.43 1112.54 568.286
internal_count=9281 4826 4455 2376 2450 2741 1714
is_linear=0
shrinkage=0.05


Tree=51
num_leaves=8
num_cat=0
split_feature=5 5 5 8 40 2 2
split_gain=224.289 63.7122 30.3395 18.8349 13.9476 8.08217 7.20472
threshold=-99.840000000000018 81.240000000000023 -330.58999999999986 -3.3666666666666658 1.0000000180025095e-35 -63.499999999999993 45.500000000000007
decision_type=2 2 2 2 2 2 2
left_child=2 4 6 -4 -2 -3 -1
right_child=1 5 3 -5 -6 -7 -8
leaf_value=-0.008883819956168805 -0.0070613143972594605 -0.030970204025711108 0.045938507561140214 0.011241064749048645 0.0064715604153323591 -0.019395426574542639 0.035552048394071223
leaf_weight=8.9822479486465436 724.99529713392258 226.25708131492138 40.161433011293411 894.94477695226669 256.85208486020565 501.51689645648003 205.89453402161598
leaf_count=19 2252 1269 104 2193 721 2187 536
internal_value=-0.00035251 -0.0118363 0.016711 0.0127841 -0.00351303 -0.0230383 0.0336388
internal_weight=2859.6 1709.62 1149.98 935.106 981.847 727.774 214.877
internal_count=9281 6429 2852 2297 2973 3456 555
is_linear=0
shrinkage=0.05


Tree=52
num_leaves=8
num_cat=0
split_feature=5 0 14 5 1 11 30
split_gain=31.3207 22.1107 17.7133 15.7093 9.58532 7.49882 2.55914
threshold=249.45000000000007 149.50000000000003 -2.6333333333333329 -277.94999999999987 137.50000000000003 -0.3166666666666666 1.5000000000000002
decision_type=2 2 2 2 2 2 2
left_child=1 2 -1 -3 5 -2 -6
right_child=4 3 -4 -5 6 -7 -8
leaf_value=-0.034628656454715558 0.035471835218641688 -0.027893492243839264 0.0042777287391526347 -0.0036792680187971768 -0.03234888071818167 -0.010517542661025409 -0.013350947901024188
leaf_weight=28.56304532289505 8.3258833140134794 81.053996071219444 2668.6495919078588 371.14646750688553 73.981239125132561 175.0915417522192 27.304046779870987
leaf_count=100 25 314 6730 1022 356 608 126
internal_value=0.000695354 0.0021341 0.00385118 -0.00808251 -0.0151545 -0.0082218 -0.027457
internal_weight=3434.12 3149.41 2697.21 452.2 284.703 183.417 101.285
internal_count=9281 8166 6830 1336 1115 633 482
is_linear=0
shrinkage=0.05


Tree=53
num_leaves=8
num_cat=0
split_feature=5 5 5 14 39 28 5
split_gain=249.372 61.0991 34.0882 17.273 15.5893 5.21395 4.70298
threshold=-31.105000000000015 139.43499999999997 -172.13999999999996 -2.2249999999999996 2.5000000000000004 0.19591479424837591 -384.3300000000001
decision_type=2 2 2 2 2 2 2
left_child=2 3 6 -2 -3 -4 -1
right_child=1 4 5 -5 -6 -7 -8
leaf_value=-0.036459595366332614 0.029529690531662701 0.022182442109751815 0.027861558394780037 0.0015030043232332143 0.0039578225441570256 -0.010554353077063127 -0.023800917696209681
leaf_weight=93.1767308562994 56.699886560440063 827.26502153277397 7.9281099736690512 1183.9323650598526 138.08008688688278 833.01297876238823 495.2447381913662
leaf_count=370 143 2192 22 2702 327 2081 1444
internal_value=-0.00037819 0.0101601 -0.0166415 0.00281067 0.0195876 -0.0101536 -0.0258724
internal_weight=3635.34 2205.98 1429.36 1240.63 965.345 840.941 588.421
internal_count=9281 5364 3917 2845 2519 2103 1814
is_linear=0
shrinkage=0.05


Tree=54
num_leaves=8
num_cat=0
split_feature=2 2 2 20 17 29 9
split_gain=187.823 39.2566 24.2984 18.4645 15.732 8.82203 3.30778
threshold=2.5000000000000004 55.500000000000007 -48.499999999999993 -2.3172365936380479 3.0500000000000003 2.1744489991682632 0.58571428571428574
decision_type=2 2 2 2 2 2 2
left_child=2 4 6 -3 -2 -4 -1
right_child=1 3 5 -5 -6 -7 -8
leaf_value=-0.022400274472885437 0.0038546728502924319 0.039487413675437941 -0.011532043362317723 0.016479276929831099 0.060061459236627569 0.024553096743135733 -0.032851577046825758
leaf_weight=225.50328227877617 1022.8575912564993 105.73700243234634 814.85797767341137 512.78005917370319 11.624022454023359 16.303469553589821 133.70791351795197
leaf_count=1177 2737 283 3016 1250 35 58 725
internal_value=-0.000380194 0.0105208 -0.015518 0.020478 0.00454847 -0.0107896 -0.0263848
internal_weight=2843.37 1653 1190.37 618.517 1034.48 831.161 359.211
internal_count=9281 4305 4976 1533 2772 3074 1902
is_linear=0
shrinkage=0.05


Tree=55
num_leaves=8
num_cat=0
split_feature=5 5 1 1 36 36 17
split_gain=28.3308 20.9076 15.7049 9.42105 7.89514 3.33442 1.23248
threshold=249.45000000000007 -424.26000000000005 148.50000000000003 122.50000000000001 83.500000000000014 3.5000000000000004 -0.10555555555555554
decision_type=2 2 2 2 2 2 2
left_child=1 6 -3 4 -2 -5 -1
right_child=3 2 -4 5 -6 -7 -8
leaf_value=-0.0017675971310414811 -0.012632998563274728 0.0039226820643902737 -0.0073359737427835031 -0.0047684860513335994 0.013297091730959922 -0.02739339012710388 -0.0298930463893625
leaf_weight=4.7553365230560294 107.41323529183865 2743.4866292923689 347.95298209786415 20.194676607847214 39.187198966741562 113.08565653860569 52.039720952510834
leaf_count=21 370 6855 1052 87 122 536 238
internal_value=0.000735955 0.00209421 0.0026519 -0.0144776 -0.00562472 -0.0240635 -0.027696
internal_weight=3428.12 3148.23 3091.44 279.881 146.6 133.28 56.7951
internal_count=9281 8166 7907 1115 492 623 259
is_linear=0
shrinkage=0.05


Tree=56
num_leaves=8
num_cat=0
split_feature=5 5 5 40 0 1 5
split_gain=227.711 63.3997 27.5969 11.9908 11.4453 9.20753 5.95922
threshold=54.97500000000003 -146.03499999999994 249.45000000000007 1.0000000180025095e-35 54.500000000000007 137.50000000000003 -384.3300000000001
decision_type=2 2 2 2 2 2 2
left_child=1 6 4 -3 -2 -4 -1
right_child=2 3 5 -5 -6 -7 -8
leaf_value=-0.035780186706025889 0.0057329751711541997 -0.002409415543163936 0.019315524660706844 -0.013547719043964762 0.015684141480044555 0.035497045929258009 -0.02169360011871584
leaf_weight=89.821576029062271 653.02277466654778 1038.2373484373093 235.94438320398331 314.85857734084129 523.3259801864624 147.77414527535439 609.33569084107876
leaf_count=370 1513 2467 633 766 1271 482 1779
internal_value=-0.000397768 -0.0113421 0.0139942 -0.00501303 0.0101738 0.0256363 -0.023559
internal_weight=3612.32 2052.25 1560.07 1353.1 1176.35 383.719 699.157
internal_count=9281 5382 3899 3233 2784 1115 2149
is_linear=0
shrinkage=0.05


Tree=57
num_leaves=8
num_cat=0
split_feature=3 4 4 8 28 0 29
split_gain=79.2885 61.2058 51.7492 34.3294 23.2644 15.6125 5.69538
threshold=1515.5400000000002 1540.9850000000004 1523.7950000000003 -3.7749999999999995 2.0486712500339874 149.50000000000003 3.0008706118355071
decision_type=2 2 2 2 2 2 2
left_child=2 6 3 -1 -3 -4 -2
right_child=1 4 5 -5 -6 -7 -8
leaf_value=0.040889139664870844 -0.025218947447924057 -0.0053415738628775217 0.014379461763590987 -0.0054414888458141353 0.012245988713593239 0.032341910315978654 0.025514137755510854
leaf_weight=42.354218915104866 395.10438153147697 1001.0204462707043 479.72464060783386 511.95933738350868 230.38043028116226 163.70757439732552 4.7526048570871344
leaf_count=117 2038 3151 1180 1674 664 436 21
internal_value=-0.000397693 -0.00757016 0.00936477 -0.00182518 -0.00203983 0.0190005 -0.0245413
internal_weight=2829 1631.26 1197.75 554.314 1231.4 643.432 399.857
internal_count=9281 5874 3407 1791 3815 1616 2059
is_linear=0
shrinkage=0.05


Tree=58
num_leaves=8
num_cat=0
split_feature=2 0 29 23 16 28 25
split_gain=26.1433 22.5667 13.4441 9.39311 9.02194 8.63253 6.42335
threshold=-37.499999999999993 149.50000000000003 -2.0574062768620025 -1.0000000180025095e-35 3.4142857142857146 0.86709812978523748 0.36057646987493691
decision_type=2 2 2 2 2 2 2
left_child=2 4 6 -4 -2 -3 -1
right_child=1 5 3 -5 -6 -7 -8
leaf_value=-0.039383708971630599 0.0053420536594043187 0.0030672193398888058 0.005066879369947549 -0.0088605090753144967 -0.024798962332080978 -0.011980114430966348 -0.011897891823474331
leaf_weight=43.992333725094795 2249.6718371063471 137.10849992930889 163.68234705924988 454.23126368224621 24.07579505443573 305.70445965230465 43.929926380515099
leaf_count=215 5516 386 491 1491 66 937 179
internal_value=0.000768219 0.0029974 -0.00779628 -0.00516091 0.00500994 -0.00731332 -0.025995
internal_weight=3422.4 2716.56 705.836 617.914 2273.75 442.813 87.9223
internal_count=9281 6905 2376 1982 5582 1323 394
is_linear=0
shrinkage=0.05


Tree=59
num_leaves=8
num_cat=0
split_feature=5 5 5 4 14 40 5
split_gain=209.861 51.4709 30.3833 12.9553 12.6278 6.19839 4.53987
threshold=-31.105000000000015 153.43499999999997 -172.13999999999996 1447.2400000000002 -2.4499999999999997 1.0000000180025095e-35 -384.3300000000001
decision_type=2 2 2 2 2 2 2
left_child=2 4 6 -3 -2 -4 -1
right_child=1 3 5 -5 -6 -7 -8
leaf_value=-0.03522330244821454 0.026421061227043942 0.024947472698054054 -0.0072148355098188011 0.012566092856364503 0.002068722382315901 -0.017966037443608952 -0.022422412456143449
leaf_weight=87.003812715411186 54.620692878961563 429.6954425573349 664.24767863750458 427.52071526646614 1277.4236802756786 169.38441038131714 480.11373461782932
leaf_count=370 139 1255 1665 1048 2922 438 1444
internal_value=-0.000417555 0.00924952 -0.0155258 0.0188002 0.00309012 -0.00942425 -0.0244536
internal_weight=3590.01 2189.26 1400.75 857.216 1332.04 833.632 567.118
internal_count=9281 5364 3917 2303 3061 2103 1814
is_linear=0
shrinkage=0.05


Tree=60
num_leaves=8
num_cat=0
split_feature=5 5 5 40 40 29 2
split_gain=176.266 35.6663 35.1198 17.6413 8.6454 6.97586 6.43922
threshold=-37.730000000000011 113.51000000000001 -330.58999999999986 1.0000000180025095e-35 1.0000000180025095e-35 0.53754666490557523 45.500000000000007
decision_type=2 2 2 2 2 2 2
left_child=2 4 6 -4 -2 -3 -1
right_child=1 5 3 -5 -6 -7 -8
leaf_value=-0.009880874272183239 -0.010112793443303084 -0.02580980797511603 0.0053526278303793751 0.020447834178618941 0.0018542725645320293 -0.009351098815108044 0.031990282543670645
leaf_weight=8.999036490917204 537.77192534506321 475.78455017507076 1071.235818862915 236.14048519730568 208.35280048847198 77.344814822077751 200.5226731300354
leaf_count=19 1914 2553 2668 586 643 362 536
internal_value=-0.000410827 -0.0139231 0.011161 0.00809652 -0.00676633 -0.0235384 0.0301298
internal_weight=2816.15 1299.25 1516.9 1307.38 746.125 553.129 209.522
internal_count=9281 5472 3809 3254 2557 2915 555
is_linear=0
shrinkage=0.05


Tree=61
num_leaves=8
num_cat=0
split_feature=1 5 5 3 7 14 17
split_gain=23.8035 19.3221 12.7241 11.2834 11.9086 10.2728 1.23523
threshold=148.50000000000003 -424.26000000000005 168.35000000000005 1418.5850000000003 2.3666666666666667 1.0000000180025095e-35 -0.10555555555555554
decision_type=2 2 2 2 2 2 2
left_child=1 6 -3 4 -2 -5 -1
right_child=3 2 -4 5 -6 -7 -8
leaf_value=-0.00084272491263445964 -0.0046079330974705254 0.0043055695291741363 -0.0048070310225932266 -0.02392894160244656 0.043558085033708435 -0.00055775320123381273 -0.029110967915107547
leaf_weight=4.6436445116996756 169.12818171083927 2492.5167113542557 451.26077091693878 171.43864063918591 12.8753365278244 65.3198262155056 49.909836694598198
leaf_count=21 508 6100 1478 709 31 197 237
internal_value=0.000792069 0.00235392 0.00290581 -0.0103578 -0.000953841 -0.0175315 -0.0268532
internal_weight=3417.09 2998.33 2943.78 418.762 182.004 236.758 54.5535
internal_count=9281 7836 7578 1445 539 906 258
is_linear=0
shrinkage=0.05


Tree=62
num_leaves=8
num_cat=0
split_feature=5 5 5 14 39 28 5
split_gain=192.522 47.1502 28.8213 14.7312 13.8163 4.91032 4.47319
threshold=-31.105000000000015 139.43499999999997 -172.13999999999996 -2.2249999999999996 2.5000000000000004 0.19591479424837591 -384.3300000000001
decision_type=2 2 2 2 2 2 2
left_child=2 3 6 -2 -3 -4 -1
right_child=1 4 5 -5 -6 -7 -8
leaf_value=-0.034661345328522532 0.027141263405455952 0.019748728351632491 0.027820931906696808 0.0012032527035629786 0.0025065033771344957 -0.0094549607516096427 -0.021774516962636881
leaf_weight=84.132541954517365 56.441780835390091 804.96000480651855 7.9243073463439933 1183.2114490568638 136.91463381052017 822.19814038276672 472.97094196081161
leaf_count=370 143 2192 22 2702 327 2081 1444
internal_value=-0.000432804 0.00882523 -0.0149913 0.00240917 0.0172529 -0.00906007 -0.0237882
internal_weight=3568.75 2181.53 1387.23 1239.65 941.875 830.122 557.103
internal_count=9281 5364 3917 2845 2519 2103 1814
is_linear=0
shrinkage=0.05


Tree=63
num_leaves=8
num_cat=0
split_feature=2 2 2 3 8 40 9
split_gain=149.695 34.0669 18.6888 17.8203 12.5205 9.10386 1.61819
threshold=-1.0000000180025095e-35 46.500000000000007 -63.499999999999993 1372.5400000000002 -3.7749999999999995 1.0000000180025095e-35 0.58571428571428574
decision_type=2 2 2 2 2 2 2
left_child=2 4 6 -3 -2 -4 -1
right_child=1 3 5 -5 -6 -7 -8
leaf_value=-0.024513616115161629 0.038082442386839187 0.027642366986443342 -0.014910482482338935 0.011181180512509454 0.001552671678683958 -0.0028979391315172931 -0.034552107697917396
leaf_weight=135.52607920765877 23.063244193792343 244.72101300954819 626.45874913036823 510.94623464345932 966.96377713978291 212.90284167230129 80.218180984258652
leaf_count=816 61 641 2601 1235 2649 770 508
internal_value=-0.000423944 0.00855948 -0.015286 0.0165482 0.00244627 -0.0118765 -0.0284114
internal_weight=2800.8 1745.69 1055.11 755.667 990.027 839.362 215.744
internal_count=9281 4586 4695 1876 2710 3371 1324
is_linear=0
shrinkage=0.05


Tree=64
num_leaves=8
num_cat=0
split_feature=1 5 13 3 24 2 13
split_gain=21.8766 17.8219 11.4774 10.6085 8.73948 6.95344 1.14993
threshold=148.50000000000003 -424.26000000000005 0.29166666666666669 1418.5850000000003 0.49294700870719538 24.500000000000004 2.7083333333333335
decision_type=2 2 2 2 2 2 2
left_child=1 6 -3 5 -5 -2 -1
right_child=3 2 -4 4 -6 -7 -8
leaf_value=-0.029370714925627924 0.0031352551070899341 -0.015713304245862859 0.0033644607722677147 -0.021046076035266877 0.0056378056705521746 -0.024653923510208165 -0.0072644688996857561
leaf_weight=44.542480930685997 156.31481729447842 80.008923143148422 2863.479845687747 197.7038716673851 35.519738346338272 25.256263464689255 8.3862544000148755
leaf_count=218 461 252 7326 799 107 78 40
internal_value=0.000824558 0.00231656 0.00283904 -0.00992111 -0.0169541 -0.000816656 -0.0261605
internal_weight=3411.21 2996.42 2943.49 414.795 233.224 181.571 52.9287
internal_count=9281 7836 7578 1445 906 539 258
is_linear=0
shrinkage=0.05


Tree=65
num_leaves=8
num_cat=0
split_feature=5 5 5 4 25 4 5
split_gain=174.639 35.9886 34.6571 11.9344 8.21139 7.37333 5.12329
threshold=-7.6150000000001219 153.43499999999997 -154.02499999999995 1447.2400000000002 0.61793076238633515 1575.8350000000003 -384.3300000000001
decision_type=2 2 2 2 2 2 2
left_child=2 4 6 -3 -2 -4 -1
right_child=1 3 5 -5 -6 -7 -8
leaf_value=-0.034066278602476317 0.01213810553521958 0.023164844141026861 -0.0012482537990351436 0.011179759690037063 0.0014918922442103135 -0.010446773394637399 -0.020303406687329623
leaf_weight=81.108374506235123 224.29266265034676 418.05880799889565 357.90107876062393 423.7808073759079 933.96179506182671 562.30980139970779 544.80653956532478
leaf_count=370 527 1255 893 1048 2137 1384 1667
internal_value=-0.00045691 0.00929535 -0.0130737 0.0171579 0.00356651 -0.00687982 -0.0221463
internal_weight=3546.22 2000.09 1546.13 841.84 1158.25 920.211 625.915
internal_count=9281 4967 4314 2303 2664 2277 2037
is_linear=0
shrinkage=0.05


Tree=66
num_leaves=8
num_cat=0
split_feature=2 2 2 11 8 40 9
split_gain=137.062 31.9231 17.4436 15.6731 12.2929 8.00627 1.65478
threshold=-1.4999999999999998 46.500000000000007 -63.499999999999993 -2.2928571428571423 -3.7749999999999995 1.0000000180025095e-35 0.58571428571428574
decision_type=2 2 2 2 2 2 2
left_child=2 4 6 -3 -2 -4 -1
right_child=1 3 5 -5 -6 -7 -8
leaf_value=-0.023984921962293484 0.037048118587994144 0.03341979855506598 -0.014624212572523233 0.012749872523764508 0.0012753148271333805 -0.0031562412398782116 -0.03425256877217854
leaf_weight=131.78924112021923 23.63213786482811 107.06626996397972 600.47679956257343 648.74458995461464 991.59961722791195 206.22223922610283 77.292327910661697
leaf_count=816 62 296 2541 1580 2726 752 508
internal_value=-0.000443951 0.0079508 -0.0150788 0.0157248 0.00214858 -0.0117063 -0.0279494
internal_weight=2786.82 1771.04 1015.78 755.811 1015.23 806.699 209.082
internal_count=9281 4664 4617 1876 2788 3293 1324
is_linear=0
shrinkage=0.05


Tree=67
num_leaves=8
num_cat=0
split_feature=17 5 21 1 25 18 17
split_gain=20.9415 16.1552 15.0405 12.3503 7.08631 5.28254 1.27303
threshold=-1.8285714285714281 -424.26000000000005 0.18365666784667786 66.500000000000014 0.19949966466915328 0.15755811282559043 -0.10555555555555554
decision_type=2 2 2 2 2 2 2
left_child=2 6 4 -3 -1 -4 -2
right_child=1 3 5 -5 -6 -7 -8
leaf_value=-0.022375306406378873 0 0.0052406156580689246 0.0083515503150692737 -0.0010095301019781729 0.013295464948025372 -0.028790497219034213 -0.027985726769768068
leaf_weight=18.14724700152874 4.4501362591981879 1657.5062582045794 9.8080465495586378 1507.3439756631851 49.7897889316082 111.84877927601337 47.312852740287781
leaf_count=70 21 4040 35 4243 148 486 238
internal_value=0.000849603 0.00180464 -0.0152516 0.00226286 0.00350825 -0.0257116 -0.0256286
internal_weight=3406.21 3216.61 189.594 3164.85 67.937 121.657 51.763
internal_count=9281 8542 739 8283 218 521 259
is_linear=0
shrinkage=0.05


Tree=68
num_leaves=8
num_cat=0
split_feature=2 2 17 25 22 3 23
split_gain=145.555 44.6866 18.3737 13.5687 11.4202 8.2861 2.16843
threshold=-22.499999999999996 38.500000000000007 -2.2249999999999996 0.18818869551989478 1.4809457462280677 1310.3650000000002 -1.5666258923566647
decision_type=2 2 2 2 2 2 2
left_child=2 3 6 -2 -4 -3 -1
right_child=1 5 4 -5 -6 -7 -8
leaf_value=0.011833239970718196 0.027036358520668116 -0.030328520902752246 0.00659643460678237 -0.0039844285154639579 0.016712513661030551 -0.015868325688963427 0.03533917745696212
leaf_weight=13.080160140991209 35.046665698289871 122.05527621507645 593.02824681997299 1550.3974952697754 533.5964782834053 580.77430315315723 97.589739009737968
leaf_count=35 90 486 1483 3728 1389 1744 326
internal_value=-0.000468477 -0.00793952 0.0133398 -0.00327894 0.0114027 -0.0184261 0.0327366
internal_weight=3525.57 2288.27 1237.29 1585.44 1126.62 702.83 110.67
internal_count=9281 6048 3233 3818 2872 2230 361
is_linear=0
shrinkage=0.05


Tree=69
num_leaves=8
num_cat=0
split_feature=5 5 5 8 40 2 17
split_gain=139.8 46.2137 21.7379 19.78 11.2969 7.11936 1.31191
threshold=-99.840000000000018 81.240000000000023 -424.26000000000005 -3.3666666666666658 1.0000000180025095e-35 -63.499999999999993 -0.10555555555555554
decision_type=2 2 2 2 2 2 2
left_child=2 4 6 -4 -2 -3 -1
right_child=1 5 3 -5 -6 -7 -8
leaf_value=0.013035028440422673 -0.0062731209013369635 -0.028530000485017033 0.041171154769270135 0.0093378323945931211 0.005919225865496501 -0.016820090599233405 0.039328639990809197
leaf_weight=7.028546690940856 711.85956646502018 188.62613312900066 50.486531615257263 1023.0735909640789 257.75641022622585 458.94947852194309 76.059290766716003
leaf_count=21 2252 1269 131 2462 721 2187 238
internal_value=-0.000451905 -0.00994421 0.0128128 0.0108764 -0.00302408 -0.0202774 0.0373453
internal_weight=2773.84 1617.19 1156.65 1073.56 969.616 647.576 83.0878
internal_count=9281 6429 2852 2593 2973 3456 259
is_linear=0
shrinkage=0.05


Tree=70
num_leaves=8
num_cat=0
split_feature=17 11 21 5 2 26 18
split_gain=19.0256 16.7432 14.3053 12.2188 6.84221 5.45404 5.10584
threshold=-1.8285714285714281 -2.5857142857142859 0.18365666784667786 -424.26000000000005 -30.499999999999996 -0.11320117411141729 0.15755811282559043
decision_type=2 2 2 2 2 2 2
left_child=2 5 4 -3 -1 -2 -4
right_child=1 3 6 -5 -6 -7 -8
leaf_value=-0.017005579655369758 -0.007076157567629352 -0.026580955319672597 0.0084674040665190953 0.002726206924967924 0.015514518252671264 -0.031849800538349432 -0.028114899666224338
leaf_weight=24.4252078384161 46.926296234130859 34.957040563225746 9.7788751870393735 3089.894060626626 43.290504425764084 43.694944456219673 108.92459586262703
leaf_count=96 148 168 35 8051 122 175 486
internal_value=0.000866472 0.00176995 -0.0146168 0.00238836 0.00363491 -0.0192931 -0.0250139
internal_weight=3401.89 3215.47 186.419 3124.85 67.7157 90.6212 118.703
internal_count=9281 8542 739 8219 218 323 521
is_linear=0
shrinkage=0.05


Tree=71
num_leaves=8
num_cat=0
split_feature=2 2 4 22 25 3 17
split_gain=132.282 41.2255 17.373 15.0354 12.5066 8.03471 7.62785
threshold=-22.499999999999996 38.500000000000007 1456.4800000000002 1.4809457462280677 0.18818869551989478 1310.3650000000002 -3.0499999999999994
decision_type=2 2 2 2 2 2 2
left_child=2 4 6 -4 -2 -3 -1
right_child=1 5 3 -5 -6 -7 -8
leaf_value=0.03879713128186163 0.025931276183150893 -0.029673737312427922 -0.0014363262098052859 0.013761218149982907 -0.0038404514324118138 -0.015268071713631213 0.017329642064804879
leaf_weight=45.333347633481026 35.071708500385284 118.8289742320776 286.46366074681282 373.64226257801056 1548.4723720252514 574.23205773532391 525.20572705566883
leaf_count=157 90 486 667 923 3728 1744 1486
internal_value=-0.000481592 -0.00762149 0.0127181 0.00716624 -0.00316197 -0.0177844 0.019109
internal_weight=3507.25 2276.61 1230.64 660.106 1583.54 693.061 570.539
internal_count=9281 6048 3233 1590 3818 2230 1643
is_linear=0
shrinkage=0.05


Tree=72
num_leaves=8
num_cat=0
split_feature=5 5 5 11 5 17 8
split_gain=128.482 44.7289 17.8294 13.4048 10.9173 6.22229 4.11271
threshold=53.149999999999984 -128.91499999999994 -424.26000000000005 -2.2361111111111107 145.75000000000003 0.35416666666666669 -0.22499999999999998
decision_type=2 2 2 2 2 2 2
left_child=1 2 -1 -3 6 -6 -2
right_child=4 3 -4 -5 5 -7 -8
leaf_value=0.036199093728107715 -0.002151378473990018 0.023084812409001662 0.011753353286041938 -0.0025183514863701922 -0.026765925819852557 -0.010717216398234716 -0.014589284271720593
leaf_weight=80.97122722864151 89.070828959345818 52.974177896976471 900.35548007488251 961.11579602956772 318.93441684544086 78.191401153802872 277.78024493157864
leaf_count=259 388 149 2149 2788 1997 414 1137
internal_value=-0.000468687 0.00620575 0.0138103 -0.00115454 -0.0178934 -0.0236535 -0.011597
internal_weight=2759.39 1995.42 981.327 1014.09 763.977 397.126 366.851
internal_count=9281 5345 2408 2937 3936 2411 1525
is_linear=0
shrinkage=0.05


Tree=73
num_leaves=8
num_cat=0
split_feature=25 2 0 29 28 16 0
split_gain=17.437 12.1101 13.9872 8.89199 7.8053 6.5032 4.04558
threshold=0.22389042118957667 -37.499999999999993 149.50000000000003 -1.8689196936970531 1.7691978063769105 0.35416666666666669 179.50000000000003
decision_type=2 2 2 2 2 2 2
left_child=3 4 -3 6 -2 -5 -1
right_child=1 2 -4 5 -6 -7 -8
leaf_value=-0.032878922334686818 -0.0028248443405484609 0.0046587255094568897 -0.0054478635709886833 0.017780792540747804 -0.02191867800882864 -0.013389841411555881 0.0064247559756015794
leaf_weight=61.919544950127602 550.13385733962059 2238.9589449763298 402.81129242479801 22.664278358221054 58.512487292289734 55.837852209806442 6.7446125298738471
leaf_count=291 1856 5457 1222 67 189 178 21
internal_value=0.000882689 0.00164825 0.00311432 -0.0158892 -0.00470158 -0.00421725 -0.0289097
internal_weight=3397.58 3250.42 2641.77 147.166 608.646 78.5021 68.6642
internal_count=9281 8724 6679 557 2045 245 312
is_linear=0
shrinkage=0.05


Tree=74
num_leaves=8
num_cat=0
split_feature=5 5 5 1 25 40 13
split_gain=138.075 33.9316 24.1854 11.8528 10.9844 7.30542 3.42591
threshold=-31.105000000000015 137.12000000000003 -194.78499999999994 137.50000000000003 0.61793076238633515 1.0000000180025095e-35 0.77500000000000013
decision_type=2 2 2 2 2 2 2
left_child=2 4 6 -3 -2 -4 -1
right_child=1 3 5 -5 -6 -7 -8
leaf_value=-0.0038039430859480288 0.011854494177840263 0.010957560042871625 -0.0061197658091470888 0.023543434194225814 -0.00037452985437342223 -0.017422667071005905 -0.02380391115461139
leaf_weight=23.653960987925529 223.84035986661911 665.9230010509491 722.04831187427044 263.36377197504044 997.73072195053101 179.06442776322365 413.36276793479919
leaf_count=87 528 1702 1878 853 2281 484 1468
internal_value=-0.000487432 0.00735559 -0.0130938 0.0145513 0.00187009 -0.00838819 -0.022744
internal_weight=3488.99 2150.86 1338.13 929.287 1221.57 901.113 437.017
internal_count=9281 5364 3917 2555 2809 2362 1555
is_linear=0
shrinkage=0.05


Tree=75
num_leaves=8
num_cat=0
split_feature=5 5 40 8 5 17 8
split_gain=118.558 40.7911 17.4671 12.4221 10.4553 6.11238 3.94028
threshold=53.149999999999984 -128.91499999999994 1.0000000180025095e-35 -3.7749999999999995 145.75000000000003 0.35416666666666669 -0.22499999999999998
decision_type=2 2 2 2 2 2 2
left_child=1 2 -1 -3 6 -6 -2
right_child=4 3 -4 -5 5 -7 -8
leaf_value=0.010477157678926784 -0.0019880322232329359 0.033856743124131825 0.029952643860679397 -0.0020155843660330042 -0.026292158940121237 -0.010262633481288357 -0.014194178844921138
leaf_weight=848.76257008314133 88.758045464754105 23.727563574910164 133.24524113535881 989.63664478063583 309.66989773511887 77.159772619605064 274.7186521589756
leaf_count=2078 388 64 330 2873 1997 414 1137
internal_value=-0.000474307 0.00589548 0.0131526 -0.00113817 -0.0174061 -0.0231424 -0.0112409
internal_weight=2745.68 1995.37 982.008 1013.36 750.306 386.83 363.477
internal_count=9281 5345 2408 2937 3936 2411 1525
is_linear=0
shrinkage=0.05


Tree=76
num_leaves=8
num_cat=0
split_feature=1 5 8 12 22 35 17
split_gain=16.1548 13.2195 9.37557 9.3128 10.5942 8.37767 1.26072
threshold=148.50000000000003 -424.26000000000005 -4.0999999999999988 0.29166666666666669 1.1238744209569023 7.5000000000000009 -0.10555555555555554
decision_type=2 2 2 2 2 2 2
left_child=1 6 -3 4 -2 -5 -1
right_child=3 2 -4 5 -6 -7 -8
leaf_value=0.0010059744824920396 -0.0051871002839577497 -0.036139436405113301 0.0028049314398572744 0.012392818579592861 -0.026256124203639222 -0.010434302925197281 -0.026226496765120063
leaf_weight=4.233142524957656 135.08058589696884 14.523383736610411 2929.2524908185005 78.957266539335251 107.84192664921284 79.759249180555344 43.224803134799004
leaf_count=21 477 51 7527 227 482 259 237
internal_value=0.0009055 0.00217181 0.00259889 -0.00849496 -0.0146302 0.000896773 -0.0237236
internal_weight=3392.87 2991.23 2943.78 401.639 242.923 158.717 47.4579
internal_count=9281 7836 7578 1445 959 486 258
is_linear=0
shrinkage=0.05


Tree=77
num_leaves=8
num_cat=0
split_feature=2 2 4 25 22 3 6
split_gain=110.16 35.589 15.7176 11.2792 10.7683 7.68542 5.72905
threshold=-22.499999999999996 38.500000000000007 1299.0600000000002 0.18818869551989478 1.4809457462280677 1310.3650000000002 0.22500000000000003
decision_type=2 2 2 2 2 2 2
left_child=2 3 6 -2 -4 -3 -1
right_child=1 5 4 -5 -6 -7 -8
leaf_value=0.013756013806161755 0.024731306634513613 -0.028592682958674193 0.0043827886220433763 -0.0035843674400554077 0.01455082388782262 -0.014200217167818302 0.033141726550937479
leaf_weight=65.438769742846489 34.962318331003189 113.144989579916 541.88983733952045 1542.4276688545942 505.82735720276833 561.71531383693218 103.06113193929195
leaf_count=202 90 486 1344 3728 1320 1744 367
internal_value=-0.000508834 -0.00705745 0.0116099 -0.00293832 0.00930578 -0.0166593 0.0257681
internal_weight=3468.47 2252.25 1216.22 1577.39 1047.72 674.86 168.5
internal_count=9281 6048 3233 3818 2664 2230 569
is_linear=0
shrinkage=0.05


Tree=78
num_leaves=8
num_cat=0
split_feature=2 2 2 14 40 25 9
split_gain=98.9061 22.5685 17.679 13.4914 10.6953 5.89697 1.8719
threshold=2.5000000000000004 93.500000000000014 -63.499999999999993 2.2250000000000005 1.0000000180025095e-35 1.4272649859798334 0.58571428571428574
decision_type=2 2 2 2 2 2 2
left_child=2 3 6 -2 -4 -3 -1
right_child=1 5 4 -5 -6 -7 -8
leaf_value=-0.021952545703784486 0.0036626362398061172 0.013303576320355224 -0.012750174196087084 0.023027030912153551 -0.00051613942870334874 0.03057249605702822 -0.033290877744331045
leaf_weight=118.40371130406857 1356.3817099183798 96.719758093357086 639.19377751648426 95.557457983493805 249.11333872377872 109.6644375026226 68.114264152944088
leaf_count=816 3496 256 2755 245 897 308 508
internal_value=-0.000486597 0.00716758 -0.0122964 0.00495549 -0.00932937 0.0226069 -0.0262753
internal_weight=2733.15 1658.32 1074.83 1451.94 888.307 206.384 186.518
internal_count=9281 4305 4976 3741 3652 564 1324
is_linear=0
shrinkage=0.05


Tree=79
num_leaves=8
num_cat=0
split_feature=25 5 5 29 5 1 17
split_gain=15.287 11.9411 11.298 8.41588 6.16361 6.11866 1.34317
threshold=0.22389042118957667 -424.26000000000005 139.43499999999997 -1.8689196936970531 -99.840000000000018 207.50000000000003 -0.10555555555555554
decision_type=2 2 2 2 2 2 2
left_child=3 6 -3 5 -5 -1 -2
right_child=1 2 -4 4 -6 -7 -8
leaf_value=-0.03263551303856544 0.0026558567731772547 0.0034935473420743893 -0.0039099159777095894 -0.036691018943399885 0.0021583151421342385 0.019015810710531454 -0.025834219725245355
leaf_weight=60.373202919960022 4.0302317440509787 2555.0237400382757 643.98229949176311 10.998608827590941 66.786298602819443 5.5514388829469672 42.44610421359539
leaf_count=288 20 6290 2176 34 211 24 238
internal_value=0.000920722 0.0016306 0.00200086 -0.0149769 -0.00366742 -0.0279922 -0.0232545
internal_weight=3389.19 3245.48 3199.01 143.71 77.7849 65.9246 46.4763
internal_count=9281 8724 8466 557 245 312 258
is_linear=0
shrinkage=0.05


Tree=80
num_leaves=8
num_cat=0
split_feature=5 5 5 40 1 40 5
split_gain=116.564 28.472 22.0123 11.5843 9.19044 6.92701 3.40504
threshold=-31.105000000000015 216.27500000000003 -194.78499999999994 1.0000000180025095e-35 136.50000000000003 1.0000000180025095e-35 -384.3300000000001
decision_type=2 2 2 2 2 2 2
left_child=2 3 6 -2 -3 -4 -1
right_child=1 4 5 -5 -6 -7 -8
leaf_value=-0.031927686727314948 0.0059868032392813991 0.012512623865884021 -0.005537480948326806 -0.0037434360990980064 0.027520618987113728 -0.016608867154406053 -0.019469550643799686
leaf_weight=70.175847932696342 1272.5333614349365 304.96885298192501 716.48474088311195 401.16114214062691 156.95094211399555 176.66183184087276 352.32127702236176
leaf_count=370 2987 850 1878 938 589 484 1185
internal_value=-0.000517342 0.00669251 -0.0122207 0.00365077 0.0176713 -0.00774909 -0.0216211
internal_weight=3451.26 2135.61 1315.64 1673.69 461.92 893.147 422.497
internal_count=9281 5364 3917 3925 1439 2362 1555
is_linear=0
shrinkage=0.05


Tree=81
num_leaves=8
num_cat=0
split_feature=2 8 2 2 40 28 9
split_gain=90.9912 22.69 18.365 14.78 6.92098 4.24483 1.9076
threshold=-1.4999999999999998 -3.7749999999999995 46.500000000000007 -63.499999999999993 1.0000000180025095e-35 0.69983777702063332 0.58571428571428574
decision_type=2 2 2 2 2 2 2
left_child=3 5 -3 6 -5 -2 -1
right_child=1 2 -4 4 -6 -7 -8
leaf_value=-0.02143594611865117 0.0083521494271091515 0.00071498930648278096 0.011215581336949708 -0.012734917986905125 -0.0018890269348309015 0.042735200964251055 -0.03302091332179799
leaf_weight=115.35791458934546 12.139657974243162 994.82791465520859 716.69202993810177 567.74488722532988 200.46000858396292 48.052099421620369 65.678554430603981
leaf_count=816 29 2726 1769 2541 752 140 508
internal_value=-0.00049493 0.00619522 0.00511897 -0.0129804 -0.00991736 0.0361322 -0.0258247
internal_weight=2720.95 1771.71 1711.52 949.241 768.205 60.1918 181.036
internal_count=9281 4664 4495 4617 3293 169 1324
is_linear=0
shrinkage=0.05


Tree=82
num_leaves=7
num_cat=0
split_feature=5 11 17 28 11 23
split_gain=14.5291 11.1663 10.3138 7.69811 0.904946 4.70247
threshold=454.77999999999992 -3.0499999999999994 -2.2249999999999996 0.84639411163557121 1.2928571428571431 1.3608729796422585
decision_type=2 2 2 2 2 2
left_child=1 3 -3 -1 -2 -6
right_child=4 2 -4 -5 5 -7
leaf_value=0.001825028069947144 -0.036502990943137824 -0.01477042117092222 0.0021803025731172896 -0.031879059603430911 0.026228795919681677 -0.035012016220891611
leaf_weight=27.615313246846199 23.20450197160244 91.284669972956181 3188.9183392822742 41.354251056909561 3.5998837724328032 9.1125976368784887
leaf_count=85 145 372 8435 174 20 50
internal_value=0.000935287 0.00128021 0.0017027 -0.0184793 -0.0302557 -0.0166573
internal_weight=3385.09 3349.17 3280.2 68.9696 35.917 12.7125
internal_count=9281 9066 8807 259 215 70
is_linear=0
shrinkage=0.05


Tree=83
num_leaves=8
num_cat=0
split_feature=5 5 5 40 0 1 5
split_gain=106.798 36.9629 15.644 9.48911 8.85475 7.90021 4.74725
threshold=54.97500000000003 -154.02499999999995 249.45000000000007 1.0000000180025095e-35 54.500000000000007 145.50000000000003 -384.3300000000001
decision_type=2 2 2 2 2 2 2
left_child=1 6 4 -3 -2 -4 -1
right_child=2 3 5 -5 -6 -7 -8
leaf_value=-0.031460855234144304 0.0028188879190159753 -0.0015071658299315933 0.01387061285473442 -0.011429162929082436 0.011658226408326366 0.030743228592625335 -0.017154109420422559
leaf_weight=67.899276569485664 644.56440916657448 1054.9902828633785 238.90075527131557 312.10826924443245 508.49855296313763 100.44972927868366 505.47488577663898
leaf_count=370 1513 2559 706 786 1271 409 1667
internal_value=-0.000528494 -0.00826222 0.00952254 -0.00378271 0.00672808 0.0189554 -0.0189089
internal_weight=3432.89 1940.47 1492.41 1367.1 1153.06 339.35 573.374
internal_count=9281 5382 3899 3345 2784 1115 2037
is_linear=0
shrinkage=0.05


Tree=84
num_leaves=8
num_cat=0
split_feature=2 20 2 17 14 25 24
split_gain=83.523 20.075 16.1761 12.1521 9.98141 9.02514 1.82209
threshold=2.5000000000000004 -1.8718796576594332 -63.499999999999993 2.7250000000000005 -1.4499999999999997 3.8234062269098623 0.5624970411817406
decision_type=2 2 2 2 2 2 2
left_child=2 4 6 -3 -2 -4 -1
right_child=1 3 5 -5 -6 -7 -8
leaf_value=-0.02697229498484632 -0.0083460682945529878 0.0035114952879746978 -0.0092598247475848723 0.039445913940200833 0.022931519238853799 0.039386951736586885 -0.0079462454046663952
leaf_weight=160.07732133567333 27.994914397597313 1383.3485037088394 865.94242771714926 22.980623841285706 224.67177325487137 8.6354527026414853 15.598258823156355
leaf_count=1221 72 3551 3618 63 619 34 103
internal_value=-0.000509056 0.00647295 -0.0115384 0.00412986 0.0194271 -0.00872935 -0.0253658
internal_weight=2709.25 1659 1050.25 1406.33 252.667 874.578 175.676
internal_count=9281 4305 4976 3614 691 3652 1324
is_linear=0
shrinkage=0.05


Tree=85
num_leaves=8
num_cat=0
split_feature=25 5 16 29 16 1 13
split_gain=13.6231 10.8008 10.9854 7.85594 6.13503 6.07018 1.43358
threshold=0.22389042118957667 -424.26000000000005 3.4142857142857146 -1.8689196936970531 0.35416666666666669 207.50000000000003 2.7083333333333335
decision_type=2 2 2 2 2 2 2
left_child=3 6 -3 5 -5 -1 -2
right_child=1 2 -4 4 -6 -7 -8
leaf_value=-0.031931534094979779 -0.026268399083990021 0.002286497338896739 -0.024165097334106468 0.017990275799510257 -0.012416365615606436 0.019887621717765525 -0.00091869782770318334
leaf_weight=57.89349626749754 37.757302761077881 3157.346260920167 38.722169667482376 22.561492636799812 54.78231243789196 5.4607167690992346 7.0833509117364875
leaf_count=288 218 8353 113 67 178 24 40
internal_value=0.000946115 0.00161051 0.001957 -0.0142261 -0.00336639 -0.0271477 -0.0224804
internal_weight=3381.61 3240.91 3196.07 140.698 77.3438 63.3542 44.8407
internal_count=9281 8724 8466 557 245 312 258
is_linear=0
shrinkage=0.05


Tree=86
num_leaves=8
num_cat=0
split_feature=5 5 5 5 14 40 13
split_gain=98.539 24.363 19.8153 10.113 9.35161 6.29448 3.45896
threshold=-31.105000000000015 153.43499999999997 -194.78499999999994 454.77999999999992 -3.8999999999999995 1.0000000180025095e-35 0.77500000000000013
decision_type=2 2 2 2 2 2 2
left_child=2 4 6 -3 -2 -4 -1
right_child=1 3 5 -5 -6 -7 -8
leaf_value=-0.0011269512486640073 0.035459611215426755 0.011485378197691496 -0.0050703594483333635 0.03426326306003287 0.0014136550075668534 -0.015693092861264506 -0.02161835300947107
leaf_weight=22.417299672961235 19.506047070026398 743.016427308321 711.91738453507423 51.805879324674606 1306.9780379533768 174.05403324961662 385.85495792329311
leaf_count=87 52 2088 1878 215 3009 484 1468
internal_value=-0.000531433 0.00609986 -0.0114005 0.0130175 0.0019444 -0.00717823 -0.0205109
internal_weight=3415.55 2121.31 1294.24 794.822 1326.48 885.971 408.272
internal_count=9281 5364 3917 2303 3061 2362 1555
is_linear=0
shrinkage=0.05


Tree=87
num_leaves=8
num_cat=0
split_feature=5 5 40 11 5 17 8
split_gain=89.3966 30.259 16.157 10.6627 9.27307 5.92713 3.92737
threshold=53.149999999999984 -128.91499999999994 1.0000000180025095e-35 -2.2361111111111107 145.75000000000003 0.35416666666666669 -0.22499999999999998
decision_type=2 2 2 2 2 2 2
left_child=1 2 -1 -3 6 -6 -2
right_child=4 3 -4 -5 5 -7 -8
leaf_value=0.008568311855451434 -0.00061427016397050307 0.020266478905826762 0.02727089702984823 -0.0024038226997096864 -0.02480575092935125 -0.0085919900119666402 -0.012966217032889178
leaf_weight=847.62764294445515 86.147876605391502 53.813499540090561 133.56854696571827 957.08100092411041 281.84367449581623 73.447361022233963 265.17218016088009
leaf_count=2078 388 149 330 2788 1997 414 1137
internal_value=-0.000524743 0.00489387 0.0111445 -0.00117323 -0.0157934 -0.0215015 -0.0099619
internal_weight=2698.7 1992.09 981.196 1010.89 706.611 355.291 351.32
internal_count=9281 5345 2408 2937 3936 2411 1525
is_linear=0
shrinkage=0.05


Tree=88
num_leaves=7
num_cat=0
split_feature=5 1 5 35 8 7
split_gain=12.9093 10.3129 10.7633 7.35409 1.04288 3.87518
threshold=454.77999999999992 148.50000000000003 -330.58999999999986 4.5000000000000009 1.3666666666666669 2.3666666666666667
decision_type=2 2 2 2 2 2
left_child=1 2 -1 -3 -2 -6
right_child=4 3 -4 -5 5 -7
leaf_value=-0.011379262003099112 -0.036118778819317084 0.002459448283965493 0.0029183288943319223 -0.011977381243462835 0.021500002460594188 -0.033741384447809289
leaf_weight=136.9452890008688 21.763148903846741 140.25024142861366 2834.441150188446 233.15303768962622 3.950714483857154 8.0183216631412488
leaf_count=550 144 460 7208 848 22 49
internal_value=0.000952166 0.00126813 0.00225409 -0.00654947 -0.0293684 -0.0148701
internal_weight=3378.52 3344.79 2971.39 373.403 33.7322 11.969
internal_count=9281 9066 7758 1308 215 71
is_linear=0
shrinkage=0.05


Tree=89
num_leaves=8
num_cat=0
split_feature=5 5 4 22 34 14 5
split_gain=90.6384 32.6501 14.8164 10.063 9.63502 9.5541 4.71425
threshold=54.97500000000003 -154.02499999999995 1483.2950000000003 1.0146668029084929 0.7238095238095239 -3.4499999999999997 -384.3300000000001
decision_type=2 2 2 2 2 2 2
left_child=1 6 3 -2 -4 -3 -1
right_child=2 5 4 -5 -6 -7 -8
leaf_value=-0.030721221905443016 0.0051672118938671944 0.032642422276673626 0.00084449116556345721 0.01816653317462005 0.013673672581658389 -0.0039991475365866256 -0.016134812410829091
leaf_weight=64.369479313492775 219.77178613841534 17.011012524366379 590.32316620647907 475.58324755728245 194.09273041784763 1345.3407257199287 493.10769790410995
leaf_count=370 589 45 1378 1453 479 3300 1667
internal_value=-0.000528206 -0.00769556 0.00876614 0.0140785 0.00403863 -0.00351435 -0.01788
internal_weight=3399.6 1919.83 1479.77 695.355 784.416 1362.35 557.477
internal_count=9281 5382 3899 2042 1857 3345 2037
is_linear=0
shrinkage=0.05


Tree=90
num_leaves=8
num_cat=0
split_feature=5 5 8 5 5 17 13
split_gain=82.0458 27.4506 15.1141 8.97345 8.20989 5.7888 3.75093
threshold=53.149999999999984 -261.61499999999984 -3.8999999999999995 145.75000000000003 -424.26000000000005 0.35416666666666669 1.0000000180025095e-35
decision_type=2 2 2 2 2 2 2
left_child=1 4 -3 6 -1 -5 -2
right_child=3 2 -4 5 -6 -7 -8
leaf_value=0.032247671725874942 0.023392518621421526 0.033825126899627994 0.0011705163675553893 -0.024354702103217617 0.013266825490626723 -0.0082249419101772369 -0.010378049600795559
leaf_weight=72.614394396543503 7.4215942025184622 35.25639870762825 1605.4963250309229 274.29149441421032 278.66739991307259 72.681968219578266 340.44773010909557
leaf_count=259 37 93 4326 1997 667 414 1488
internal_value=-0.000539918 0.00461909 0.00189542 -0.0153228 0.017285 -0.0210236 -0.00957825
internal_weight=2686.88 1992.03 1640.75 694.843 351.282 346.973 347.869
internal_count=9281 5345 4419 3936 926 2411 1525
is_linear=0
shrinkage=0.05


Tree=91
num_leaves=8
num_cat=0
split_feature=25 25 23 29 0 16 0
split_gain=12.1864 10.0807 7.96096 7.40955 6.56187 5.77891 3.87987
threshold=0.22389042118957667 3.3972694968124784 1.8721755136013438 -1.8689196936970531 149.50000000000003 0.35416666666666669 179.50000000000003
decision_type=2 2 2 2 2 2 2
left_child=3 4 -3 6 -2 -5 -1
right_child=1 2 -4 5 -6 -7 -8
leaf_value=-0.030697556447943711 0.0028187332854602686 -0.02694837811001349 0.024687405199457942 0.01763276318769522 -0.004056492276916508 -0.01189962314324516 0.0083473834751293871
leaf_weight=54.631961070001125 2786.063486225903 48.016892127692699 7.8969286978244773 22.614418312907219 394.97824862599373 54.217557445168495 6.5412955135107032
leaf_count=291 7344 146 19 67 1215 178 21
internal_value=0.000965037 0.00158848 -0.0192622 -0.0135282 0.00196248 -0.00302807 -0.0263749
internal_weight=3374.96 3236.96 55.9138 138.005 3181.04 76.832 61.1733
internal_count=9281 8724 165 557 8559 245 312
is_linear=0
shrinkage=0.05


Tree=92
num_leaves=8
num_cat=0
split_feature=5 5 14 16 5 40 13
split_gain=83.4106 31.2868 12.2644 10.3658 7.88761 6.14768 3.46504
threshold=-109.79999999999994 90.274999999999991 1.3666666666666669 0.2678571428571429 -257.4199999999999 1.0000000180025095e-35 0.77500000000000013
decision_type=2 2 2 2 2 2 2
left_child=4 3 -3 -2 6 -6 -1
right_child=1 2 -4 -5 5 -7 -8
leaf_value=0.0049955213530599564 0.033278670008343156 0.011092257832246098 -0.0077049595005767501 -0.001907482671445972 -0.0093934972109272381 -0.023591256929352218 -0.024443392700908999
leaf_weight=9.8979527950286847 20.250714689493179 1124.2504339367151 93.015917986631393 1351.2468345761299 492.38237477838993 90.934160694479942 200.80070482194424
leaf_count=48 53 3092 219 3213 1452 289 915
internal_value=-0.00053245 0.00381501 0.00964664 -0.00136043 -0.0146999 -0.011652 -0.0230198
internal_weight=3382.78 2588.76 1217.27 1371.5 794.015 583.317 210.699
internal_count=9281 6577 3311 3266 2704 1741 963
is_linear=0
shrinkage=0.05


Tree=93
num_leaves=8
num_cat=0
split_feature=5 5 40 11 5 1 8
split_gain=75.4735 25.8289 14.9869 9.46011 8.64179 5.47418 3.76873
threshold=53.149999999999984 -128.91499999999994 1.0000000180025095e-35 -2.2361111111111107 145.75000000000003 98.500000000000014 -0.22499999999999998
decision_type=2 2 2 2 2 2 2
left_child=1 2 -1 -3 6 -6 -2
right_child=4 3 -4 -5 5 -7 -8
leaf_value=0.0076611150985437153 -3.7133593415630177e-05 0.018867611490776662 0.025664350230029012 -0.0024004843328441923 -0.013596502129833056 -0.026575288752611254 -0.012215153651234418
leaf_weight=846.54908733069897 85.104628592729568 54.276833653450012 133.69953559339046 956.97307823598385 159.23166102916002 179.8577489182353 259.65467345714569
leaf_count=2078 388 149 330 2788 959 1452 1137
internal_value=-0.000554331 0.00436562 0.0101454 -0.00123651 -0.0148749 -0.0205532 -0.00923224
internal_weight=2675.35 1991.5 980.249 1011.25 683.849 339.089 344.759
internal_count=9281 5345 2408 2937 3936 2411 1525
is_linear=0
shrinkage=0.05


Tree=94
num_leaves=7
num_cat=0
split_feature=5 16 5 21 8 7
split_gain=11.8991 9.62074 9.21533 5.08043 1.07943 3.7819
threshold=454.77999999999992 3.4142857142857146 -424.26000000000005 0.42617388100843229 1.3666666666666669 2.3666666666666667
decision_type=2 2 2 2 2 2
left_child=1 2 -1 -3 -2 -6
right_child=4 3 -4 -5 5 -7
leaf_value=-0.021285287489113975 -0.035775818805118521 -0.0053911631504113293 0.0018716417978993033 -0.041930587118195722 0.021697855436864921 -0.033295251968582004
leaf_weight=42.510946728289127 20.703749105334282 20.439724981784821 3258.7957288175821 18.016833201050758 3.9337174668908101 7.6582974120974541
leaf_count=258 144 60 8693 55 22 49
internal_value=0.000973703 0.00127128 0.00156558 -0.0232654 -0.0287634 -0.0139953
internal_weight=3372.06 3339.76 3301.31 38.4566 32.2958 11.592
internal_count=9281 9066 8951 115 215 71
is_linear=0
shrinkage=0.05


Tree=95
num_leaves=8
num_cat=0
split_feature=5 5 14 40 5 40 13
split_gain=76.9628 28.5177 10.5103 10.2417 7.40525 5.87984 3.36289
threshold=-109.79999999999994 137.12000000000003 -2.2249999999999996 1.0000000180025095e-35 -257.4199999999999 1.0000000180025095e-35 0.77500000000000013
decision_type=2 2 2 2 2 2 2
left_child=4 2 -2 -3 6 -6 -1
right_child=1 3 -4 -5 5 -7 -8
leaf_value=0.0052125168765672376 0.019269570920092523 0.01339559991776447 -0.0009560159503613332 -0.00067619463048229124 -0.0090802360941933287 -0.023048670340047567 -0.023845467561852188
leaf_weight=9.8515630662441236 65.858730465173721 728.49590976536274 1631.7229643464088 156.23458786308765 489.7587910592556 89.720293954014778 195.82125176489353
leaf_count=48 170 2151 3852 404 1452 289 915
internal_value=-0.000533114 0.00363415 -0.000157526 0.0109071 -0.0142325 -0.0112876 -0.0224109
internal_weight=3367.46 2582.31 1697.58 884.73 785.152 579.479 205.673
internal_count=9281 6577 4022 2555 2704 1741 963
is_linear=0
shrinkage=0.05


Tree=96
num_leaves=8
num_cat=0
split_feature=2 8 2 2 40 28 9
split_gain=60.0677 18.3515 12.6053 12.3962 6.42429 3.9496 2.20276
threshold=-1.4999999999999998 -3.7749999999999995 46.500000000000007 -63.499999999999993 1.0000000180025095e-35 0.69983777702063332 0.58571428571428574
decision_type=2 2 2 2 2 2 2
left_child=3 5 -3 6 -5 -2 -1
right_child=1 2 -4 4 -6 -7 -8
leaf_value=-0.018913207779383406 0.0056345961569281349 0.00017497482177969642 0.0088794614740164927 -0.011155099522103184 -0.00053537330401361583 0.038644369889712191 -0.031973266014256374
leaf_weight=101.80262124538422 12.132411837577818 997.33046247065067 713.97384339570999 541.46796572953463 194.6094549447298 46.333801403641701 56.727851621806622
leaf_count=816 29 2726 1769 2541 752 140 508
internal_value=-0.000568264 0.0047671 0.00381256 -0.0111221 -0.0083587 0.0320885 -0.023789
internal_weight=2664.38 1769.77 1711.3 894.608 736.077 58.4662 158.53
internal_count=9281 4664 4495 4617 3293 169 1324
is_linear=0
shrinkage=0.05


Tree=97
num_leaves=7
num_cat=0
split_feature=5 16 5 21 8 23
split_gain=11.2505 9.0977 8.68308 4.89657 1.09089 3.66071
threshold=454.77999999999992 3.4142857142857146 -424.26000000000005 0.42617388100843229 1.3666666666666669 1.1484763724931943
decision_type=2 2 2 2 2 2
left_child=1 2 -1 -3 -2 -6
right_child=4 3 -4 -5 5 -7
leaf_value=-0.020841394673901247 -0.03552576538420648 -0.0051715326208476766 0.0018473304736115741 -0.04120337532950244 0.020734143470565885 -0.033301338018912913
leaf_weight=41.695623315870762 19.983418717980388 20.372114107012749 3258.3244670107961 17.743193328380585 4.0646083354949933 7.3231035694479942
leaf_count=258 144 60 8693 55 25 46
internal_value=0.000982283 0.00126781 0.00155292 -0.0226972 -0.0283466 -0.013494
internal_weight=3369.51 3338.14 3300.02 38.1153 31.3711 11.3877
internal_count=9281 9066 8951 115 215 71
is_linear=0
shrinkage=0.05


Tree=98
num_leaves=8
num_cat=0
split_feature=4 11 3 17 28 14 20
split_gain=44.4499 26.674 19.405 16.4297 9.87999 5.45015 4.36426
threshold=1606.5700000000002 -1.8944444444444442 1497.5150000000001 -1.8285714285714281 0.48628900884898413 -3.8999999999999995 -1.2807652632863895
decision_type=2 2 2 2 2 2 2
left_child=1 5 6 -3 -4 -1 -2
right_child=2 3 4 -5 -6 -7 -8
leaf_value=0.018820065279848187 -0.030612512881233258 0.020433935732376375 0.047115810764950368 0.0045426128068864887 -0.0051384437285177499 -0.017348296979132576 -0.015469168904875555
leaf_weight=10.240436777472494 76.792751848697662 180.64953573048115 8.1057768464088422 1590.7756901532412 1191.8595138341188 152.10553003847599 142.01790151000023
leaf_count=28 390 628 22 4162 3041 468 542
internal_value=-0.000534107 0.00439487 -0.00725411 0.00617664 -0.00474236 -0.014935 -0.0209216
internal_weight=3352.55 1933.77 1418.78 1771.43 1199.97 162.346 218.811
internal_count=9281 5286 3995 4790 3063 496 932
is_linear=0
shrinkage=0.05


Tree=99
num_leaves=8
num_cat=0
split_feature=5 5 40 5 5 1 13
split_gain=65.5864 22.1985 12.2286 8.03383 7.68096 5.33567 3.6502
threshold=53.149999999999984 -261.61499999999984 1.0000000180025095e-35 145.75000000000003 -424.26000000000005 98.500000000000014 1.0000000180025095e-35
decision_type=2 2 2 2 2 2 2
left_child=1 4 -3 6 -1 -5 -2
right_child=3 2 -4 5 -6 -7 -8
leaf_value=0.030431287006242438 0.023934825387681203 -0.00075731122821898254 0.0096118121133411723 -0.012842085059660899 0.011662120580950374 -0.025887021063192302 -0.0094997694410558671
leaf_weight=68.483436763286591 7.357344076037406 1277.6143929511309 364.44616422057152 155.12471712380648 277.84650450944901 170.96109160780907 332.57862095534801
leaf_count=259 37 3474 945 959 667 1452 1488
internal_value=-0.000568542 0.00397896 0.00154546 -0.0141381 0.0154649 -0.0197548 -0.00869339
internal_weight=2654.41 1988.39 1642.06 666.022 346.33 326.086 339.936
internal_count=9281 5345 4419 3936 926 2411 1525
is_linear=0
shrinkage=0.05


Tree=100
num_leaves=8
num_cat=0
split_feature=25 25 23 2 29 1 15
split_gain=10.6408 8.97064 7.70032 7.34636 6.92374 6.07019 5.29662
threshold=0.22389042118957667 3.3972694968124784 1.8721755136013438 149.50000000000003 -1.8689196936970531 207.50000000000003 0.11805555555555557
decision_type=2 2 2 2 2 2 2
left_child=4 3 -3 -2 5 -1 -6
right_child=1 2 -4 -5 6 -7 -8
leaf_value=-0.030567133239644346 0.0020573625789434774 -0.025960035219900174 0.024935452100680364 -0.03519054711022658 0.011462925847684139 0.02217886548970234 -0.014619679896654173
leaf_weight=53.478230997920036 3165.4701241329312 47.151533827185631 7.8682039380073538 12.281952828168867 34.88555421680212 5.2341663241386405 41.398637048900127
leaf_count=288 8476 146 19 83 113 24 132
internal_value=0.000973002 0.00155029 -0.0182772 0.0019008 -0.0127244 -0.0254885 -0.00263315
internal_weight=3367.77 3232.77 55.0197 3177.75 134.997 58.7124 76.2842
internal_count=9281 8724 165 8559 557 312 245
is_linear=0
shrinkage=0.05


Tree=101
num_leaves=8
num_cat=0
split_feature=5 5 5 40 1 14 0
split_gain=66.927 17.7213 15.4126 10.701 7.34268 6.11689 3.29475
threshold=-31.105000000000015 249.45000000000007 -200.63999999999996 1.0000000180025095e-35 145.50000000000003 -3.4499999999999997 128.50000000000003
decision_type=2 2 2 2 2 2 2
left_child=2 3 6 -2 -3 -4 -1
right_child=1 4 5 -5 -6 -7 -8
leaf_value=-0.01435711100699855 0.0051461863805534599 0.010938243589546688 0.035219827782122563 -0.0039782171836558388 0.02797650865650126 -0.00656828078272312 -0.024451623851415236
leaf_weight=212.9300794750452 1355.4095496088266 228.13719926774502 7.8307193517684928 419.6552112698555 89.0287756472826 885.73314449191093 142.76626803725958
leaf_count=796 3255 706 21 994 409 2415 685
internal_value=-0.000527482 0.00493826 -0.00968201 0.00298518 0.0158095 -0.00615752 -0.01848
internal_weight=3341.49 2092.23 1249.26 1775.06 317.166 893.564 355.696
internal_count=9281 5364 3917 4249 1115 2436 1481
is_linear=0
shrinkage=0.05


Tree=102
num_leaves=8
num_cat=0
split_feature=5 5 40 11 17 22 34
split_gain=60.6911 23.7007 13.5963 9.1605 5.70409 6.26359 5.45
threshold=81.240000000000023 -128.91499999999994 1.0000000180025095e-35 -2.2361111111111107 0.58571428571428574 1.0232899526879631 0.5277777777777779
decision_type=2 2 2 2 2 2 2
left_child=1 2 -1 -3 6 -6 -2
right_child=4 3 -4 -5 5 -7 -8
leaf_value=0.0065683575091758806 -0.013547927910791525 0.017832547160843527 0.02371858742692274 -0.0027230576603448956 0.035799282313502115 -0.0086725193075635181 -0.025313758341799719
leaf_weight=843.97499294579029 260.84138438850641 56.040176913142204 133.64466285705566 1074.2664790153503 7.5694749876856795 100.94657345116138 166.40369445085526
leaf_count=2078 1661 155 330 3262 42 517 1236
internal_value=-0.000576454 0.00324233 0.00893982 -0.00168464 -0.0155886 -0.0052262 -0.0181906
internal_weight=2643.69 2107.93 977.62 1130.31 535.761 108.516 427.245
internal_count=9281 5825 2408 3417 3456 559 2897
is_linear=0
shrinkage=0.05


Tree=103
num_leaves=7
num_cat=0
split_feature=5 16 5 21 36 8
split_gain=10.2686 8.35753 7.68298 4.78273 1.13174 3.09448
threshold=454.77999999999992 3.4142857142857146 -496.85499999999996 0.42617388100843229 15.500000000000002 1.3666666666666669
decision_type=2 2 2 2 2 2
left_child=1 2 -1 -3 5 -2
right_child=4 3 -4 -5 -6 -7
leaf_value=-0.027850955920886517 -0.032080107951892221 -0.0045516472246156592 0.0017124378253258199 -0.04037096626707349 -0.03532569656862989 0.017316239051530152
leaf_weight=21.110082477331161 6.8997104093432444 20.182668328285217 3276.5999561995268 17.407467097043991 18.68354968726635 4.3314364105463028
leaf_count=147 50 60 8804 55 141 24
internal_value=0.000974661 0.0012416 0.00151329 -0.021885 -0.0277033 -0.0127628
internal_weight=3365.21 3335.3 3297.71 37.5901 29.9147 11.2311
internal_count=9281 9066 8951 115 215 74
is_linear=0
shrinkage=0.05


Tree=104
num_leaves=8
num_cat=0
split_feature=2 2 30 17 22 13 19
split_gain=54.7215 18.9489 13.3321 11.7388 9.49999 5.24165 2.4154
threshold=-22.499999999999996 65.500000000000014 1.5000000000000002 -2.2249999999999996 1.4809457462280677 0.77500000000000013 1.1467147767502233
decision_type=2 2 2 2 2 2 2
left_child=3 2 -2 6 -5 -3 -1
right_child=1 5 -4 4 -6 -7 -8
leaf_value=0.016557237133145601 -0.0050189794014166011 0.0053666674484679246 0.0075958412440326837 0.0022848453190918326 0.011717437072783627 -0.019313459182753925 0.033942910139603613
leaf_weight=45.281074926257133 1641.9574420303106 22.696709156036377 238.86507810652256 568.81312467157841 505.68014524877071 259.37652068585157 44.488108977675438
leaf_count=168 4264 89 576 1483 1389 1119 193
internal_value=-0.000526231 -0.00523158 -0.00341105 0.00820778 0.00673545 -0.017298 0.0255074
internal_weight=3327.16 2162.9 1880.82 1164.26 1074.49 282.073 89.7692
internal_count=9281 6048 4840 3233 2872 1208 361
is_linear=0
shrinkage=0.05


Tree=105
num_leaves=8
num_cat=0
split_feature=5 5 5 17 17 22 34
split_gain=56.1782 21.7586 12.3846 6.49993 5.49101 5.78564 5.32588
threshold=81.240000000000023 -128.91499999999994 -424.26000000000005 1.9500000000000002 0.58571428571428574 1.0232899526879631 0.5277777777777779
decision_type=2 2 2 2 2 2 2
left_child=1 2 -1 -3 6 -6 -2
right_child=4 3 -4 -5 5 -7 -8
leaf_value=0.029334939126552162 -0.013148045659578082 -0.0024996990177456758 0.0069910467081751807 0.015315106904526031 0.033950775500091339 -0.0083537219328686067 -0.024899615635571196
leaf_weight=65.901046067476273 257.25594751536846 1076.6210777014494 911.71151432394981 52.708219304680824 7.7680007368326178 100.060572065413 162.11444952338934
leaf_count=259 1661 3257 2149 160 42 517 1236
internal_value=-0.000579261 0.00307274 0.0085308 -0.00165101 -0.0151621 -0.00497619 -0.0177511
internal_weight=2634.14 2106.94 977.613 1129.33 527.199 107.829 419.37
internal_count=9281 5825 2408 3417 3456 559 2897
is_linear=0
shrinkage=0.05


Tree=106
num_leaves=8
num_cat=0
split_feature=1 3 23 29 14 10 13
split_gain=9.69678 8.30292 8.27061 8.09428 7.10953 6.71644 5.01189
threshold=148.50000000000003 1418.5850000000003 -2.9296526670097323 1.6118936202306051 1.0000000180025095e-35 1.7071428571428573 0.55000000000000016
decision_type=2 2 2 2 2 2 2
left_child=2 5 6 -4 -3 -2 -1
right_child=1 4 3 -5 -6 -7 -8
leaf_value=0.02522706623325351 -0.0018378874945815952 -0.019348320638114366 0.0029228124819697036 -0.007971843426826981 0.00060139908383500466 0.029784559562035608 -0.026345494993966184
leaf_weight=4.4864955246448508 156.55350681394339 144.22124639153481 2759.5993315652013 180.54190370440483 63.714523613452911 17.778353080153465 36.44255205988884
leaf_count=13 491 709 7178 480 197 48 165
internal_value=0.000971165 -0.00651276 0.00193438 0.00224963 -0.0132379 0.00150993 -0.0201062
internal_weight=3363.34 382.268 2981.07 2940.14 207.936 174.332 40.929
internal_count=9281 1445 7836 7658 906 539 178
is_linear=0
shrinkage=0.05


Tree=107
num_leaves=8
num_cat=0
split_feature=5 4 23 22 0 17 2
split_gain=58.2734 22.2668 13.4068 9.74608 6.5963 7.06081 3.66759
threshold=-109.79999999999994 1536.6550000000002 0.08003275324599142 1.4809457462280677 144.50000000000003 -0.35416666666666657 10.500000000000002
decision_type=2 2 2 2 2 2 2
left_child=4 2 -2 -3 5 -1 -6
right_child=1 3 -4 -5 6 -7 -8
leaf_value=0.0092543362257610454 0.0035158318955816961 -0.0061786258959382404 0.014007483628027504 0.0025134578577855203 0.00087346839508150849 -0.01159203121952832 -0.023163370223687533
leaf_weight=42.993110343813896 750.23701904714108 601.82603561878204 514.60218419134617 691.70096307992935 16.995598390698433 528.66652566194534 167.96412691473961
leaf_count=133 1947 1419 1552 1659 48 1798 725
internal_value=-0.000523492 0.00308082 0.00779602 -0.00152841 -0.0127054 -0.0100021 -0.020935
internal_weight=3314.99 2558.37 1264.84 1293.53 756.619 571.66 184.96
internal_count=9281 6577 3499 3078 2704 1931 773
is_linear=0
shrinkage=0.05


Tree=108
num_leaves=8
num_cat=0
split_feature=5 0 4 5 2 25 27
split_gain=52.0807 19.7506 18.5303 15.0539 5.3654 4.30453 1.95888
threshold=81.240000000000023 149.50000000000003 1509.9750000000001 -277.94999999999987 -63.499999999999993 3.8234062269098623 0.57086456658817497
decision_type=2 2 2 2 2 2 2
left_child=1 2 -1 -3 6 -6 -2
right_child=4 3 -4 -5 5 -7 -8
leaf_value=-0.013566005209399308 -0.024632908506367471 0.030425919028003269 0.002453173987234619 0.0075269733935234067 -0.01230718790852222 0.033222200095503203 0.0075574503740639251
leaf_weight=204.50462619960308 127.45063155889511 91.902236178517342 1483.0120685994625 325.36663016676903 383.20850276201963 4.2723377197980872 4.2351063191890708
leaf_count=676 1235 314 3969 866 2169 18 34
internal_value=-0.000581749 0.00291618 0.000502016 0.012643 -0.0147509 -0.0117081 -0.0235108
internal_weight=2623.95 2104.79 1687.52 417.269 519.167 387.481 131.686
internal_count=9281 5825 4645 1180 3456 2187 1269
is_linear=0
shrinkage=0.05


Tree=109
num_leaves=7
num_cat=0
split_feature=5 0 17 5 8 7
split_gain=9.36464 7.80141 9.43192 9.19736 1.1786 3.77512
threshold=454.77999999999992 149.50000000000003 -2.9499999999999997 -277.94999999999987 1.3666666666666669 2.3666666666666667
decision_type=2 2 2 2 2 2
left_child=1 2 -1 -3 -2 -6
right_child=4 3 -4 -5 5 -7
leaf_value=-0.032891072951985449 -0.034877466657687595 -0.022352995828482387 0.002382685279189365 -0.0019474576060160981 0.024168520892415737 -0.032322486988824742
leaf_weight=18.062662623822689 17.91902939975262 64.327650815248489 2886.1223809495568 363.73938369750977 3.7535165175795537 6.858939602971077
leaf_count=103 144 314 7606 1043 22 49
internal_value=0.000970481 0.00121999 0.00215033 -0.0050705 -0.0270553 -0.011551
internal_weight=3360.78 3332.25 2904.19 428.067 28.5315 10.6125
internal_count=9281 9066 7709 1357 215 71
is_linear=0
shrinkage=0.05


Tree=110
num_leaves=8
num_cat=0
split_feature=5 4 11 5 0 1 17
split_gain=53.3814 20.3918 12.8056 9.41393 6.33649 9.53301 6.65096
threshold=-109.79999999999994 1536.6550000000002 -1.8944444444444442 124.03499999999998 144.50000000000003 184.50000000000003 -0.35416666666666657
decision_type=2 2 2 2 2 2 2
left_child=4 2 -2 -3 6 -6 -1
right_child=1 3 -4 -5 5 -7 -8
leaf_value=0.0090515116005177795 -0.011093216618311095 -0.0040064503192007829 0.0088071470867935459 0.0057359184904663789 -0.022396225656632837 0.042522647180092805 -0.011162913150880353
leaf_weight=43.100198671221733 85.752057328820229 959.78795695304871 1174.6619966179132 332.9711187183857 176.91704417765141 4.8939588367938986 523.84174284338951
leaf_count=133 214 2265 3285 813 759 14 1798
internal_value=-0.000523924 0.00291803 0.00744154 -0.00149079 -0.0122555 -0.0203984 -0.00960413
internal_weight=3301.93 2553.17 1260.41 1292.76 748.753 181.811 566.942
internal_count=9281 6577 3499 3078 2704 773 1931
is_linear=0
shrinkage=0.05


Tree=111
num_leaves=8
num_cat=0
split_feature=5 5 8 0 2 26 27
split_gain=48.0729 18.3945 12.9628 10.1286 5.24005 4.48174 1.91024
threshold=81.240000000000023 -261.61499999999984 -3.8999999999999995 149.50000000000003 -63.499999999999993 2.2803418153669157 0.57086456658817497
decision_type=2 2 2 2 2 2 2
left_child=1 3 -3 -1 6 -6 -2
right_child=4 2 -4 -5 5 -7 -8
leaf_value=0.0077284646234557471 -0.024252102856977983 0.030194677500566799 6.7602649342611196e-05 0.026726726795657421 -0.012211598215471582 0.020895470547015862 0.0075205406548508914
leaf_weight=239.34229630231857 124.07834098488092 35.465860709547997 1728.2014951854944 99.810719802975655 373.30348904430866 9.5235658735036832 4.2390502318739882
leaf_count=590 1235 94 4805 336 2145 42 34
internal_value=-0.000592807 0.00274966 0.000693033 0.0133964 -0.0143318 -0.0113227 -0.0231138
internal_weight=2613.96 2102.82 1763.67 339.153 511.144 382.827 128.317
internal_count=9281 5825 4899 926 3456 2187 1269
is_linear=0
shrinkage=0.05


Tree=112
num_leaves=8
num_cat=0
split_feature=25 25 23 11 5 34 23
split_gain=9.07391 7.85851 7.40174 6.53191 5.61981 5.31288 0.939469
threshold=0.22389042118957667 3.3972694968124784 1.8721755136013438 -3.9499999999999997 -22.335000000000147 0.5277777777777779 -1.4829015719693714
decision_type=2 2 2 2 2 2 2
left_child=4 3 -3 -2 6 -6 -1
right_child=1 2 -4 -5 5 -7 -8
leaf_value=-0.016621320994705049 -0.021291464622608267 -0.024910283724347195 0.025091944834261633 0.0020438044202259298 0.002234368901861114 -0.020452426231877097 -0.040553025189758091
leaf_weight=9.5094606727361697 29.249346390366554 46.175816744565964 7.8469461202621451 3143.4072847664356 65.165636353194714 41.189961925148964 15.669692188501356
leaf_count=30 120 146 19 8439 247 231 49
internal_value=0.000967068 0.00149467 -0.0172324 0.00182046 -0.0118515 -0.00661399 -0.0326858
internal_weight=3358.21 3226.68 54.0228 3172.66 131.535 106.356 25.1792
internal_count=9281 8724 165 8559 557 478 79
is_linear=0
shrinkage=0.05


Tree=113
num_leaves=8
num_cat=0
split_feature=5 4 23 30 2 40 24
split_gain=49.2492 18.5123 12.3212 10.423 6.3035 4.8206 2.63869
threshold=-109.79999999999994 1536.6550000000002 0.08003275324599142 2.5000000000000004 96.500000000000014 1.0000000180025095e-35 0.80649627984772543
decision_type=2 2 2 2 2 2 2
left_child=4 2 -2 -3 5 -1 -6
right_child=1 3 -4 -5 6 -7 -8
leaf_value=-0.0083315948920221084 0.0030049427164072348 -0.0030702637304247833 0.013102940899158623 0.010777372730875812 -0.026920522521999446 -0.020708959298100141 0.0043199097744887737
leaf_weight=561.6247124671936 747.82831692695618 1137.8024137616158 508.69579939544201 153.21740865707397 81.010484859347343 92.24890298396349 6.7920352220535269
leaf_count=1864 1947 2711 1552 367 468 329 43
internal_value=-0.000514682 0.00278564 0.0071042 -0.0014159 -0.011846 -0.0101144 -0.0244262
internal_weight=3289.22 2547.54 1256.52 1291.02 741.676 653.874 87.8025
internal_count=9281 6577 3499 3078 2704 2193 511
is_linear=0
shrinkage=0.05


Tree=114
num_leaves=8
num_cat=0
split_feature=5 5 5 11 17 10 34
split_gain=44.5369 17.2257 11.1187 7.73058 5.08614 5.43959 5.33544
threshold=81.240000000000023 -128.91499999999994 -424.26000000000005 -2.2361111111111107 0.58571428571428574 1.0500000000000003 0.5277777777777779
decision_type=2 2 2 2 2 2 2
left_child=1 2 -1 -3 6 -6 -2
right_child=4 3 -4 -5 5 -7 -8
leaf_value=0.027808918620619107 -0.011843944625290315 0.016256897761275257 0.0060537144395644248 -0.0025604732573694246 0.033651926593438616 -0.0074159608721906288 -0.023910915889569086
leaf_weight=62.084507018327713 246.02787689119577 56.466930091381073 911.767199665308 1070.6409998089075 7.7644595801830283 97.568975895643234 152.32206064462662
leaf_count=259 1661 155 2149 3262 39 520 1236
internal_value=-0.000595871 0.00260484 0.00747287 -0.00159974 -0.0139353 -0.00405369 -0.016519
internal_weight=2604.64 2100.96 973.852 1127.11 503.683 105.333 398.35
internal_count=9281 5825 2408 3417 3456 559 2897
is_linear=0
shrinkage=0.05


Tree=115
num_leaves=7
num_cat=0
split_feature=5 16 17 21 36 18
split_gain=8.69656 7.40724 7.45343 4.74839 1.23451 3.11989
threshold=454.77999999999992 3.4142857142857146 -4.7749999999999995 0.42617388100843229 15.500000000000002 0.60013427808977926
decision_type=2 2 2 2 2 2
left_child=1 2 -1 -3 5 -2
right_child=4 3 -4 -5 -6 -7
leaf_value=-0.037739975783955881 -0.031344688646509689 -0.0034649839857922443 0.0015960202421737104 -0.039439653764125844 -0.034781113616633955 0.01945660749407653
leaf_weight=11.078748740255831 6.3239818438887614 19.838953331112862 3280.8596588894725 16.987324073910713 17.02653680741787 4.1526448428630829
leaf_count=53 49 60 8898 55 141 25
internal_value=0.000960348 0.00119691 0.0014507 -0.0207956 -0.0265338 -0.010832
internal_weight=3356.27 3328.76 3291.94 36.8263 27.5032 10.4766
internal_count=9281 9066 8951 115 215 74
is_linear=0
shrinkage=0.05


Tree=116
num_leaves=8
num_cat=0
split_feature=5 5 14 16 5 1 13
split_gain=45.527 17.3232 10.3271 9.16783 6.00533 3.90942 3.55596
threshold=-109.79999999999994 90.274999999999991 1.3666666666666669 0.2678571428571429 -257.4199999999999 99.500000000000014 0.77500000000000013
decision_type=2 2 2 2 2 2 2
left_child=4 3 -3 -2 6 -6 -1
right_child=1 2 -4 -5 5 -7 -8
leaf_value=0.010154986114003988 0.03145942229141669 0.0084659709293002008 -0.0088681607937966794 -0.0016889278013357972 -0.0068101979760520782 -0.017806774727280351 -0.02095162358911035
leaf_weight=8.9065949544310552 20.177191913127899 1085.8722201287746 92.218894630670547 1344.5778341293335 453.50243225693703 99.340193524956703 173.14007980376482
leaf_count=48 53 3092 219 3213 1444 297 915
internal_value=-0.00050828 0.00265872 0.00709847 -0.00117251 -0.0114622 -0.00882378 -0.0193553
internal_weight=3277.74 2542.85 1178.09 1364.76 734.889 552.843 182.047
internal_count=9281 6577 3311 3266 2704 1741 963
is_linear=0
shrinkage=0.05


Tree=117
num_leaves=8
num_cat=0
split_feature=5 8 5 28 2 36 5
split_gain=41.0449 16.4542 14.5446 7.35285 5.09486 4.17876 1.90775
threshold=81.240000000000023 -3.7749999999999995 -131.10999999999999 0.69983777702063332 -63.499999999999993 237.50000000000003 332.49000000000007
decision_type=2 2 2 2 2 2 2
left_child=1 3 -3 -1 6 -6 -2
right_child=4 2 -4 -5 5 -7 -8
leaf_value=-0.0033471919105838468 -0.017238491289280726 0.0063328075632456751 -0.0021442162196193054 0.037561038995373185 -0.012255127349038619 0.0055709928657518854 -0.031103620514064664
leaf_weight=13.854384467005728 79.181959614157677 923.10292787849903 1116.4530678987503 45.930960386991501 338.17051870375872 35.425958469510078 43.341397702693939
leaf_count=35 753 2256 3387 147 1979 208 516
internal_value=-0.000597306 0.00245872 0.00169126 0.0280998 -0.013518 -0.0105411 -0.0223957
internal_weight=2595.46 2099.34 2039.56 59.7853 496.12 373.596 122.523
internal_count=9281 5825 5643 182 3456 2187 1269
is_linear=0
shrinkage=0.05


Tree=118
num_leaves=7
num_cat=0
split_feature=5 29 17 26 11 35
split_gain=8.24678 7.17114 7.23843 6.20697 1.23586 3.16902
threshold=454.77999999999992 1.6118936202306051 -4.7749999999999995 0.80536385397220023 1.2928571428571431 21.500000000000004
decision_type=2 2 2 2 2 2
left_child=1 2 -1 -3 -2 -6
right_child=4 3 -4 -5 5 -7
leaf_value=-0.03733503226879395 -0.034400752494356826 -0.040998266591820216 0.0019193198263329119 -0.0055820061742125485 0.020582614977948086 -0.031363344642495634
leaf_weight=10.77864448726177 16.712421350181106 12.381857007741926 3119.0190537720919 185.46090745180845 4.0286858752369863 6.0543668121099472
leaf_count=53 145 36 8469 508 22 48
internal_value=0.000957263 0.0011849 0.00177065 -0.00801869 -0.0261577 -0.0101727
internal_weight=3354.44 3327.64 3129.8 197.843 26.7955 10.0831
internal_count=9281 9066 8522 544 215 70
is_linear=0
shrinkage=0.05


Tree=119
num_leaves=8
num_cat=0
split_feature=5 4 11 30 5 35 20
split_gain=41.694 16.5167 11.1971 9.5338 5.70794 3.42066 2.90846
threshold=-109.79999999999994 1536.6550000000002 -1.8944444444444442 2.5000000000000004 -257.4199999999999 5.5000000000000009 -1.7518943643076883
decision_type=2 2 2 2 2 2 2
left_child=4 2 -2 -3 6 -6 -1
right_child=1 3 -4 -5 5 -7 -8
leaf_value=-0.028613572811660989 -0.010755488066264422 -0.0030313817121574013 0.007900870868302488 0.010224007380941702 -0.013419037976954455 -0.0052747035408031023 -0.014334406489979355
leaf_weight=54.198258839547634 85.318482652306557 1136.3950446248055 1163.3533906042576 152.92846262454987 214.52989906072617 334.87068811058998 124.20957037806511
leaf_count=363 214 2711 3285 367 674 1067 600
internal_value=-0.000506964 0.00251749 0.00661454 -0.00144856 -0.0110496 -0.00848259 -0.0188354
internal_weight=3265.8 2538 1248.67 1289.32 727.808 549.401 178.408
internal_count=9281 6577 3499 3078 2704 1741 963
is_linear=0
shrinkage=0.05


Tree=120
num_leaves=8
num_cat=0
split_feature=2 0 4 14 2 26 9
split_gain=32.4239 13.6399 14.5346 9.28377 6.88865 7.03829 2.60358
threshold=-14.499999999999998 149.50000000000003 1519.4600000000003 -3.0999999999999996 -63.499999999999993 -1.4520803938242792 0.58571428571428574
decision_type=2 2 2 2 2 2 2
left_child=4 2 -2 -3 6 -6 -1
right_child=1 3 -4 -5 5 -7 -8
leaf_value=-0.01527159538296579 -0.01365732053038721 -0.023075001177055837 0.0020053057786260198 0.012259451719930575 -0.021586419257696041 -0.0050995216130303601 -0.030538692905986955
leaf_weight=86.173772916197777 164.43896119296551 18.520449750125408 1412.6133299469948 391.0024279654026 77.301092900335789 390.47649725526571 46.293566592037678
leaf_count=816 553 65 3766 1134 443 1996 508
internal_value=-0.000597636 0.00247818 0.000361378 0.010597 -0.0107729 -0.00787491 -0.0208333
internal_weight=2586.82 1986.58 1577.05 409.523 600.245 467.778 132.467
internal_count=9281 5518 4319 1199 3763 2439 1324
is_linear=0
shrinkage=0.05


Tree=121
num_leaves=8
num_cat=0
split_feature=25 25 23 19 5 2 23
split_gain=7.98663 7.01759 7.08543 6.06411 5.57587 7.2781 0.913419
threshold=0.22389042118957667 3.3972694968124784 1.8721755136013438 2.5233652071737946 -22.335000000000147 -71.499999999999986 -1.4829015719693714
decision_type=2 2 2 2 2 2 2
left_child=4 3 -3 -2 6 -6 -1
right_child=1 2 -4 -5 5 -7 -8
leaf_value=-0.016173897348305696 0.0023578794622627569 -0.024022252580413284 0.024948281887898327 -0.0061227188113973504 -0.025946517372312836 0.0026081810010480464 -0.039877876133126343
leaf_weight=9.4181700646877307 2944.7086348757148 45.376546807587147 7.8461788594722739 225.80571068823338 30.753696322441101 73.741069719195366 15.406926751136778
leaf_count=30 7908 146 19 651 222 256 49
internal_value=0.00095313 0.00144464 -0.0163838 0.00175057 -0.0111782 -0.0059146 -0.0320532
internal_weight=3353.06 3223.74 53.2227 3170.51 129.32 104.495 24.8251
internal_count=9281 8724 165 8559 557 478 79
is_linear=0
shrinkage=0.05


Tree=122
num_leaves=8
num_cat=0
split_feature=5 40 5 5 1 14 5
split_gain=38.4111 12.7006 10.9323 10.2701 7.51817 5.43099 2.99854
threshold=-31.105000000000015 1.0000000180025095e-35 -200.63999999999996 139.43499999999997 119.50000000000001 -3.4499999999999997 -424.26000000000005
decision_type=2 2 2 2 2 2 2
left_child=2 3 6 -2 -3 -4 -1
right_child=1 4 5 -5 -6 -7 -8
leaf_value=-0.030428941136703382 0.0022763250974542136 -0.0079174651854547369 0.034274492008490608 0.010370920063050876 0.0062636038080097836 -0.0051004503805825779 -0.013801133668210577
leaf_weight=30.609237171709538 927.47929930686951 319.13433620333672 7.8304906487464896 681.10458819568157 130.76505292952061 865.53957356512547 292.42540112137794
leaf_count=259 2135 746 21 2126 357 2415 1222
internal_value=-0.000505323 0.00363355 -0.00762776 0.00571115 -0.00377984 -0.00470291 -0.0154812
internal_weight=3254.89 2058.48 1196.4 1608.58 449.899 873.37 323.035
internal_count=9281 5364 3917 4261 1103 2436 1481
is_linear=0
shrinkage=0.05


Tree=123
num_leaves=8
num_cat=0
split_feature=5 8 5 28 2 36 5
split_gain=35.7342 15.1207 13.6218 6.95415 4.71724 3.99334 1.97477
threshold=81.240000000000023 -3.7749999999999995 -424.26000000000005 0.69983777702063332 -63.499999999999993 237.50000000000003 332.49000000000007
decision_type=2 2 2 2 2 2 2
left_child=1 3 -3 -1 6 -6 -2
right_child=4 2 -4 -5 5 -7 -8
leaf_value=-0.0035718378194327365 -0.016321408543120749 0.026537104010678506 0.00082519358286215036 0.036305137800332891 -0.011679863574822213 0.0057963212801907327 -0.030718081603952174
leaf_weight=13.815849885344504 75.888134032487869 51.910831674933434 1984.9436847120523 45.161976769566536 331.84370999783278 35.246119722723961 40.823230899870396
leaf_count=35 753 219 5424 147 1979 208 516
internal_value=-0.000599171 0.00222759 0.00149564 0.0269766 -0.0128344 -0.00997712 -0.0216177
internal_weight=2579.63 2095.83 2036.85 58.9778 483.801 367.09 116.711
internal_count=9281 5825 5643 182 3456 2187 1269
is_linear=0
shrinkage=0.05


Tree=124
num_leaves=7
num_cat=0
split_feature=5 16 17 21 11 22
split_gain=7.62714 6.6896 6.77254 4.67356 1.25819 4.20466
threshold=454.77999999999992 3.4142857142857146 -4.7749999999999995 0.42617388100843229 1.2928571428571431 1.964979986794124
decision_type=2 2 2 2 2 2
left_child=1 2 -1 -3 -2 -6
right_child=4 3 -4 -5 5 -7
leaf_value=-0.036953159161654557 -0.034138807669253105 -0.0026960447513537872 0.001536157206846587 -0.03863756458869827 0.030116903796516322 -0.031726447093579545
leaf_weight=10.460850261151789 15.952027410268785 19.597828388214111 3278.8480717539787 16.609024658799171 3.3326720967888814 6.5033873319625854
leaf_count=53 145 60 8898 55 19 51
internal_value=0.00094641 0.00116156 0.00140104 -0.0199131 -0.0256193 -0.00946554
internal_weight=3351.3 3325.52 3289.31 36.2069 25.7881 9.83606
internal_count=9281 9066 8951 115 215 70
is_linear=0
shrinkage=0.05


Tree=125
num_leaves=8
num_cat=0
split_feature=5 4 5 30 2 40 24
split_gain=35.5402 14.3294 9.58526 8.68216 5.63707 4.75067 2.71697
threshold=-109.79999999999994 1536.6550000000002 317.54000000000002 2.5000000000000004 96.500000000000014 1.0000000180025095e-35 0.80649627984772543
decision_type=2 2 2 2 2 2 2
left_child=4 2 -2 -3 5 -1 -6
right_child=1 3 -4 -5 6 -7 -8
leaf_value=-0.0069265284336401355 0.0045517112966861817 -0.0029211302427306993 0.018554456566945324 0.0097399779054418937 -0.025457834393857695 -0.019413183123471834 0.00702783100130448
leaf_weight=545.91575556993484 1103.901900857687 1134.4260261654854 137.04733972251415 152.63751783967018 74.213714934885502 88.910856992006302 6.3654105663299552
leaf_count=1864 2897 2711 602 367 468 329 43
internal_value=-0.000499754 0.00228361 0.00611586 -0.00140933 -0.0103317 -0.008711 -0.0227756
internal_weight=3243.42 2528.01 1240.95 1287.06 715.406 634.827 80.5791
internal_count=9281 6577 3499 3078 2704 2193 511
is_linear=0
shrinkage=0.05


Tree=126
num_leaves=8
num_cat=0
split_feature=5 0 5 28 17 34 22
split_gain=33.1462 14.3217 12.0505 10.0277 4.59187 5.25066 5.20929
threshold=81.240000000000023 149.50000000000003 -277.94999999999987 1.4514617453430756 0.58571428571428574 0.5277777777777779 1.0232899526879631
decision_type=2 2 2 2 2 2 2
left_child=1 3 -3 -1 5 -2 -6
right_child=4 2 -4 -5 6 -7 -8
leaf_value=-0.0037088336370978366 -0.010321605037192538 0.027179643482137514 0.0060469037638433837 0.0040048108584368886 0.033839692527445751 -0.02267089711796505 -0.0063899544315345908
leaf_weight=858.43463097512722 233.79314652830362 84.764766871929169 325.82361395657063 825.4878593236208 7.7693140655755988 141.12489851936698 94.794145479798317
leaf_count=2445 1661 314 866 2200 42 1236 517
internal_value=-0.000593144 0.00211631 0.0104773 6.96931e-05 -0.0124684 -0.0150313 -0.0029969
internal_weight=2571.99 2094.51 410.588 1683.92 477.482 374.918 102.563
internal_count=9281 5825 1180 4645 3456 2897 559
is_linear=0
shrinkage=0.05


Tree=127
num_leaves=7
num_cat=0
split_feature=13 29 11 4 18 10
split_gain=7.31293 6.937 6.46038 6.02889 4.03125 6.16247
threshold=0.29166666666666669 1.6118936202306051 -3.9499999999999997 1498.6400000000001 0.79610883397461873 1.6833333333333336
decision_type=2 2 2 2 2 2
left_child=4 2 -2 -3 5 -1
right_child=1 3 -4 -5 -6 -7
leaf_value=-0.007417690475612174 -0.021961998383439121 -0.037285277916604125 0.0022126709757210924 -0.0050309567620247034 0.027065791751911955 -0.036908556640662095
leaf_weight=99.250644274055958 26.865209676325321 14.887202352285383 3000.0949399843812 181.87576216459274 5.6713656410574904 21.013043619692326
leaf_count=406 116 53 8078 491 25 112
internal_value=0.000931318 0.0013958 0.00198928 -0.00767282 -0.0108365 -0.0128736
internal_weight=3349.66 3223.72 3026.96 196.763 125.935 120.264
internal_count=9281 8738 8194 544 543 518
is_linear=0
shrinkage=0.05


Tree=128
num_leaves=8
num_cat=0
split_feature=4 23 40 0 28 14 3
split_gain=23.0271 13.6452 13.4999 12.7041 9.63897 6.40336 1.79099
threshold=1606.5700000000002 -1.6046261937568536 1.0000000180025095e-35 126.50000000000001 0.4095913052564904 -3.4499999999999997 1383.6200000000001
decision_type=2 2 2 2 2 2 2
left_child=1 5 -3 4 -2 -1 -5
right_child=3 2 -4 6 -6 -7 -8
leaf_value=0.018900384784527054 0.049530091410204174 0.0067192039727419486 -0.0052002730643340937 -0.032861116057227011 -0.0045119365423556329 -0.011351280072097401 -0.01715090895928658
leaf_weight=18.1719860881567 7.2965326607227317 1368.3419705703855 286.15409007668495 35.056699670851231 1269.269282720983 197.06088276952505 51.521108545362949
leaf_count=51 21 3867 748 278 3486 620 210
internal_value=-0.000491477 0.00310933 0.00465275 -0.00543278 -0.0041606 -0.00869843 -0.0238719
internal_weight=3232.87 1869.73 1654.5 1363.14 1276.57 215.233 86.5778
internal_count=9281 5286 4615 3995 3507 671 488
is_linear=0
shrinkage=0.05


Tree=129
num_leaves=8
num_cat=0
split_feature=2 40 8 2 2 29 9
split_gain=26.5868 14.5221 11.7038 9.8336 7.88524 6.98921 2.69927
threshold=9.5000000000000018 1.0000000180025095e-35 -0.89999999999999991 -63.499999999999993 37.500000000000007 2.1744489991682632 0.58571428571428574
decision_type=2 2 2 2 2 2 2
left_child=3 2 -2 6 -3 -5 -1
right_child=1 4 -4 5 -6 -7 -8
leaf_value=-0.013992701880288672 0.0079103693988767081 0.005947298194722569 -0.0021079631215483877 -0.0055275927987471635 0.02429110602574551 0.020868647138209503 -0.029983746891939313
leaf_weight=81.629208669066429 460.80564542114735 120.10652460157871 788.64254900813103 928.97189776599407 116.74806053936481 24.73462775349617 42.893027637153864
leaf_count=816 1250 305 1987 4031 300 84 508
internal_value=-0.000585352 0.00374773 0.00158624 -0.00656093 0.0150743 -0.00481662 -0.0197358
internal_weight=2564.53 1486.3 1249.45 1078.23 236.855 953.707 124.522
internal_count=9281 3842 3237 5439 605 4115 1324
is_linear=0
shrinkage=0.05


Tree=130
num_leaves=7
num_cat=0
split_feature=5 29 24 4 36 18
split_gain=6.98762 6.11276 6.52015 5.77818 1.33433 2.98099
threshold=454.77999999999992 1.6118936202306051 0.79265968676136389 1498.6400000000001 15.500000000000002 0.60013427808977926
decision_type=2 2 2 2 2 2
left_child=1 2 -1 -3 5 -2
right_child=4 3 -4 -5 -6 -7
leaf_value=0.0011496038517059576 -0.030324783549197699 -0.036683226003554358 0.012011603702468975 -0.0048488736270189889 -0.034087646604670618 0.020620111711131876
leaf_weight=2983.6888436302543 5.6176400184631365 14.610920205712317 144.04392747581005 181.50715682655573 15.074827015399931 4.0562911927700043
leaf_count=8171 49 53 351 491 141 25
internal_value=0.000913971 0.00111608 0.00165512 -0.00741998 -0.0250253 -0.00856453
internal_weight=3348.6 3323.85 3127.73 196.118 24.7488 9.67393
internal_count=9281 9066 8522 544 215 74
is_linear=0
shrinkage=0.05


Tree=131
num_leaves=8
num_cat=0
split_feature=5 40 5 22 0 1 26
split_gain=31.2538 12.7706 12.1271 8.41988 5.07545 8.83782 6.34244
threshold=-109.79999999999994 1.0000000180025095e-35 139.43499999999997 0.69197414246219313 144.50000000000003 184.50000000000003 -0.076081333358975975
decision_type=2 2 2 2 2 2 2
left_child=4 2 -2 -3 6 -6 -1
right_child=1 3 -4 -5 5 -7 -8
leaf_value=0.0036587039468341919 0.0011776225599468347 0.019009180528645947 0.0094582667367329731 -0.0062269210770098263 -0.019592618359853618 0.04322659512087812 -0.010030670038265369
leaf_weight=103.69899242371321 1299.6261353492737 34.27055948972702 670.75296238064766 514.83841963112354 159.92632279545069 4.8359228521585456 437.22632782906294
leaf_count=350 3075 96 2126 1280 759 14 1581
internal_value=-0.000481901 0.00212207 0.00400241 -0.00461112 -0.00977567 -0.017469 -0.00739519
internal_weight=3225.18 2519.49 1970.38 549.109 705.688 164.762 540.925
internal_count=9281 6577 5201 1376 2704 773 1931
is_linear=0
shrinkage=0.05


Tree=132
num_leaves=7
num_cat=0
split_feature=5 5 40 4 8 18
split_gain=29.2757 13.2479 13.1598 7.80542 6.433 3.56876
threshold=99.975000000000037 -314.03999999999991 1.0000000180025095e-35 1826.1200000000001 -1.2249999999999999 0.38945009908130407
decision_type=2 2 2 2 2 2
left_child=1 4 -3 5 -1 -2
right_child=3 2 -4 -5 -6 -7
leaf_value=0.022425353121462408 -0.0083102222056967469 -0.0017008492643433917 0.008175502699231051 0.0406584054562091 0.0043094253865098176 -0.017942093510654226
leaf_weight=105.47964176535606 177.86409731209278 1518.9187238067389 432.39640025794506 5.7207473218441001 93.347253084182739 224.1064677760005
leaf_count=381 1387 4316 1169 25 248 1755
internal_value=-0.000582109 0.00174675 0.00048818 -0.0128508 0.0140093 -0.0137238
internal_weight=2557.83 2150.14 1951.32 407.691 198.827 401.971
internal_count=9281 6114 5485 3167 629 3142
is_linear=0
shrinkage=0.05


Tree=133
num_leaves=5
num_cat=0
split_feature=17 5 16 11
split_gain=6.76907 6.1815 5.92996 1.34796
threshold=-4.7749999999999995 454.77999999999992 3.4142857142857146 1.2928571428571431
decision_type=2 2 2 2
left_child=-1 2 -2 -3
right_child=1 3 -4 -5
leaf_value=-0.036382900177375874 0.0014486014740253796 -0.033606160289861069 -0.018833072903236298 -0.0073358734733569887
leaf_weight=11.121446289122103 3277.6301597803831 13.981804948300125 35.413818188011646 9.0985459163784963
leaf_count=67 8898 135 115 66
internal_value=0.000903479 0.00104014 0.00122468 -0.0241924
internal_weight=3347.25 3336.12 3313.04 23.0804
internal_count=9281 9214 9013 201
is_linear=0
shrinkage=0.05


Tree=134
num_leaves=8
num_cat=0
split_feature=5 17 5 22 23 39 5
split_gain=28.8558 10.6339 8.79725 7.74928 5.61073 4.79872 2.90523
threshold=-37.730000000000011 -2.2249999999999996 -200.63999999999996 1.7708532378346817 -0.99501393958333706 3.5000000000000004 -212.44500000000002
decision_type=2 2 2 2 2 2 2
left_child=2 4 6 -3 -2 -4 -1
right_child=1 3 5 -5 -6 -7 -8
leaf_value=-0.012371911708224471 0.0031588387504899633 0.00014358360040077754 -0.0034304384472314008 0.0071186099999713433 0.025643227494074151 -0.023892000450346142 -0.028701983415878037
leaf_weight=278.34103833884001 44.934329509735107 1413.1151667460799 789.96046322584152 554.31321167945862 75.344286076724529 28.883710205554962 30.745468467473984
leaf_count=1370 129 3550 2243 1455 338 85 111
internal_value=-0.000475822 0.00300373 -0.00691758 0.00211392 0.0173799 -0.00418656 -0.0140997
internal_weight=3215.64 2087.71 1127.93 1967.43 120.279 818.844 309.087
internal_count=9281 5472 3809 5005 467 2328 1481
is_linear=0
shrinkage=0.05


Tree=135
num_leaves=8
num_cat=0
split_feature=5 0 4 5 17 2 5
split_gain=27.2606 13.6316 11.7383 9.73674 5.57474 7.33605 5.51808
threshold=53.149999999999984 149.50000000000003 1509.9750000000001 -277.94999999999987 0.35416666666666669 -1.4999999999999998 145.75000000000003
decision_type=2 2 2 2 2 2 2
left_child=1 2 -1 -3 6 -6 -2
right_child=4 3 -4 -5 5 -7 -8
leaf_value=-0.012338508803226787 -0.0073278681569133742 0.025820001277949246 0.0016387346262365548 0.0064487658001361305 -0.0063443210795918834 0.025057908404712659 -0.019117813302776385
leaf_weight=167.08205285668373 199.93551672250032 81.805240362882614 1411.0940727442503 311.16802680492401 155.76930931210518 20.076937660574913 204.00356170907617
leaf_count=534 1016 314 3689 808 843 80 1997
internal_value=-0.000572822 0.00222919 0.000148917 0.0105493 -0.0100951 -0.00260933 -0.0133271
internal_weight=2550.93 1971.15 1578.18 392.973 579.785 175.846 403.939
internal_count=9281 5345 4223 1122 3936 923 3013
is_linear=0
shrinkage=0.05


Tree=136
num_leaves=8
num_cat=0
split_feature=13 11 29 31 23 22 36
split_gain=6.39423 6.32488 5.8987 5.17148 4.33585 3.96427 2.62258
threshold=0.29166666666666669 -3.9499999999999997 1.6118936202306051 1.0000000180025095e-35 0.59111640941018084 1.0931818502933568 358.50000000000006
decision_type=2 2 2 2 2 2 2
left_child=3 6 -3 5 -5 -1 -2
right_child=1 2 -4 4 -6 -7 -8
leaf_value=-0.0043934523410080377 -0.028899975828786163 0.0020765081282656133 -0.006897035021755378 -0.0029081279656710049 0.040843866567947001 -0.0248997594715714 0.0096254888116905218
leaf_weight=44.597689993679523 22.916272349655632 3000.6404981762171 193.8503935188055 20.638804003596309 6.6581139042973509 51.998987153172493 4.6810270994901648
leaf_count=185 109 8078 535 72 23 263 16
internal_value=0.000886593 0.00131785 0.00152842 -0.0102098 0.00865319 -0.0156255 -0.0220824
internal_weight=3345.98 3222.09 3194.49 123.894 27.2969 96.5967 27.5973
internal_count=9281 8738 8613 543 95 448 125
is_linear=0
shrinkage=0.05


Tree=137
num_leaves=7
num_cat=0
split_feature=5 40 5 22 13 3
split_gain=26.9371 13.4347 11.7035 7.70284 5.98319 4.50588
threshold=-143.62499999999986 1.0000000180025095e-35 139.43499999999997 0.65344439883533212 0.22500000000000003 1310.3650000000002
decision_type=2 2 2 2 2 2
left_child=4 2 -2 -3 -1 -6
right_child=1 3 -4 -5 5 -7
leaf_value=0.035552206946512017 0.00085934843278825642 0.018740591015722188 0.0088763076942896101 -0.0065606334922953501 -0.021873393282403564 -0.0093485995025696517
leaf_weight=5.8326248228549948 1446.9465626329184 30.7716164290905 664.50107223540545 551.21216364204884 87.906666144728661 419.69075929373503
leaf_count=24 3486 88 2126 1395 521 1641
internal_value=-0.00046779 0.00153243 0.00338777 -0.00518444 -0.0109532 -0.0115662
internal_weight=3206.86 2693.43 2111.45 581.984 513.43 507.597
internal_count=9281 7095 5612 1483 2186 2162
is_linear=0
shrinkage=0.05


Tree=138
num_leaves=8
num_cat=0
split_feature=5 0 28 5 5 34 8
split_gain=25.1992 12.5879 11.3348 9.22446 5.30057 5.19387 3.46474
threshold=53.149999999999984 149.50000000000003 1.4514617453430756 -277.94999999999987 222.94500000000008 0.63068181818181823 -0.22499999999999998
decision_type=2 2 2 2 2 2 2
left_child=1 2 -1 -3 6 -6 -2
right_child=4 3 -4 -5 5 -7 -8
leaf_value=-0.004122452534020658 0.00079965625276114452 0.025134428455821308 0.0043483363876905311 0.0061575386039597847 -0.0088117830819743111 -0.02971460107771642 -0.0096061346842886332
leaf_weight=788.09662656486034 102.34989159554243 80.436045184731483 789.50577533245087 311.48696872591972 63.598174802958965 58.497759781777859 349.39910141378641
leaf_count=2162 586 314 2061 808 670 697 1983
internal_value=-0.000573872 0.0021113 0.000113627 0.010119 -0.00978614 -0.0190273 -0.00724096
internal_weight=2543.37 1969.53 1577.6 391.923 573.845 122.096 451.749
internal_count=9281 5345 4223 1122 3936 1367 2569
is_linear=0
shrinkage=0.05


Tree=139
num_leaves=5
num_cat=0
split_feature=17 5 25 35
split_gain=6.35688 5.67787 5.51798 1.34448
threshold=-4.7749999999999995 454.77999999999992 3.3972694968124784 15.500000000000002
decision_type=2 2 2 2
left_child=-1 2 -2 -3
right_child=1 3 -4 -5
leaf_value=-0.035944404006891507 0.0014422737750224473 -0.0072153014826280854 -0.014860468159560703 -0.033614669952975018
leaf_weight=10.673415698111056 3259.8592245057225 9.2557992562651652 51.702760025858879 12.968236140906809
leaf_count=67 8848 77 165 124
internal_value=0.000877827 0.00100796 0.00118182 -0.0236193
internal_weight=3344.46 3333.79 3311.56 22.224
internal_count=9281 9214 9013 201
is_linear=0
shrinkage=0.05


Tree=140
num_leaves=8
num_cat=0
split_feature=2 34 11 17 3 19 1
split_gain=22.8949 9.87486 11.2281 9.2731 9.12267 8.76097 3.5259
threshold=-23.499999999999996 0.63068181818181823 0.95000000000000007 -2.9499999999999997 1340.2500000000002 1.4838670450929832 207.50000000000003
decision_type=2 2 2 2 2 2 2
left_child=3 4 -3 6 -2 -5 -1
right_child=1 2 -4 5 -6 -7 -8
leaf_value=0.034776019864526234 -0.014799514675153195 -0.000708384041309439 0.023968403835287335 0.00046268519438647464 -0.0034771479754708082 0.0096561562571674739 -0.011706837568952426
leaf_weight=33.533909499645233 198.52524659782648 158.03216531872749 63.837000727653503 588.2205508351326 1687.539898507297 464.06521750986576 3.9639542102813712
leaf_count=166 854 390 162 1619 4706 1366 18
internal_value=-0.000460056 -0.00350309 0.00644496 0.00541923 -0.00467879 0.00452713 0.0295559
internal_weight=3197.72 2107.93 221.869 1089.78 1886.07 1052.29 37.4979
internal_count=9281 6112 552 3169 5560 2985 184
is_linear=0
shrinkage=0.05


Tree=141
num_leaves=7
num_cat=0
split_feature=5 5 40 4 18 26
split_gain=23.4211 11.9491 12.3772 7.30235 3.45735 1.36084
threshold=99.975000000000037 -424.26000000000005 1.0000000180025095e-35 1826.1200000000001 0.38945009908130407 0.58395303971385271
decision_type=2 2 2 2 2 2
left_child=1 5 -3 4 -2 -1
right_child=3 2 -4 -5 -6 -7
leaf_value=0.012711865810354628 -0.0072789935630537253 -0.0011151782896628715 0.0082852431297306597 0.039642236820909713 -0.016925669796132203 0.030638168891290909
leaf_weight=20.029818847775459 172.18570917472243 1646.9135852083564 443.49753171205521 5.7960099428892127 214.19342470541596 34.171243593096733
leaf_count=96 1387 4654 1201 25 1755 163
internal_value=-0.000564877 0.00148907 0.000879814 -0.0117848 -0.0126695 0.0244544
internal_weight=2536.79 2144.61 2090.41 392.175 386.379 54.2011
internal_count=9281 6114 5855 3167 3142 259
is_linear=0
shrinkage=0.05


Tree=142
num_leaves=8
num_cat=0
split_feature=25 25 1 29 5 1 10
split_gain=6.10738 6.36728 5.85465 5.78676 6.294 6.21256 5.52082
threshold=0.22389042118957667 0.37510724861060135 149.50000000000003 -1.8689196936970531 -114.67500000000005 207.50000000000003 1.8944444444444446
decision_type=2 2 2 2 2 2 2
left_child=3 6 -3 5 -5 -1 -2
right_child=1 2 -4 4 -6 -7 -8
leaf_value=-0.028438365855470674 0.024398782575455871 0.0016796885887939079 -0.0057118163868404388 -0.040858196830287914 0.0042800273586306942 0.026900174551710579 -0.019820547817141668
leaf_weight=46.209941893815994 47.136809684336185 2869.5219411849976 294.27950194478035 7.7222810685634604 66.098929941654205 4.7984156832098952 7.3721477538347235
leaf_count=288 146 7498 1051 26 219 24 29
internal_value=0.000862031 0.00128554 0.000989004 -0.00994032 -0.000857931 -0.0227193 0.0180789
internal_weight=3343.14 3218.31 3163.8 124.83 73.8212 51.0084 54.509
internal_count=9281 8724 8549 557 245 312 175
is_linear=0
shrinkage=0.05


Tree=143
num_leaves=8
num_cat=0
split_feature=2 30 4 35 20 1 21
split_gain=20.9243 10.307 9.98221 9.82318 7.47703 9.32997 6.25029
threshold=-23.499999999999996 1.5000000000000002 1624.8400000000001 141.50000000000003 1.331854141535515 148.50000000000003 0.57031241784525244
decision_type=2 2 2 2 2 2 2
left_child=4 2 -2 -3 5 -1 -6
right_child=1 3 -4 -5 6 -7 -8
leaf_value=0.00028114780394878296 -0.0010142145152072933 0.0095446281425332433 -0.0083569556713892056 -0.022841391796547136 0.027600137262961972 0.01235402153948304 0.0081340770778367977
leaf_weight=672.41763596236706 938.40412370115519 223.35915085673332 916.34707298129797 25.11418554186821 57.888170383870602 209.40327843278646 146.63234356045723
leaf_count=1787 2585 553 2918 56 182 762 438
internal_value=-0.000452652 -0.00336421 -0.00464717 0.00617277 0.00517761 0.00316447 0.0137756
internal_weight=3189.57 2103.22 1854.75 248.473 1086.34 881.821 204.521
internal_count=9281 6112 5503 609 3169 2549 620
is_linear=0
shrinkage=0.05


Tree=144
num_leaves=8
num_cat=0
split_feature=5 5 5 40 28 1 26
split_gain=22.1348 11.0296 8.66258 8.68342 7.16841 5.40872 1.84394
threshold=-99.840000000000018 145.75000000000003 -467.03999999999991 1.0000000180025095e-35 3.3684188689940764 98.500000000000014 1.8522609035427327
decision_type=2 2 2 2 2 2 2
left_child=2 4 6 -4 -2 -3 -1
right_child=1 5 3 -5 -6 -7 -8
leaf_value=0.033958523440351419 -0.0031633938630572255 -0.0067760518352243089 0.0019152720113961936 0.014288667934248539 0.02917101173897866 -0.021488784217202447 0.0049960326407786013
leaf_weight=28.796682506799698 1119.4417871907353 127.48502160608768 938.59613458812237 166.46683098375797 16.387881048023701 126.69635339453816 7.7275827080011359
leaf_count=147 3962 959 2262 405 56 1452 38
internal_value=-0.000548418 -0.00478561 0.00460614 0.00379496 -0.00266722 -0.0141847 0.0282605
internal_weight=2531.6 1390.01 1141.59 1105.06 1135.83 254.181 36.5243
internal_count=9281 6429 2852 2667 4018 2411 185
is_linear=0
shrinkage=0.05


Tree=145
num_leaves=8
num_cat=0
split_feature=25 25 5 2 8 14 16
split_gain=5.66676 5.93607 5.72613 6.62487 5.7229 5.53978 1.73167
threshold=0.22389042118957667 0.37510724861060135 -9.1500000000000892 -71.499999999999986 -5.2999999999999998 -1.6333333333333331 0.89444444444444449
decision_type=2 2 2 2 2 2 2
left_child=2 5 6 -4 -3 -2 -1
right_child=1 4 3 -5 -6 -7 -8
leaf_value=-0.036466149235457941 0.036860982432081177 -0.036577739195720632 -0.024154681051560451 0.0044467880992990119 0.0010791649927899033 0.0043254870235056369 -0.0051001529368460393
leaf_weight=20.509161427617077 21.173502758145332 9.1156547591090185 27.358881182968616 69.422258645296097 3153.9738229736686 33.680792920291424 6.475847713649272
leaf_count=68 79 47 222 247 8502 96 20
internal_value=0.000838465 0.00124484 -0.00961263 -0.00375171 0.000957536 0.0174087 -0.0295688
internal_weight=3341.71 3217.94 123.766 96.7811 3163.09 54.8543 26.985
internal_count=9281 8724 557 469 8549 175 88
is_linear=0
shrinkage=0.05


Tree=146
num_leaves=8
num_cat=0
split_feature=2 2 17 19 34 8 1
split_gain=19.1464 8.8245 8.63505 7.90565 6.5237 4.60174 3.38303
threshold=-23.499999999999996 65.500000000000014 -2.9499999999999997 1.4838670450929832 0.63068181818181823 -2.4499999999999997 207.50000000000003
decision_type=2 2 2 2 2 2 2
left_child=2 4 6 -4 -2 -3 -1
right_child=1 5 3 -5 -6 -7 -8
leaf_value=0.03401074381665399 -0.0031384005201724311 -0.030919482432969315 0.00024080417285316592 0.0089979305827391359 0.0060579509475193298 -0.0095700354822834365 -0.011579958442700444
leaf_weight=32.134397186338902 1641.230379909277 28.404255770146847 586.56881266087294 460.49161151796579 217.25224752724171 211.76877126842737 3.967565342783927
leaf_count=166 4367 222 1619 1366 537 986 18
internal_value=-0.000442634 -0.00323014 0.00495162 0.00410182 -0.002058 -0.0122334 0.0286885
internal_weight=3181.82 2098.66 1083.16 1047.06 1858.48 240.173 36.102
internal_count=9281 6112 3169 2985 4904 1208 184
is_linear=0
shrinkage=0.05


Tree=147
num_leaves=8
num_cat=0
split_feature=5 5 8 5 35 1 28
split_gain=20.3986 10.5755 9.079 8.57034 5.58698 5.24941 5.10898
threshold=-107.61999999999999 145.75000000000003 -3.3666666666666658 -446.38499999999982 205.50000000000003 98.500000000000014 3.3684188689940764
decision_type=2 2 2 2 2 2 2
left_child=2 6 4 -4 -1 -3 -2
right_child=1 5 3 -5 -6 -7 -8
leaf_value=0.033017520816275042 -0.0029073281512449986 -0.0065016569111772463 0.027150232188373414 0.0026752972454252063 -0.0071436831777368162 -0.021107253335939789 0.02351233886492067
leaf_weight=41.107802398502827 1160.1273664683104 126.44606988877058 36.166759207844734 1009.5095915645361 10.262013807892798 123.79294078797102 17.564011633396149
leaf_count=147 4071 959 174 2390 30 1452 58
internal_value=-0.000544185 -0.00448373 0.00457844 0.00355172 0.0249159 -0.0138022 -0.00248945
internal_weight=2524.98 1427.93 1097.05 1045.68 51.3698 250.239 1177.69
internal_count=9281 6540 2741 2564 177 2411 4129
is_linear=0
shrinkage=0.05


Tree=148
num_leaves=5
num_cat=0
split_feature=17 19 8 22
split_gain=5.80272 5.1428 10.626 7.01916
threshold=-4.7749999999999995 2.5233652071737946 2.4500000000000006 2.9583199529797937
decision_type=2 2 2 2
left_child=-1 2 -2 -3
right_child=1 3 -4 -5
leaf_value=-0.035422725884313985 0.0012518738579393102 -0.011210232115030501 0.036182845172049193 0.0076497468055560045
leaf_weight=9.9974944554269296 3065.0495137535036 177.61385081708431 20.941536091268063 67.030833043158054
leaf_count=67 8431 543 56 184
internal_value=0.000826174 0.000947081 0.00150218 -0.00601228
internal_weight=3340.63 3330.64 3085.99 244.645
internal_count=9281 9214 8487 727
is_linear=0
shrinkage=0.05


Tree=149
num_leaves=7
num_cat=0
split_feature=5 40 5 22 13 5
split_gain=21.4529 12.0938 8.54211 7.14024 3.53085 3.90796
threshold=-146.03499999999994 1.0000000180025095e-35 139.43499999999997 0.65344439883533212 0.22500000000000003 -424.26000000000005
decision_type=2 2 2 2 2 2
left_child=4 2 -2 -3 -1 -6
right_child=1 3 -4 -5 5 -7
leaf_value=0.027313635212077431 0.00093738809510055833 0.017932347884419671 0.007823858814995515 -0.0064077847035443241 -0.030090718800338007 -0.0094602873476387662
leaf_weight=5.2385162785649291 1454.4397782832384 30.831973910331726 652.83249534666538 548.30693066865206 23.724794916808605 458.6442282423377
leaf_count=22 3520 89 2126 1397 257 1870
internal_value=-0.000435012 0.00131568 0.00307589 -0.00507468 -0.0100734 -0.0105455
internal_weight=3174.02 2686.41 2107.27 579.139 487.608 482.369
internal_count=9281 7132 5646 1486 2149 2127
is_linear=0
shrinkage=0.05


Tree=150
num_leaves=8
num_cat=0
split_feature=5 25 0 17 2 20 5
split_gain=19.0292 11.2503 10.3683 5.02703 6.52765 4.93613 4.45991
threshold=53.149999999999984 3.0706825820970884 149.50000000000003 0.35416666666666669 -1.4999999999999998 1.7287492182395399 145.75000000000003
decision_type=2 2 2 2 2 2 2
left_child=1 2 -1 6 -5 -3 -2
right_child=3 5 -4 4 -6 -7 -8
leaf_value=-0.00081207582329008519 -0.0065222946239212737 0.028514498263178086 0.0084272740342400086 -0.0051933772731971957 0.024384521834880917 -0.0025790490847665041 -0.017413692589823653
leaf_weight=1515.952438980341 195.63283405452967 53.698938950896263 378.46507667005062 150.93923731148243 20.244669646024704 16.0711969435215 187.27897813171148
leaf_count=4064 1016 157 1082 843 80 42 1997
internal_value=-0.000538052 0.00176912 0.00103459 -0.00871411 -0.00154507 0.0213464 -0.0118937
internal_weight=2518.28 1964.19 1894.42 554.096 171.184 69.7701 382.912
internal_count=9281 5345 5146 3936 923 199 3013
is_linear=0
shrinkage=0.05


Tree=151
num_leaves=5
num_cat=0
split_feature=17 16 5 21
split_gain=5.57128 5.10518 5.13901 4.73908
threshold=-4.7749999999999995 3.4142857142857146 454.77999999999992 0.42617388100843229
decision_type=2 2 2 2
left_child=-1 2 -2 -3
right_child=1 3 -4 -5
leaf_value=-0.035140028520071288 0.0013018904938616254 -0.00035774505651375713 -0.022852717041185248 -0.037149219280550552
leaf_weight=9.7319232225418073 3273.9049230515957 18.847080551087856 21.151634059846401 15.839490205049513
leaf_count=67 8898 60 201 55
internal_value=0.000816515 0.000933626 0.00113843 -0.0178687
internal_weight=3339.48 3329.74 3295.06 34.6866
internal_count=9281 9214 9099 115
is_linear=0
shrinkage=0.05


Tree=152
num_leaves=8
num_cat=0
split_feature=5 40 4 28 2 20 19
split_gain=19.758 10.9795 8.6111 7.66696 3.212 4.46629 2.10082
threshold=-154.02499999999995 1.0000000180025095e-35 1606.5700000000002 0.18284393275600494 7.5000000000000009 -2.88950456356396 1.4721662216422939
decision_type=2 2 2 2 2 2 2
left_child=4 2 -2 -3 6 -6 -1
right_child=1 3 -4 -5 5 -7 -8
leaf_value=-0.0017522747666536477 0.0051094863425576514 0.033971887053612697 -0.0015969840272833146 -0.005736836341331852 -0.030660460815200914 -0.0095982662742594826 0.033933576885217677
leaf_weight=10.776354372501375 1411.2994557097554 11.402928024530409 721.98447233438492 572.06278412789106 26.414107799530029 406.59566605836153 5.3659535944461814
leaf_count=34 3987 32 1751 1474 204 1780 19
internal_value=-0.000431666 0.00117388 0.00283773 -0.00489544 -0.0101351 -0.0109623 0.0111061
internal_weight=3165.9 2716.75 2133.28 583.466 449.152 433.01 16.1423
internal_count=9281 7244 5738 1506 2037 1984 53
is_linear=0
shrinkage=0.05


Tree=153
num_leaves=8
num_cat=0
split_feature=5 40 5 40 5 29 13
split_gain=17.7375 9.03205 7.72767 8.02506 7.55336 7.24798 2.27143
threshold=-99.840000000000018 1.0000000180025095e-35 -467.03999999999991 1.0000000180025095e-35 143.12500000000003 -0.14524188683101352 2.7083333333333335
decision_type=2 2 2 2 2 2 2
left_child=2 4 6 -4 -2 -3 -1
right_child=1 5 3 -5 -6 -7 -8
leaf_value=0.033206646082294615 -0.0046397758663778805 -0.0094893555134521884 0.0015289729842318707 0.013430085216493613 -0.01556923042879243 0.0065656627448085888 0.00010550272490099068
leaf_weight=27.735032670199871 813.85031644254923 93.843113780021667 938.30489386618137 166.23803976923227 196.60013486072421 269.56351476162672 6.7019436359405509
leaf_count=151 3017 414 2262 405 2064 934 34
internal_value=-0.000528505 -0.00435374 0.00408095 0.00333519 -0.00678452 0.00239136 0.0270905
internal_weight=2512.84 1373.86 1138.98 1104.54 1010.45 363.407 34.437
internal_count=9281 6429 2852 2667 5081 1348 185
is_linear=0
shrinkage=0.05


Tree=154
num_leaves=8
num_cat=0
split_feature=13 11 29 31 1 22 1
split_gain=5.03967 5.37343 5.0914 4.64056 4.16695 4.01363 2.38392
threshold=0.29166666666666669 -3.9499999999999997 1.6118936202306051 1.0000000180025095e-35 149.50000000000003 1.0931818502933568 173.50000000000003
decision_type=2 2 2 2 2 2 2
left_child=3 6 -3 5 -5 -1 -2
right_child=1 2 -4 4 -6 -7 -8
leaf_value=-0.0030829669312920967 -0.027773609030383312 0.001875754512344106 -0.0064893965415303446 -0.0047317980783059396 0.035427405901025021 -0.024021570920704588 0.0088334936695673161
leaf_weight=43.285502426326275 21.597965892404321 2999.4963000714779 192.44611560553312 18.579963013529781 8.62232458591461 49.923966094851494 4.7912888377904883
leaf_count=185 108 8078 535 57 38 263 17
internal_value=0.000799408 0.00117769 0.00136797 -0.00919646 0.00862503 -0.0144869 -0.0208647
internal_weight=3338.74 3218.33 3191.94 120.412 27.2023 93.2095 26.3893
internal_count=9281 8738 8613 543 95 448 125
is_linear=0
shrinkage=0.05


Tree=155
num_leaves=8
num_cat=0
split_feature=5 40 5 28 16 1 5
split_gain=18.3554 10.2051 7.85415 7.20604 3.26648 6.87621 3.36312
threshold=-154.02499999999995 1.0000000180025095e-35 454.77999999999992 0.18284393275600494 0.78888888888888908 62.500000000000007 -424.26000000000005
decision_type=2 2 2 2 2 2 2
left_child=4 2 -2 -3 5 -1 -6
right_child=1 3 -4 -5 6 -7 -8
leaf_value=0.04976345289208306 0.0023527986398887537 0.03296769579788799 0.027677940395530717 -0.0055503218974457371 -0.029569040846375391 -0.0079494872088387066 -0.0097275718506231873
leaf_weight=6.0509147271513966 2100.498831063509 11.388151198625563 30.123328886926174 571.38540539890528 22.202202688902617 18.180512204766273 398.98628345876932
leaf_count=29 5532 32 206 1474 256 70 1682
internal_value=-0.000422886 0.00112081 0.00272601 -0.00473388 -0.00981936 0.00766515 -0.0108529
internal_weight=3158.82 2713.4 2130.62 582.774 445.42 24.2314 421.188
internal_count=9281 7244 5738 1506 2037 99 1938
is_linear=0
shrinkage=0.05


Tree=156
num_leaves=8
num_cat=0
split_feature=5 25 8 20 17 2 8
split_gain=16.6331 10.2113 9.91741 4.59872 4.56816 6.04091 4.50956
threshold=53.149999999999984 3.0706825820970884 -3.7749999999999995 1.7287492182395399 0.35416666666666669 -1.4999999999999998 1.0000000180025095e-35
decision_type=2 2 2 2 2 2 2
left_child=1 2 -1 -3 6 -6 -2
right_child=4 3 -4 -5 5 -7 -8
leaf_value=0.022232399642808695 -0.0048839090700815149 0.027186259442016622 0.00030496257584170335 -0.0028004709711476625 -0.004959259902570793 0.02334113190915911 -0.016052312042114828
leaf_weight=52.074889272451401 160.33437268063426 53.735768206417561 1838.9209677278996 16.072347581386566 149.95722407102585 20.528104066848755 214.77585915476084
leaf_count=168 1179 157 4978 42 843 80 1834
internal_value=-0.000523032 0.00162419 0.000922882 0.0202696 -0.00823788 -0.00140622 -0.0113175
internal_weight=2506.4 1960.8 1891 69.8081 545.596 170.485 375.11
internal_count=9281 5345 5146 199 3936 923 3013
is_linear=0
shrinkage=0.05


Tree=157
num_leaves=7
num_cat=0
split_feature=5 3 21 4 8 23
split_gain=4.79945 4.89982 10.6616 9.22822 1.56855 4.47249
threshold=454.77999999999992 1585.2200000000003 0.094803530525893923 1812.5550000000003 1.3666666666666669 1.1484763724931943
decision_type=2 2 2 2 2 2
left_child=1 3 -3 -1 -2 -6
right_child=4 2 -4 -5 5 -7
leaf_value=-0.00026854281453179757 -0.03299347201793329 0.032658816431259403 0.0023304898218886329 -0.020949884154370428 0.037105558504940052 -0.030487455222286627
leaf_weight=1618.5368019416928 12.677403811365368 28.548506945371628 1615.1868628226221 54.823347806930542 2.9993407726287824 5.2711274661123753
leaf_count=4440 144 68 4341 217 25 46
internal_value=0.000785573 0.000940937 0.00287981 -0.000961208 -0.0225105 -0.0040767
internal_weight=3338.04 3317.1 1643.74 1673.36 20.9479 8.27047
internal_count=9281 9066 4409 4657 215 71
is_linear=0
shrinkage=0.05


Tree=158
num_leaves=7
num_cat=0
split_feature=5 40 23 22 13 35
split_gain=16.965 9.51908 7.55017 6.73714 5.13994 3.8291
threshold=-143.62499999999986 1.0000000180025095e-35 -0.013203988875974149 0.69197414246219313 0.22500000000000003 5.5000000000000009
decision_type=2 2 2 2 2 2
left_child=4 2 -2 -3 -1 -6
right_child=1 3 -4 -5 5 -7
leaf_value=0.033678099843422953 -0.00082164072580385528 0.0153196021840772 0.0052682809556028418 -0.005991253098925375 -0.015185834916204663 -0.0059709008981841455
leaf_weight=5.9577161446213713 871.75792747735977 38.764905706048012 1216.8629860132933 537.78333614766598 187.27209137380123 294.09954510629177
leaf_count=24 2269 110 3343 1373 838 1324
internal_value=-0.000414337 0.00115339 0.00272487 -0.00452569 -0.00898319 -0.00959028
internal_weight=3152.5 2665.17 2088.62 576.548 487.329 481.372
internal_count=9281 7095 5612 1483 2186 2162
is_linear=0
shrinkage=0.05


Tree=159
num_leaves=8
num_cat=0
split_feature=2 40 8 2 2 36 33
split_gain=13.6947 10.8972 8.55699 6.79944 6.51655 6.63332 2.48951
threshold=9.5000000000000018 1.0000000180025095e-35 -0.89999999999999991 37.500000000000007 -63.499999999999993 237.50000000000003 1.0000000180025095e-35
decision_type=2 2 2 2 2 2 2
left_child=4 2 -2 -3 6 -6 -1
right_child=1 3 -4 -5 5 -7 -8
leaf_value=-0.0061391794000308737 0.0061515576512066262 0.0039955629421763944 -0.0024741451098405356 0.021015162438495327 -0.004889701087591204 0.010226296268636234 -0.02243883075812507
leaf_weight=38.624355729669333 451.7590581998229 121.30489042401314 786.19694069772959 115.3775253072381 842.43276362493634 78.289313927292824 67.333669938147068
leaf_count=440 1250 305 1987 300 3753 362 884
internal_value=-0.000524707 0.0025595 0.000671964 0.0123668 -0.00495766 -0.00358926 -0.0166569
internal_weight=2501.32 1474.64 1237.96 236.682 1026.68 920.722 105.958
internal_count=9281 3842 3237 605 5439 4115 1324
is_linear=0
shrinkage=0.05


Tree=160
num_leaves=5
num_cat=0
split_feature=17 19 8 21
split_gain=5.26614 4.8135 9.91755 7.34265
threshold=-4.7749999999999995 2.5233652071737946 2.4500000000000006 0.89847989582099919
decision_type=2 2 2 2
left_child=-1 2 -2 -3
right_child=1 3 -4 -5
leaf_value=-0.034794535558685717 0.0011727123846140765 -0.0089245396284001466 0.034750222651920321 0.018482377017163237
leaf_weight=9.3716575764119607 3063.2604503780603 217.37513168901205 21.164616845548153 26.476993687450886
leaf_count=67 8431 655 56 72
internal_value=0.000767313 0.000879369 0.00141592 -0.005865
internal_weight=3337.65 3328.28 3084.43 243.852
internal_count=9281 9214 8487 727
is_linear=0
shrinkage=0.05


Tree=161
num_leaves=8
num_cat=0
split_feature=5 1 36 40 5 19 5
split_gain=15.9459 8.20013 8.91831 6.23695 5.66365 4.49921 3.23186
threshold=-37.730000000000011 148.50000000000003 6.5000000000000009 1.0000000180025095e-35 -200.63999999999996 1.8834117104166377 -212.44500000000002
decision_type=2 2 2 2 2 2 2
left_child=4 3 -3 -2 6 -6 -1
right_child=1 2 -4 -5 5 -7 -8
leaf_value=-0.0094590575823532506 0.0023020119520869814 -0.00029989108378755978 0.015666361747718766 -0.0051191974244959929 -0.0014972182937084075 -0.011753821985765694 -0.027128907320618817
leaf_weight=255.34954011812806 1343.15502384305 148.37297979742289 209.82062146067619 357.45892475545406 677.6309440433979 126.46891124546528 28.743504956364632
leaf_count=1370 3410 454 752 856 1971 357 111
internal_value=-0.000395109 0.00219061 0.00905639 0.000737088 -0.00528927 -0.00312918 -0.0113533
internal_weight=3147 2058.81 358.194 1700.61 1088.19 804.1 284.093
internal_count=9281 5472 1206 4266 3809 2328 1481
is_linear=0
shrinkage=0.05


Tree=162
num_leaves=8
num_cat=0
split_feature=5 8 5 28 14 34 25
split_gain=14.8009 10.4965 8.50674 5.85418 4.26313 5.0827 4.2804
threshold=113.51000000000001 -3.7749999999999995 -424.26000000000005 0.76545079059538479 1.3666666666666669 0.5277777777777779 1.7602392716671165
decision_type=2 2 2 2 2 2 2
left_child=1 3 -3 -1 5 -2 -6
right_child=4 2 -4 -5 6 -7 -8
leaf_value=-0.0024036796461360389 -0.0068905494592521894 0.022010744991056663 -6.8281755923475161e-05 0.032589079486908909 -0.030460724448742978 -0.020493847442066566 0.016048047959086747
leaf_weight=16.495817303657532 174.50421255081892 43.553194366395473 2077.0321557149291 38.982436813414097 5.1126300394535091 115.88657983019948 24.688861936330795
leaf_count=44 1503 219 5962 141 30 1230 152
internal_value=-0.000514173 0.000962165 0.000392988 0.0222375 -0.0105349 -0.0123881 0.00717696
internal_weight=2496.26 2176.06 2120.59 55.4783 320.192 290.391 29.8015
internal_count=9281 6366 6181 185 2915 2733 182
is_linear=0
shrinkage=0.05


Tree=163
num_leaves=5
num_cat=0
split_feature=2 25 25 5
split_gain=4.64477 4.70652 5.65876 5.60758
threshold=149.50000000000003 0.22389042118957667 0.37510724861060135 -9.1500000000000892
decision_type=2 2 2 2
left_child=1 3 -3 -1
right_child=-2 2 -4 -5
leaf_value=-0.028722445266702579 -0.033078835669336032 0.016982361523442732 0.00094286863108959814 -0.0029172653994239215
leaf_weight=26.39986389875412 9.1074344813823682 55.021042130887508 3151.6697511076927 94.627826806157827
leaf_count=88 86 175 8463 469
internal_value=0.00075307 0.000857075 0.00122484 -0.00877639
internal_weight=3336.83 3327.72 3206.69 121.028
internal_count=9281 9195 8638 557
is_linear=0
shrinkage=0.05


Tree=164
num_leaves=8
num_cat=0
split_feature=2 30 36 17 22 14 0
split_gain=13.0935 8.52097 9.70841 7.73039 7.62437 7.42956 3.31938
threshold=-23.499999999999996 1.5000000000000002 6.5000000000000009 -2.9499999999999997 1.4809457462280677 1.5500000000000003 171.50000000000003
decision_type=2 2 2 2 2 2 2
left_child=3 5 -3 6 -5 -2 -1
right_child=1 2 -4 4 -6 -7 -8
leaf_value=0.032640892580197603 -0.0025748662358272517 0.015971708165919793 -0.0037432755267251005 -0.00063944777377269828 0.0079573504090947548 -0.011653481077885596 -0.014592588587836911
leaf_weight=30.240389212965965 1560.6396958380938 121.90953648090363 125.67834496498108 559.05737511813641 476.03501224517822 263.25320169329643 3.489845559000968
leaf_count=173 4612 310 299 1565 1420 891 11
internal_value=-0.000389837 -0.00271009 0.00596925 0.00410068 0.00331323 -0.00389364 0.0273305
internal_weight=3140.3 2071.48 247.588 1068.82 1035.09 1823.89 33.7302
internal_count=9281 6112 609 3169 2985 5503 184
is_linear=0
shrinkage=0.05


Tree=165
num_leaves=8
num_cat=0
split_feature=2 40 24 0 1 35 25
split_gain=11.9173 10.1569 8.40871 6.41231 6.27583 9.06554 6.81965
threshold=9.5000000000000018 1.0000000180025095e-35 0.16826845492537421 149.50000000000003 98.500000000000014 132.50000000000003 3.3972694968124784
decision_type=2 2 2 2 2 2 2
left_child=4 2 -2 -3 5 -1 -6
right_child=1 3 -4 -5 6 -7 -8
leaf_value=-0.0035869514382172252 0.013388724059539512 0.0070156376282430599 -0.00077610850851369216 0.026141205363453348 -0.010393924807043507 0.015603501430830191 0.027891222141194577
leaf_weight=527.6031467653811 114.52220360934734 178.3138307929039 1121.9727724194527 58.239470779895782 411.21325427666306 68.608845293521881 10.964808650314806
leaf_count=2424 324 435 2913 170 2661 306 48
internal_value=-0.000507132 0.00236542 0.000541534 0.0118356 -0.00466527 -0.00134782 -0.00932421
internal_weight=2491.44 1473.05 1236.49 236.553 1018.39 596.212 422.178
internal_count=9281 3842 3237 605 5439 2730 2709
is_linear=0
shrinkage=0.05


Tree=166
num_leaves=5
num_cat=0
split_feature=17 16 21 2
split_gain=4.95801 4.59729 4.6115 4.43784
threshold=-4.7749999999999995 3.4142857142857146 0.42617388100843229 149.50000000000003
decision_type=2 2 2 2
left_child=-1 3 -3 -2
right_child=1 2 -4 -5
leaf_value=-0.034423439541582314 0.0011333869947730295 0 -0.036438794953194353 -0.032783680840008669
leaf_weight=8.9924026541411859 3284.1657949462533 18.655001506209373 15.460133507847784 8.6647012419998628
leaf_count=67 9014 60 55 85
internal_value=0.000732816 0.000839658 -0.0171489 0.00103269
internal_weight=3335.94 3326.95 34.1151 3292.83
internal_count=9281 9214 115 9099
is_linear=0
shrinkage=0.05


Tree=167
num_leaves=8
num_cat=0
split_feature=5 40 4 22 10 5 27
split_gain=14.2288 8.11655 7.45244 6.93214 3.3449 3.38858 2.34977
threshold=-154.02499999999995 1.0000000180025095e-35 1606.5700000000002 0.62202666670556661 2.0500000000000003 -322.17999999999989 0.69047092538063326
decision_type=2 2 2 2 2 2 2
left_child=4 2 -2 -3 5 -1 -6
right_child=1 3 -4 -5 6 -7 -8
leaf_value=-0.017697220013523814 0.0045341450451729772 0.019191517900622124 -0.0017162540008786678 -0.0055295705920353263 -0.035588947091708518 -0.005549123158533998 0
leaf_weight=69.338970210403204 1400.4716791287065 28.848664849996567 720.80250814557076 551.11905205249786 17.652051605284218 340.21199154108763 6.1632588654756537
leaf_count=583 3987 84 1751 1422 65 1367 22
internal_value=-0.000375164 0.000973466 0.00240811 -0.00426037 -0.00877579 -0.00765613 -0.0267446
internal_weight=3134.61 2701.24 2121.27 579.968 433.366 409.551 23.8153
internal_count=9281 7244 5738 1506 2037 1950 87
is_linear=0
shrinkage=0.05


Tree=168
num_leaves=8
num_cat=0
split_feature=30 25 8 2 14 21 9
split_gain=11.4379 9.25293 8.83875 7.15442 6.84586 6.7619 2.70546
threshold=1.0000000180025095e-35 3.3972694968124784 -3.8999999999999995 -51.499999999999993 3.1000000000000005 0.87138049880353274 0.41428571428571431
decision_type=2 2 2 2 2 2 2
left_child=1 2 -1 6 -3 -5 -2
right_child=3 4 -4 5 -6 -7 -8
leaf_value=0.023237330292037964 -0.0074599019668520729 0.050288195269031923 0.00052286980549880581 -0.003164631578832516 0.0068456700992562611 -0.035386542100237034 -0.02684449538193398
leaf_weight=42.958771757781506 30.507045175880194 15.547324378043411 1700.0812843814492 610.09547468274832 21.59303492307663 15.785176809877155 50.503700729459524
leaf_count=147 346 57 5654 2283 66 70 658
internal_value=-0.000499489 0.00163528 0.00109856 -0.0058773 0.0260039 -0.00404042 -0.0197856
internal_weight=2487.07 1780.18 1743.04 706.891 37.1404 625.881 81.0107
internal_count=9281 5924 5801 3357 123 2353 1004
is_linear=0
shrinkage=0.05


Tree=169
num_leaves=4
num_cat=0
split_feature=17 17 25
split_gain=4.75573 5.03821 5.20023
threshold=-4.7749999999999995 -4.3166666666666655 0.19949966466915328
decision_type=2 2 2
left_child=-1 -2 -3
right_child=1 2 -4
leaf_value=-0.034146016869521491 0.040607271507121623 -0.011014772735363589 0.0010558059860228325
leaf_weight=8.7485190033912641 6.9417572245001784 90.71540704742074 3229.060796558857
leaf_count=67 29 399 8786
internal_value=0.000714742 0.000818154 0.000721245
internal_weight=3335.47 3326.72 3319.78
internal_count=9281 9214 9185
is_linear=0
shrinkage=0.05


Tree=170
num_leaves=8
num_cat=0
split_feature=2 30 35 17 28 14 2
split_gain=11.4656 7.8751 9.17886 7.27844 7.44299 6.84359 2.06661
threshold=-23.499999999999996 1.5000000000000002 36.500000000000007 -2.9499999999999997 1.7836923775614968 1.5500000000000003 -30.499999999999996
decision_type=2 2 2 2 2 2 2
left_child=3 5 -3 6 -5 -2 -1
right_child=1 2 -4 4 -6 -7 -8
leaf_value=0.031467511290743405 -0.0024158053172631143 0.011853307690542228 -0.0093725757470914852 0.0017013089709229903 0.016141150670732171 -0.011164851863851659 -0.003740647093995856
leaf_weight=28.483447566628456 1555.9109396338463 177.41314993798733 70.176324486732483 934.37343101203442 97.889454558491707 260.87579472735524 4.333599478006362
leaf_count=170 4612 445 164 2718 267 891 14
internal_value=-0.00036319 -0.00253819 0.00580347 0.00384621 0.00308977 -0.0036803 0.0266972
internal_weight=3129.46 2064.38 247.589 1065.08 1032.26 1816.79 32.817
internal_count=9281 6112 609 3169 2985 5503 184
is_linear=0
shrinkage=0.05


Tree=171
num_leaves=8
num_cat=0
split_feature=5 8 5 28 17 29 36
split_gain=12.6168 9.19974 7.77204 5.56118 4.06714 4.999 2.87804
threshold=109.11000000000014 -3.7749999999999995 -424.26000000000005 0.76545079059538479 -1.1339285714285712 -1.2805837294826867 1168.0000000000002
decision_type=2 2 2 2 2 2 2
left_child=1 3 -3 -1 6 -6 -2
right_child=4 2 -4 -5 5 -7 -8
leaf_value=-0.0029750417076448701 -0.021766136107728627 0.021310948039783575 -7.2691472623956138e-05 0.03126471031703755 0.028475642830668231 -0.0079617664286031412 0.031833048837412711
leaf_weight=16.423874497413635 70.859764706343412 42.378457896411419 2061.0349774807692 38.089892327785492 8.7696547806262952 244.69737562909722 1.6691553033888329
leaf_count=44 888 219 5890 141 89 1994 16
internal_value=-0.000485846 0.000898521 0.000365681 0.0209911 -0.00963966 -0.00657448 -0.0200485
internal_weight=2483.92 2157.93 2103.41 54.5138 325.996 253.467 72.5289
internal_count=9281 6294 6109 185 2987 2083 904
is_linear=0
shrinkage=0.05


Tree=172
num_leaves=8
num_cat=0
split_feature=19 8 25 21 25 26 4
split_gain=4.44294 8.93086 7.7798 6.81978 11.8694 8.86446 5.21259
threshold=2.5233652071737946 2.4500000000000006 3.3972694968124784 0.89847989582099919 1.3891913762639976 0.94650505323762479 1611.8200000000002
decision_type=2 2 2 2 2 2 2
left_child=1 2 -1 5 -5 -2 -3
right_child=3 6 -4 4 -6 -7 -8
leaf_value=0.0012448689227310909 -0.016551909984868673 0.0069676847993511417 -0.02243392354527286 0.045930212658010339 -0.018958801403028285 0.0042190253534386849 0.056308931799978326
leaf_weight=3035.7961183451116 135.53913833200932 11.137981928884985 34.07359441742301 14.949119344353678 11.724243342876433 81.279968991875648 10.46655350923538
leaf_count=8371 451 37 121 38 34 209 20
internal_value=0.000691639 0.00120577 0.000973201 -0.00579377 0.0175732 -0.00875884 0.0325263
internal_weight=3334.97 3091.47 3069.87 243.492 26.6734 216.819 21.6045
internal_count=9281 8549 8492 732 72 660 57
is_linear=0
shrinkage=0.05


Tree=173
num_leaves=7
num_cat=0
split_feature=5 40 4 22 2 3
split_gain=12.8108 7.35919 7.12031 6.71806 3.78857 3.69475
threshold=-172.13999999999996 1.0000000180025095e-35 1606.5700000000002 0.69197414246219313 -2.4999999999999996 1513.0100000000002
decision_type=2 2 2 2 2 2
left_child=4 2 -2 -3 -1 -6
right_child=1 3 -4 -5 5 -7
leaf_value=0.034692565071149047 0.0042515606052667227 0.015375777253961801 -0.001752587982483257 -0.0056000540041645916 -0.013248952189404287 -0.0024212060084539636
leaf_weight=3.8637394607067099 1415.4921191781759 39.961973771452904 755.9211518317461 547.79305063933134 242.43636115267873 119.07992652058601
leaf_count=12 4050 116 1876 1425 1330 472
internal_value=-0.000350337 0.000814183 0.00215923 -0.0041417 -0.00913609 -0.00971271
internal_weight=3124.55 2759.17 2171.41 587.755 365.38 361.516
internal_count=9281 7467 5926 1541 1814 1802
is_linear=0
shrinkage=0.05


Tree=174
num_leaves=8
num_cat=0
split_feature=5 40 12 5 1 36 27
split_gain=11.9275 8.58458 7.07108 6.50644 4.88945 3.89192 3.73783
threshold=-107.61999999999999 1.0000000180025095e-35 1.0000000180025095e-35 145.75000000000003 98.500000000000014 722.50000000000011 0.57451358794777563
decision_type=2 2 2 2 2 2 2
left_child=1 2 -1 5 -5 -2 -3
right_child=3 6 -4 4 -6 -7 -8
leaf_value=0.022522992309887066 -0.0024289028522465122 0.020787470200443008 0.00068170794129970044 -0.004114186685380372 -0.018893815394139306 0.018744030656360697 0.0050963293501845161
leaf_weight=37.701497741043568 1142.3156994655728 90.507984891533852 892.99553177505732 117.81493248417974 108.75747460126877 21.086632445454597 67.987701781094074
leaf_count=101 4044 235 2242 959 1452 85 163
internal_value=-0.000474022 0.00343969 0.00159507 -0.00354469 -0.0112824 -0.00202508 0.0141622
internal_weight=2479.17 1089.19 930.697 1389.97 226.572 1163.4 158.496
internal_count=9281 2741 2343 6540 2411 4129 398
is_linear=0
shrinkage=0.05


Tree=175
num_leaves=7
num_cat=0
split_feature=5 29 26 24 11 22
split_gain=4.26214 4.32392 6.25946 5.51009 1.60088 4.95988
threshold=454.77999999999992 1.6118936202306051 0.80536385397220023 0.79265968676136389 1.2928571428571431 1.9504495993001383
decision_type=2 2 2 2 2 2
left_child=1 3 -3 -1 -2 -6
right_child=4 2 -4 -5 5 -7
leaf_value=0.00080210644175263959 -0.032687141759361618 -0.039923136149557774 -0.00395837175830806 0.0107627046871119 0.042985823364203146 -0.030022041847743389
leaf_weight=2977.0659063570201 11.982586648315193 12.056452542543409 180.32383765280247 144.79242333397269 2.6655835323035699 5.3369278609752655
leaf_count=8171 145 36 508 351 17 53
internal_value=0.000675158 0.000818597 -0.00643293 0.00126898 -0.0217794 -0.00307463
internal_weight=3334.22 3314.24 192.38 3121.86 19.9851 8.00251
internal_count=9281 9066 544 8522 215 70
is_linear=0
shrinkage=0.05


Tree=176
num_leaves=8
num_cat=0
split_feature=5 14 11 0 10 2 27
split_gain=11.9147 6.51591 7.59965 5.00072 3.30226 4.25736 2.31209
threshold=-154.02499999999995 -3.8999999999999995 -1.8944444444444442 177.50000000000003 2.0500000000000003 -5.4999999999999991 0.69047092538063326
decision_type=2 2 2 2 2 2 2
left_child=4 3 -3 -2 5 -1 -6
right_child=1 2 -4 -5 6 -7 -8
leaf_value=0.041658310498791457 0.032225806809304557 -0.01315127966650852 0.0011170237259475746 -0.010688979663065715 -0.035137548733043533 -0.0075251811915737479 0
leaf_weight=3.4399194717407218 26.829714179039001 95.819193407893181 2562.439313493669 8.2232799977064115 17.114541374146942 399.06800484284759 6.1139696389436713
leaf_count=11 131 258 6834 21 65 1939 22
internal_value=-0.000343312 0.000884595 0.000596078 0.0220023 -0.00810693 -0.00699026 -0.0261633
internal_weight=3119.05 2693.31 2658.26 35.053 425.736 402.508 23.2285
internal_count=9281 7244 7092 152 2037 1950 87
is_linear=0
shrinkage=0.05


Tree=177
num_leaves=7
num_cat=0
split_feature=8 29 25 1 27 28
split_gain=9.11901 9.74547 8.10132 7.04636 6.31552 3.33252
threshold=-3.7749999999999995 -1.1293332476170166 3.3972694968124784 183.50000000000003 0.092676457492222572 0.76545079059538479
decision_type=2 2 2 2 2 2
left_child=3 4 -3 5 -2 -1
right_child=1 2 -4 -5 -6 -7
leaf_value=0.0039253357155102581 -0.0014445745011597898 -0.00033906323265572359 0.020425424132087755 -0.027616653033851427 -0.018000546093455239 0.033917573296108519
leaf_weight=13.366938620805739 105.34490266442299 2139.2540329918265 47.024869650602341 6.0756061822175971 128.51209137588739 35.153936594724655
leaf_count=36 792 7438 155 17 706 137
internal_value=-0.000461447 -0.000922982 0.00011441 0.019556 -0.0106018 0.0260021
internal_weight=2474.73 2420.14 2186.28 54.5965 233.857 48.5209
internal_count=9281 9091 7593 190 1498 173
is_linear=0
shrinkage=0.05


Tree=178
num_leaves=4
num_cat=0
split_feature=17 17 25
split_gain=4.42158 4.79337 4.74641
threshold=-4.7749999999999995 -4.3166666666666655 0.19949966466915328
decision_type=2 2 2
left_child=-1 -2 -3
right_child=1 2 -4
leaf_value=-0.033734222392236668 0.039344687242085716 -0.010604701570835894 0.0009819298093237522
leaf_weight=8.3116164840757829 7.0339950881898394 89.82553169131279 3228.7598065324128
leaf_count=67 29 399 8786
internal_value=0.000661241 0.000758823 0.000663703
internal_weight=3333.93 3325.62 3318.59
internal_count=9281 9214 9185
is_linear=0
shrinkage=0.05


Tree=179
num_leaves=8
num_cat=0
split_feature=5 22 17 14 35 3 25
split_gain=11.1652 7.14354 10.0972 6.97232 6.89595 5.36718 0.573761
threshold=32.009999999999998 1.7790066184817206 -0.11805555555555554 -3.4499999999999997 4.5000000000000009 1245.6900000000003 0.39622485302517418
decision_type=2 2 2 2 2 2 2
left_child=3 4 -3 6 -2 -5 -1
right_child=1 2 -4 5 -6 -7 -8
leaf_value=0.015700293306665152 -0.0050087803734208203 0.018840202377855358 0.0027663890696447077 -0.016845388623884117 0.0033383404356296929 -0.0029892667946255771 0.040479057566652349
leaf_weight=7.527151942253111 373.70904146879911 144.2052980363369 302.89666299521923 72.637567717581987 726.88429705798626 1479.003583624959 7.1138701438903809
leaf_count=21 1012 517 756 403 2021 4531 20
internal_value=-0.000339577 0.00266966 0.00799236 -0.0033161 0.000497543 -0.00365157 0.0298779
internal_weight=3113.98 1547.7 447.102 1566.28 1100.59 1551.64 14.641
internal_count=9281 4306 1273 4975 3033 4934 41
is_linear=0
shrinkage=0.05


Tree=180
num_leaves=8
num_cat=0
split_feature=5 5 40 29 23 9 26
split_gain=10.7754 7.63875 8.10679 4.44492 4.3606 4.35254 2.19887
threshold=113.51000000000001 -467.03999999999991 1.0000000180025095e-35 0.53754666490557523 -1.2174697584361471 0.5277777777777779 1.8522609035427327
decision_type=2 2 2 2 2 2 2
left_child=1 6 -3 4 -2 -5 -1
right_child=3 2 -4 5 -6 -7 -8
leaf_value=0.031717488127111088 0.016193591453411829 -0.0011824923875461116 0.0063271310618573141 0.022517440365306639 -0.013583562032529962 -0.006387159919506006 0
leaf_weight=24.404819294810299 11.993389781564472 1679.4540810957551 456.02645207196474 18.669632352888584 237.7610629349947 37.314830150455236 6.5725726112723342
leaf_count=147 102 4916 1265 118 2451 244 38
internal_value=-0.00045252 0.000786848 0.000421039 -0.00922488 -0.0120748 0.00339017 0.0250464
internal_weight=2472.2 2166.46 2135.48 305.739 249.754 55.9845 30.9774
internal_count=9281 6366 6181 2915 2553 362 185
is_linear=0
shrinkage=0.05


Tree=181
num_leaves=4
num_cat=0
split_feature=17 17 13
split_gain=4.23165 4.43711 4.4931
threshold=-4.7749999999999995 -4.3166666666666655 0.29166666666666669
decision_type=2 2 2
left_child=-1 -2 -3
right_child=1 2 -4
leaf_value=-0.033452375277904491 0.037503787910783092 -0.0092601212099440531 0.00098450974205653162
leaf_weight=8.071414686739443 7.1895448677241793 109.65809518098831 3208.3512517847121
leaf_count=67 29 484 8701
internal_value=0.000639903 0.000734192 0.000641737
internal_weight=3333.27 3325.2 3318.01
internal_count=9281 9214 9185
is_linear=0
shrinkage=0.05


Tree=182
num_leaves=8
num_cat=0
split_feature=5 40 23 28 36 14 11
split_gain=10.6695 6.77433 6.5686 6.3308 3.7082 3.493 2.06253
threshold=-172.13999999999996 1.0000000180025095e-35 -0.013203988875974149 0.18284393275600494 3.5000000000000004 -0.54999999999999993 -2.0499999999999994
decision_type=2 2 2 2 2 2 2
left_child=4 2 -2 -3 6 -6 -1
right_child=1 3 -4 -5 5 -7 -8
leaf_value=0.0065640067026709985 -0.0011689430602286697 0.03145042912865046 0.0043959284141031254 -0.004787647152506065 0.0079691220809305664 -0.0082873823352559769 -0.024646804285081553
leaf_weight=5.3068419992923728 921.65461830794811 11.290751695632933 1243.0365768969059 574.92090092599392 36.465209051966667 272.78183123469353 43.828341923654079
leaf_count=50 2458 32 3468 1509 183 1372 209
internal_value=-0.000324549 0.000732006 0.00202483 -0.0040288 -0.00842793 -0.00633485 -0.0211125
internal_weight=3109.29 2750.9 2164.69 586.212 358.382 309.247 49.1352
internal_count=9281 7467 5926 1541 1814 1555 259
is_linear=0
shrinkage=0.05


Tree=183
num_leaves=8
num_cat=0
split_feature=5 40 26 12 0 2 36
split_gain=10.338 7.71717 6.78205 6.65343 6.25653 4.70132 3.42693
threshold=-107.61999999999999 1.0000000180025095e-35 -1.5117196376048401 1.0000000180025095e-35 148.50000000000003 10.500000000000002 722.50000000000011
decision_type=2 2 2 2 2 2 2
left_child=1 3 6 -1 -4 -3 -2
right_child=2 5 4 -5 -6 -7 -8
leaf_value=0.021744985581118551 -0.014810737551194135 -0.0085973842919152936 -0.003269203214968291 0.00056359246944429813 0.0082901509764271922 0.016685691059175885 0.014017647920647247
leaf_weight=37.721017755568027 151.7261803355068 20.285220682621002 1089.092624809593 891.82973457872868 129.99032071977854 137.88154755532742 10.106275130063294
leaf_count=101 1120 46 4945 2242 418 352 57
internal_value=-0.000441195 0.00320057 -0.0033136 0.00145095 -0.00202675 0.013378 -0.0129047
internal_weight=2468.63 1087.72 1380.92 929.551 1219.08 158.167 161.832
internal_count=9281 2741 6540 2343 5363 398 1177
is_linear=0
shrinkage=0.05


Tree=184
num_leaves=7
num_cat=0
split_feature=36 28 19 8 22 10
split_gain=4.0354 5.27599 4.20239 8.31669 5.93975 1.06881
threshold=1085.0000000000002 0.75882698464367404 2.5233652071737946 2.4500000000000006 2.9583199529797937 1.0500000000000003
decision_type=2 2 2 2 2 2
left_child=2 5 3 -1 -4 -2
right_child=1 -3 4 -5 -6 -7
leaf_value=0.0010430152957619304 0.020205811210136981 -0.042148594239832866 -0.010392907415073394 0.031409629163488523 0.0071226107481631639 -0.009069195035746427
leaf_weight=3048.9165736325085 5.0306862443685549 11.554331488907335 174.74778569117188 21.731125764548779 65.645536817610264 5.3312829397618771
leaf_count=8417 18 41 546 57 180 22
internal_value=0.000623443 -0.0202787 0.000769388 0.0012697 -0.00557944 0.00523107
internal_weight=3332.96 21.9163 3311.04 3070.65 240.393 10.362
internal_count=9281 81 9200 8474 726 40
is_linear=0
shrinkage=0.05


Tree=185
num_leaves=8
num_cat=0
split_feature=5 14 8 0 25 27 36
split_gain=9.97962 7.00866 7.68266 3.36286 3.27979 4.44979 4.20026
threshold=-194.78499999999994 -3.8999999999999995 -3.7749999999999995 177.50000000000003 1.0125976602258271 0.49517171473399935 65.500000000000014
decision_type=2 2 2 2 2 2 2
left_child=4 3 -3 -2 6 -6 -1
right_child=1 2 -4 -5 5 -7 -8
leaf_value=-0.0085598652515625779 0.031345855531042577 -0.026370994748142071 0.00056486106521769339 -0.0032267691515368486 -0.01920993779413805 -0.0051471244449923809 0.018607481442302048
leaf_weight=38.303465485572815 26.019219756126404 25.724728412926197 2755.5653779432178 8.93282502889633 108.18461313098669 120.72893754765391 21.263355497270823
leaf_count=204 131 88 7484 23 576 664 111
internal_value=-0.000316816 0.000590013 0.00030454 0.0225269 -0.00915831 -0.0118696 0.00120252
internal_weight=3104.72 2816.24 2781.29 34.952 288.48 228.914 59.5668
internal_count=9281 7726 7572 154 1555 1240 315
is_linear=0
shrinkage=0.05


Tree=186
num_leaves=8
num_cat=0
split_feature=5 5 40 1 18 29 4
split_gain=9.72617 7.32105 6.94047 4.69053 7.45651 2.70862 1.79602
threshold=145.75000000000003 -467.03999999999991 1.0000000180025095e-35 98.500000000000014 0.38678320211281042 1.4052607753684854 1788.9350000000002
decision_type=2 2 2 2 2 2 2
left_child=1 6 -3 4 -2 -5 -1
right_child=3 2 -4 5 -6 -7 -8
leaf_value=0.01075868233452356 0.015895923706798248 -0.0012537059428927764 0.0055445587829056689 -0.019534057706493538 -0.011624237163790831 0.023915730574125365 0.03641972520479235
leaf_weight=15.045615099370481 34.031476572155952 1736.8630658909678 477.81477171182632 101.34514226764441 81.431009013205767 2.7996900789439669 15.22825216501951
leaf_count=96 284 5307 1378 1428 675 24 89
internal_value=-0.000427886 0.0005542 0.000212597 -0.010447 -0.00340316 -0.0181021 0.0245783
internal_weight=2464.56 2244.95 2214.68 219.607 115.462 104.145 30.2739
internal_count=9281 6870 6685 2411 959 1452 185
is_linear=0
shrinkage=0.05


Tree=187
num_leaves=4
num_cat=0
split_feature=17 17 25
split_gain=3.98934 4.13171 4.25734
threshold=-4.7749999999999995 -4.3166666666666655 0.19949966466915328
decision_type=2 2 2
left_child=-1 -2 -3
right_child=1 2 -4
leaf_value=-0.033096108507115952 0.035899162093888652 -0.010120701492790913 0.0009085692691552348
leaf_weight=7.750541314482688 7.3205990493297568 88.881718460470438 3228.8946196474135
leaf_count=67 29 399 8786
internal_value=0.000608609 0.000698602 0.000608633
internal_weight=3332.85 3325.1 3317.78
internal_count=9281 9214 9185
is_linear=0
shrinkage=0.05


Tree=188
num_leaves=7
num_cat=0
split_feature=5 36 10 35 34 8
split_gain=9.47825 6.77126 5.98044 9.53458 7.62416 5.77084
threshold=54.97500000000003 1094.5000000000002 2.0500000000000003 4.5000000000000009 0.78888888888888908 -3.7749999999999995
decision_type=2 2 2 2 2 2
left_child=1 5 3 -2 -4 -1
right_child=2 -3 4 -5 -6 -7
leaf_value=-0.024159818930070426 -0.00536691550980625 0.031880005753928305 0.0034188477055848185 0.0044767839369807064 0.021278410994465768 -0.002647175395025811
leaf_weight=30.848436944186687 369.92063576728106 12.970802560448645 178.40036630630493 728.45505789667368 89.90588104352355 1690.447278521955
leaf_count=173 1013 39 477 2089 320 5170
internal_value=-0.000312395 -0.00276708 0.0027986 0.00115512 0.00947871 -0.00304942
internal_weight=3100.95 1734.27 1366.68 1098.38 268.306 1721.3
internal_count=9281 5382 3899 3102 797 5343
is_linear=0
shrinkage=0.05


Tree=189
num_leaves=8
num_cat=0
split_feature=5 13 4 30 1 8 26
split_gain=9.35603 7.28968 7.86496 7.62965 5.67677 5.59304 3.82842
threshold=-128.91499999999994 2.9000000000000004 1615.7450000000001 1.5000000000000002 27.500000000000004 0.36666666666666675 -0.19321966632689277
decision_type=2 2 2 2 2 2 2
left_child=1 3 -3 -1 6 -6 -2
right_child=4 2 -4 -5 5 -7 -8
leaf_value=0.0030529082832037729 0.019963022530982082 0.050877291237173473 0.010227216054483901 -0.020585547307458291 -0.0015018261639344827 -0.0083497168726971004 0.0014721273432087151
leaf_weight=833.97053468972445 30.837188206613064 13.715755008161066 69.891916520893574 34.558418035507202 731.98020563647151 505.40151500143111 241.14626054465771
leaf_count=2107 112 44 183 74 3155 2836 770
internal_value=-0.000418785 0.00345787 0.0174774 0.002084 -0.00286823 -0.00430733 0.00365237
internal_weight=2461.5 952.137 83.6077 868.529 1509.37 1237.38 271.983
internal_count=9281 2408 227 2181 6873 5991 882
is_linear=0
shrinkage=0.05


Tree=190
num_leaves=7
num_cat=0
split_feature=16 21 21 20 5 10
split_gain=3.98587 4.45695 4.43947 7.63409 7.0365 4.19034
threshold=3.4142857142857146 0.42617388100843229 0.69142119362372012 1.142651277441505 416.69 1.0500000000000003
decision_type=2 2 2 2 2 2
left_child=2 5 4 -4 -1 -2
right_child=1 -3 3 -5 -6 -7
leaf_value=0.00045173796437057679 -0.02758080929424013 -0.035648459381076178 0.020958569923076091 0.0016436024813792631 -0.027302661006955522 0.018734456504994043
leaf_weight=3024.2574818022549 7.0823105499148395 14.987692877650259 70.660377651453018 181.8467477299273 22.007279196754098 11.331546500325201
leaf_count=8233 29 55 180 526 227 31
internal_value=0.000593747 -0.0163315 0.000771535 0.00712969 0.000240696 0.0001601
internal_weight=3332.17 33.4015 3298.77 252.507 3046.26 18.4139
internal_count=9281 115 9166 706 8460 60
is_linear=0
shrinkage=0.05


Tree=191
num_leaves=8
num_cat=0
split_feature=5 40 14 28 25 27 36
split_gain=8.99236 6.63812 6.45801 6.00669 3.14683 4.30464 3.91609
threshold=-194.78499999999994 1.0000000180025095e-35 -3.8999999999999995 0.18284393275600494 1.0125976602258271 0.49517171473399935 65.500000000000014
decision_type=2 2 2 2 2 2 2
left_child=4 2 -2 -3 6 -6 -1
right_child=1 3 -4 -5 5 -7 -8
leaf_value=-0.0081290507893124666 0.02739742851065213 0.030501234034727716 0.0015250575462752052 -0.0048614972675490413 -0.018731658897741092 -0.0048093321810009949 0.018092504672232196
leaf_weight=37.847363144159317 23.42010760679841 11.240349635481833 2193.4309858605266 582.75950755178928 106.22938789799809 119.67781975120306 21.433062486350536
leaf_count=204 120 32 6019 1555 576 664 111
internal_value=-0.000304421 0.000553401 0.00181287 -0.00413378 -0.00874911 -0.0114318 0.00141137
internal_weight=3096.04 2810.85 2216.85 594 285.188 225.907 59.2804
internal_count=9281 7726 6139 1587 1555 1240 315
is_linear=0
shrinkage=0.05


Tree=192
num_leaves=8
num_cat=0
split_feature=30 35 0 17 18 29 35
split_gain=8.6375 8.22196 7.06545 6.2635 8.81261 6.10063 4.67349
threshold=1.0000000180025095e-35 3.5000000000000004 149.50000000000003 -0.61249999999999993 0.37746728806977425 -0.40776477955553742 343.50000000000006
decision_type=2 2 2 2 2 2 2
left_child=1 5 -3 6 -5 -1 -2
right_child=3 2 -4 4 -6 -7 -8
leaf_value=-0.0027876865433718056 -0.017533553711847803 -0.0014954782482813867 0.0071609866009906542 0.0044397485212220424 -0.0082084512587874865 0.015409694592293752 0.018390152992012049
leaf_weight=63.042378310114145 122.17302148975432 1250.3543721549213 289.40391992777586 238.65625387057662 322.0690009817481 163.12585881352425 8.8379890099167806
leaf_count=244 1040 4260 913 822 1443 507 52
internal_value=-0.000407871 0.00144534 0.000131887 -0.00514138 -0.00281789 0.0103254 -0.0149513
internal_weight=2457.66 1765.93 1539.76 691.736 560.725 226.168 131.011
internal_count=9281 5924 5173 3357 2265 751 1092
is_linear=0
shrinkage=0.05


Tree=193
num_leaves=5
num_cat=0
split_feature=2 22 24 19
split_gain=3.92388 3.83584 10.8011 8.87078
threshold=149.50000000000003 1.8047625530397038 0.56680230142031263 2.0000438512869407
decision_type=2 2 2 2
left_child=1 3 -3 -1
right_child=-2 2 -4 -5
leaf_value=0.00078437101160128576 -0.032272569154823912 -0.0080800081081464983 0.0053340458391696001 0.013180148101584238
leaf_weight=2543.3635862469673 8.0594880245625955 383.38497477769852 244.87577614188194 152.133788716048
leaf_count=6980 86 1214 605 396
internal_value=0.000578297 0.00066914 -0.00284353 0.00149047
internal_weight=3331.82 3323.76 628.261 2695.5
internal_count=9281 9195 1819 7376
is_linear=0
shrinkage=0.05


Tree=194
num_leaves=7
num_cat=0
split_feature=5 36 0 1 3 19
split_gain=8.46827 8.23856 6.76218 6.3854 8.6078 6.20312
threshold=-7.6150000000001219 1094.5000000000002 144.50000000000003 148.50000000000003 1488.7700000000002 0.74436927921565188
decision_type=2 2 2 2 2 2
left_child=1 2 -1 4 -2 -5
right_child=3 -3 -4 5 -6 -7
leaf_value=-0.0019150804821145293 -0.011918980759971673 0.04482020357498015 -0.011028419471507107 0.02148176018525003 0.0016734510913882575 0.0045611735733294056
leaf_weight=1008.0373175814748 126.18049088120461 7.7759448587894431 254.9674112200737 69.170759670436382 1379.112301632762 247.03783486038446
leaf_count=3222 284 25 1067 229 3556 898
internal_value=-0.00029727 -0.00342981 -0.00376605 0.0018861 0.000523596 0.00833437
internal_weight=3092.28 1270.78 1263 1821.5 1505.29 316.209
internal_count=9281 4314 4289 4967 3840 1127
is_linear=0
shrinkage=0.05


Tree=195
num_leaves=8
num_cat=0
split_feature=5 8 26 5 1 18 29
split_gain=8.33973 6.9781 8.0076 6.81798 4.51257 6.92791 2.58315
threshold=145.75000000000003 -3.8999999999999995 -2.8488934266150641 -424.26000000000005 98.500000000000014 0.38678320211281042 1.4052607753684854
decision_type=2 2 2 2 2 2 2
left_child=1 2 -1 -3 5 -2 -6
right_child=4 3 -4 -5 6 -7 -8
leaf_value=-0.029367887178735386 0.015593680111921089 0.020094682411405079 0.028231596012676087 -0.00028974954963372184 -0.018919492675002363 -0.010975379796638561 0.023328294400656899
leaf_weight=6.1875084042549124 34.219934340566397 40.813948608934879 38.912815175950527 2153.7618313990533 97.834817392751575 79.560143414884806 2.8334234803915015
leaf_count=18 284 228 142 6482 1428 675 24
internal_value=-0.000398688 0.000502802 0.0197552 9.60553e-05 -0.00979561 -0.0028748 -0.0174634
internal_weight=2454.12 2239.68 45.1003 2194.58 214.448 113.78 100.668
internal_count=9281 6870 160 6710 2411 959 1452
is_linear=0
shrinkage=0.05


Tree=196
num_leaves=8
num_cat=0
split_feature=3 21 2 4 19 25 13
split_gain=3.86416 9.98719 9.02998 8.32882 7.03621 6.7723 4.24855
threshold=1585.2200000000003 0.094803530525893923 15.500000000000002 1812.5550000000003 2.571059955778987 3.3972694968124784 3.5500000000000003
decision_type=2 2 2 2 2 2 2
left_child=3 2 -2 5 -3 -1 -5
right_child=1 4 -4 6 -6 -7 -8
leaf_value=-0.00014601278504757344 0.00078043285025053259 0.0028102005105193947 0.056396827871543868 -0.025000618023750965 -0.0083375766861777667 -0.031890286413292494 0.019934759601023363
leaf_weight=1599.4213817752898 13.754648953676226 1478.0187712684274 15.080270439386366 48.312810592353344 155.38627922348678 15.984771408140658 5.0174878872930995
leaf_count=4387 41 4062 28 199 482 64 18
internal_value=0.000563516 0.00227018 0.03095 -0.00113385 0.0017422 -0.000482757 -0.0203918
internal_weight=3330.98 1662.24 28.8349 1668.74 1633.41 1615.41 53.3303
internal_count=9281 4613 69 4668 4544 4451 217
is_linear=0
shrinkage=0.05


Tree=197
num_leaves=8
num_cat=0
split_feature=34 22 8 1 1 19 14
split_gain=7.25726 14.3793 6.73025 6.74637 6.57378 4.36897 2.75217
threshold=0.5590277777777779 1.7708532378346817 -3.7749999999999995 15.500000000000002 138.50000000000003 1.3809117931066879 -2.2249999999999996
decision_type=2 2 2 2 2 2 2
left_child=2 4 6 -4 -2 -3 -1
right_child=1 5 3 -5 -6 -7 -8
leaf_value=0.0030903206495113945 -0.0042678009542323958 -0.0088874799479995315 -0.008501060206598984 -0.00023508127263764374 0.010072572270764009 0.01803475969240732 -0.030313949081341843
leaf_weight=7.3439826369285575 314.09310016781092 15.604242883622645 277.89743155241013 2161.4622613489628 106.02133088186383 178.06148532032967 27.049375284463167
leaf_count=22 825 49 973 6261 417 570 164
internal_value=-0.000289391 0.00457072 -0.00149865 -0.00118191 -0.000621623 0.0158054 -0.0231541
internal_weight=3087.53 613.78 2473.75 2439.36 420.114 193.666 34.3934
internal_count=9281 1861 7420 7234 1242 619 186
is_linear=0
shrinkage=0.05


Tree=198
num_leaves=8
num_cat=0
split_feature=5 40 30 27 26 8 5
split_gain=7.80497 6.91539 5.69292 5.58727 5.04748 10.8069 4.13922
threshold=-128.91499999999994 1.0000000180025095e-35 1.5000000000000002 0.69769552040636096 -1.5499583614159727 -3.8999999999999995 -33.194999999999929
decision_type=2 2 2 2 2 2 2
left_child=1 2 -1 -3 6 -6 -2
right_child=4 3 -4 -5 5 -7 -8
leaf_value=0.0023000764145566471 0.0033691016408769706 0.019327024244652546 -0.018777456939398474 -0.005671393078273388 0.042827215053805573 -0.0020925443363765065 -0.015481439935579423
leaf_weight=788.73497349768877 37.227223888039589 100.78636503964663 32.360107272863388 27.781772494316101 12.518826372921465 1328.6732240580022 121.81569244340062
leaf_count=2008 100 266 70 64 38 5670 1065
internal_value=-0.000398618 0.00314415 0.00144148 0.0138845 -0.00264515 -0.00163794 -0.0110444
internal_weight=2449.9 949.663 821.095 128.568 1500.23 1341.19 159.043
internal_count=9281 2408 2078 330 6873 5708 1165
is_linear=0
shrinkage=0.05


Tree=199
num_leaves=8
num_cat=0
split_feature=21 10 36 39 5 25 25
split_gain=3.89407 7.25689 7.69746 7.39106 6.55632 5.46714 1.321
threshold=0.69142119362372012 2.5277777777777781 240.50000000000003 3.5000000000000004 416.69 3.3972694968124784 0.79171601027707705
decision_type=2 2 2 2 2 2 2
left_child=4 3 -3 -2 5 -1 -6
right_child=1 2 -4 -5 6 -7 -8
leaf_value=0.00050881396192670159 0.016343719058051914 -0.010994873964668458 0.039389435825397591 -0.0122905350527652 -0.033818371346187141 -0.017288297655050838 -0.0034861825395842332
leaf_weight=3008.9023316837847 150.73538004606962 73.310195688158274 7.42978411912918 25.509636446833611 15.989564953371884 42.7716412730515 5.3515400178730479
leaf_count=8184 419 219 19 65 189 148 38
internal_value=0.000550032 0.00645044 -0.00587212 0.012125 5.30385e-05 0.000252154 -0.0269325
internal_weight=3330 256.985 80.74 176.245 3073.02 3051.67 21.3411
internal_count=9281 722 238 484 8559 8332 227
is_linear=0
shrinkage=0.05


Tree=200
num_leaves=7
num_cat=0
split_feature=4 11 17 25 11 35
split_gain=7.90047 8.15571 6.05993 5.64772 5.51083 3.63878
threshold=1624.8400000000001 -1.8944444444444442 -2.9499999999999997 0.35035791623865775 0.84523809523809534 34.500000000000007
decision_type=2 2 2 2 2 2
left_child=1 5 -3 -2 -5 -1
right_child=3 2 -4 4 -6 -7
leaf_value=-0.017317481737401365 0.032036989123591583 0.020622691940098331 0.0021605389303582549 -0.0063325482482277486 0.00086369251920680222 -0.0011743784433241814
leaf_weight=74.571611076593399 10.061868391931055 44.729548949748278 1718.6211734265089 762.77803361788392 406.16226248443127 66.475372143089771
leaf_count=269 31 224 4870 2598 1042 247
internal_value=-0.000275641 0.00171378 0.00264311 -0.00349204 -0.00382925 -0.00980627
internal_weight=3083.4 1904.4 1763.35 1179 1168.94 141.047
internal_count=9281 5610 5094 3671 3640 516
is_linear=0
shrinkage=0.05


Tree=201
num_leaves=8
num_cat=0
split_feature=25 5 8 36 2 27 2
split_gain=7.52381 7.45751 5.68712 5.67766 5.14528 3.90148 3.00296
threshold=3.0706825820970884 99.975000000000037 -3.3666666666666658 24.500000000000004 33.500000000000007 0.78783992145728032 -1.0000000180025095e-35
decision_type=2 2 2 2 2 2 2
left_child=1 2 -1 5 -5 -2 -3
right_child=3 6 -4 4 -6 -7 -8
leaf_value=0.014306306959082964 0.013825147758308535 -0.0066937689330202541 -0.00028453525997411416 -0.014621220717933628 0.021873300251911719 0.045067100534329406 -0.027531108867319312
leaf_weight=68.117925144731998 28.172268941998482 309.01876526325941 1968.2277450785041 22.974747303873301 15.173070967197416 16.515042930841446 17.67722774296999
leaf_count=232 88 3021 5663 79 45 52 101
internal_value=-0.000392341 -0.000916182 0.000207872 0.0143243 0 0.0262143 -0.00791709
internal_weight=2445.88 2363.04 2036.35 82.8351 38.1478 44.6873 326.696
internal_count=9281 9017 5895 264 124 140 3122
is_linear=0
shrinkage=0.05


Tree=202
num_leaves=8
num_cat=0
split_feature=21 22 22 19 19 39 7
split_gain=3.65301 7.11055 9.18862 7.7286 6.55682 6.76115 5.02326
threshold=0.69142119362372012 1.8699573459540073 2.2502743409547579 2.0000438512869407 1.9806464199101586 3.5000000000000004 1.7083333333333337
decision_type=2 2 2 2 2 2 2
left_child=1 3 -3 -1 5 -2 -6
right_child=4 2 -4 -5 6 -7 -8
leaf_value=0.00025038017897723589 0.021733838444660439 -0.013076083250065733 0.0031444128272657642 0.011360111538132421 -0.026274352102915295 -0.011961302488714774 0.0028180148582784199
leaf_weight=2545.5070689804852 85.342198651283979 215.01776033267379 145.29396306909621 165.89053341001272 15.58714674413204 17.111523151397705 139.43715529702604
leaf_count=7058 224 641 425 435 47 44 407
internal_value=0.000538612 5.6573e-05 -0.00653081 0.000935884 0.00624752 0.0159966 -0.000224725
internal_weight=3329.19 3071.71 360.312 2711.4 257.478 102.454 155.024
internal_count=9281 8559 1066 7493 722 268 454
is_linear=0
shrinkage=0.05


Tree=203
num_leaves=8
num_cat=0
split_feature=5 40 22 5 5 5 29
split_gain=7.39086 6.12155 6.23758 5.50857 3.48101 6.75255 1.26065
threshold=-200.63999999999996 1.0000000180025095e-35 0.69197414246219313 454.77999999999992 -212.44500000000002 -219.40999999999994 -0.052892696302025394
decision_type=2 2 2 2 2 2 2
left_child=4 3 -3 -2 5 -1 -6
right_child=1 2 -4 -5 6 -7 -8
leaf_value=-0.0087801638995074448 0.0014080988497369256 0.014487510220270292 -0.0054439050311104499 0.024730009005972456 -0.0068071186115699796 0.022258901229095268 -0.032305461337058604
leaf_weight=215.67911568656564 2200.7031564712524 41.180780246853828 552.33056768774986 24.650683529675007 8.0433398112654704 18.035230800509453 18.399478197097778
leaf_count=1296 5998 126 1470 206 35 74 76
internal_value=-0.000269047 0.000474623 -0.00403051 0.00167968 -0.008317 -0.00627901 -0.0252623
internal_weight=3079.02 2818.87 593.511 2225.35 260.157 233.714 26.4428
internal_count=9281 7800 1596 6204 1481 1370 111
is_linear=0
shrinkage=0.05


Tree=204
num_leaves=8
num_cat=0
split_feature=26 8 25 14 18 35 11
split_gain=7.2017 11.6195 6.73965 6.22803 5.10416 6.69227 6.39951
threshold=-1.5499583614159727 -3.3666666666666658 3.3972694968124784 -0.54999999999999993 0.18855523557448728 9.5000000000000018 0.73214285714285732
decision_type=2 2 2 2 2 2 2
left_child=4 3 -3 -2 5 -1 -6
right_child=1 2 -4 -5 6 -7 -8
leaf_value=-0.00065775685354442113 0.052806917312870252 -0.00055922845391343824 0.018385031860814072 0.012745181514713256 0.0052112691592626813 -0.028281101544689536 -0.025967242115195688
leaf_weight=35.535822428762913 12.872112758457659 2156.6334263756871 46.988612968474627 37.484544567763805 75.135194817557931 58.095843750983477 19.975396184250712
leaf_count=180 43 7689 154 148 549 265 253
internal_value=-0.000384472 0.000400757 -0.000144849 0.0239119 -0.00974079 -0.0179678 -0.00148696
internal_weight=2442.72 2253.98 2203.62 50.3567 188.742 93.6317 95.1106
internal_count=9281 8034 7843 191 1247 445 802
is_linear=0
shrinkage=0.05


Tree=205
num_leaves=4
num_cat=0
split_feature=30 17 29
split_gain=3.66189 3.62634 3.54608
threshold=8.5000000000000018 -4.7749999999999995 -3.8322407103994709
decision_type=2 2 2
left_child=1 -1 -3
right_child=-2 2 -4
leaf_value=-0.032606251771269142 0.034771927432120341 0.021686377064938513 0.00039563404449785534
leaf_weight=7.276542091742157 6.7896947264671317 18.686155524104834 3296.3501312471926
leaf_count=67 15 87 9112
internal_value=0.000521744 0.000439802 0.000523657
internal_weight=3329.1 3322.31 3315.04
internal_count=9281 9266 9199
is_linear=0
shrinkage=0.05


Tree=206
num_leaves=7
num_cat=0
split_feature=4 11 28 17 11 35
split_gain=7.03508 7.45324 5.66131 5.60187 5.40283 3.40098
threshold=1624.8400000000001 -1.8944444444444442 0.4095913052564904 -2.9499999999999997 0.84523809523809534 34.500000000000007
decision_type=2 2 2 2 2 2
left_child=1 5 -2 -3 -4 -1
right_child=2 3 4 -5 -6 -7
leaf_value=-0.016749978010866962 0.037843351118381469 0.019952601275613449 -0.0060779427755742934 0.0020465257390864804 0.0010459275568105199 -0.0010864961949568004
leaf_weight=73.764009643346071 7.2890378907322875 43.921310260891914 760.78666449338198 1716.9293940886855 407.00183902680874 66.22288591787219
leaf_count=269 23 224 2603 4870 1045 247
internal_value=-0.0002577 0.00162041 -0.00329882 0.00250707 -0.00359206 -0.00943586
internal_weight=3075.92 1900.84 1175.08 1760.85 1167.79 139.987
internal_count=9281 5610 3671 5094 3648 516
is_linear=0
shrinkage=0.05


Tree=207
num_leaves=8
num_cat=0
split_feature=40 5 14 24 5 9 3
split_gain=7.00358 8.55779 7.73998 6.98771 4.8339 4.71254 3.64791
threshold=1.0000000180025095e-35 40.575000000000053 2.291666666666667 0.16677028205415254 -219.40999999999994 0.70714285714285718 1211.4250000000004
decision_type=2 2 2 2 2 2 2
left_child=1 2 -1 6 -5 -3 -2
right_child=3 5 -4 4 -6 -7 -8
leaf_value=-0.00097586725354322683 0.017222110654594718 -0.0066314607145060199 0.013623160847930225 0.02193672866239256 0.0050143185707738121 -0.027249125191394566 -0.017109272979202485
leaf_weight=1411.1253995448351 8.2183538377284986 380.02991509996355 96.024950034916401 46.364824324846268 421.80921781808138 29.295382604002953 47.835141118615866
leaf_count=3896 23 3086 261 135 1394 275 211
internal_value=-0.000377283 -0.00178024 -3.39889e-05 0.00473577 0.00674404 -0.00818206 -0.0117745
internal_weight=2440.7 1916.48 1507.15 524.228 468.174 409.325 56.0535
internal_count=9281 7518 4157 1763 1529 3361 234
is_linear=0
shrinkage=0.05


Tree=208
num_leaves=5
num_cat=0
split_feature=2 29 26 14
split_gain=3.60339 3.44185 6.12387 5.14564
threshold=149.50000000000003 1.6118936202306051 0.80536385397220023 1.2916666666666667
decision_type=2 2 2 2
left_child=1 3 -3 -1
right_child=-2 2 -4 -5
leaf_value=0.00018539470798496465 -0.031864211540651492 -0.039278489365841648 -0.0034662544902325358 0.0061222502247711072
leaf_weight=2710.1475577931851 7.5709995180368415 11.873792901635168 178.06300523504615 421.16525530070066
leaf_count=7625 86 36 499 1035
internal_value=0.000503866 0.000588725 -0.00592521 0.000987205
internal_weight=3328.82 3321.25 189.937 3131.31
internal_count=9281 9195 535 8660
is_linear=0
shrinkage=0.05


Tree=209
num_leaves=7
num_cat=0
split_feature=4 11 28 17 11 8
split_gain=6.53979 6.95421 5.32084 5.29284 5.08658 3.30462
threshold=1624.8400000000001 -1.8944444444444442 0.4095913052564904 -2.9499999999999997 0.84523809523809534 -2.2916666666666661
decision_type=2 2 2 2 2 2
left_child=1 5 -2 -3 -4 -1
right_child=2 3 4 -5 -6 -7
leaf_value=-0.0027723400701463391 0.036636715043439648 0.019474063158959318 -0.0058824972422601247 0.0019759217021916302 0.0010325486939239687 -0.018562106334769325
leaf_weight=84.241124797612429 7.3170428201556197 43.434625621885061 758.76530692726374 1716.6949381828308 407.0251045152545 55.098441403359175
leaf_count=350 23 224 2603 4870 1045 166
internal_value=-0.000244527 0.00156631 -0.00317969 0.00242137 -0.00346507 -0.00913942
internal_weight=3072.58 1899.47 1173.11 1760.13 1165.79 139.34
internal_count=9281 5610 3671 5094 3648 516
is_linear=0
shrinkage=0.05


Tree=210
num_leaves=8
num_cat=0
split_feature=30 5 35 4 29 8 11
split_gain=6.8997 7.36012 7.24769 6.24753 5.46277 3.77933 1.90473
threshold=1.0000000180025095e-35 219.72500000000005 3.5000000000000004 1907.47 -0.40776477955553742 -1.0000000180025095e-35 0.76388888888888895
decision_type=2 2 2 2 2 2 2
left_child=2 5 4 -4 -1 -2 -3
right_child=1 6 3 -5 -6 -7 -8
leaf_value=-0.002836299161709117 0.0016652031201057817 -0.010601559209913881 -0.00049615525608756085 0.018601995472799112 0.014446159906312773 -0.0062381453567997994 -0.030586686076963038
leaf_weight=62.412461575120687 249.64427837729454 23.467560186982155 1487.5269093587995 43.088762558996677 162.76292821019888 378.32414893060923 30.071857821196318
leaf_count=244 880 393 5051 122 507 1627 457
internal_value=-0.00036755 -0.00463538 0.00128785 5.00116e-05 0.00964247 -0.00309062 -0.0222734
internal_weight=2437.3 681.508 1755.79 1530.62 225.175 627.968 53.5394
internal_count=9281 3357 5924 5173 751 2507 850
is_linear=0
shrinkage=0.05


Tree=211
num_leaves=5
num_cat=0
split_feature=2 36 16 10
split_gain=3.4584 3.41329 4.1747 3.36283
threshold=149.50000000000003 1085.0000000000002 0.70714285714285718 2.4500000000000006
decision_type=2 2 2 2
left_child=1 3 -3 -1
right_child=-2 2 -4 -5
leaf_value=0.0011304841518458817 -0.031629353337266075 0.0082539062871347223 -0.03551952079009401 -0.0053265071508508018
leaf_weight=3085.095970865339 7.3530402071773997 8.0991776436567324 13.104886405169962 214.55909025855362
leaf_count=8471 86 33 48 643
internal_value=0.000492762 0.000574892 -0.0189558 0.000707619
internal_weight=3328.21 3320.86 21.2041 3299.66
internal_count=9281 9195 81 9114
is_linear=0
shrinkage=0.05


Tree=212
num_leaves=8
num_cat=0
split_feature=34 22 18 3 2 1 7
split_gain=6.01404 13.2791 9.55186 5.27189 7.32154 5.66831 4.15006
threshold=0.5590277777777779 1.7708532378346817 0.78849540624035408 1340.2500000000002 -2.4999999999999996 15.500000000000002 2.2250000000000005
decision_type=2 2 2 2 2 2 2
left_child=3 2 -2 4 -1 -5 -3
right_child=1 6 -4 5 -6 -7 -8
leaf_value=0.008600792236666396 0.0010333630641655355 0.0080151398369315754 -0.031745382178951044 -0.0074390257549461943 -0.014412830494560137 0.00025969197598114908 0.02295602738118693
leaf_weight=43.681747943162918 394.98130159080029 102.61519719287753 22.538974575698376 270.50983459874988 151.29123376682401 1993.8674125187099 88.981872595846653
leaf_count=118 1181 308 61 915 786 5601 311
internal_value=-0.00024086 0.00420092 -0.000795807 -0.00134427 -0.00921377 -0.000660692 0.0150631
internal_weight=3068.47 609.117 417.52 2459.35 194.973 2264.38 191.597
internal_count=9281 1861 1242 7420 904 6516 619
is_linear=0
shrinkage=0.05


Tree=213
num_leaves=8
num_cat=0
split_feature=40 5 12 24 0 35 3
split_gain=6.52852 7.58556 7.59767 6.46721 4.93847 4.55356 3.39962
threshold=1.0000000180025095e-35 40.575000000000053 1.0000000180025095e-35 0.16677028205415254 150.50000000000003 723.50000000000011 1211.4250000000004
decision_type=2 2 2 2 2 2 2
left_child=1 2 -1 6 -5 -3 -2
right_child=3 5 -4 4 -6 -7 -8
leaf_value=0.013782779411433447 0.016565174317743455 -0.0085283703059265224 -0.00099494619676659089 0.0047476393759432493 0.021818259258262186 0.029860541791938994 -0.016595837443602903
leaf_weight=91.666876666247845 8.2207009494304639 397.54473973065615 1414.5505658835173 421.74733461812139 46.540259599685669 6.8651966005563727 47.300391007214785
leaf_count=291 23 3317 3866 1379 150 44 211
internal_value=-0.000363308 -0.00172119 -8.37235e-05 0.00457396 0.00649772 -0.00779231 -0.0113912
internal_weight=2434.44 1910.63 1506.22 523.809 468.288 404.41 55.5211
internal_count=9281 7518 4157 1763 1529 3361 234
is_linear=0
shrinkage=0.05


Tree=214
num_leaves=8
num_cat=0
split_feature=21 11 36 22 22 19 36
split_gain=3.58743 6.90817 6.43984 6.25274 8.8642 7.18166 6.24356
threshold=0.69142119362372012 1.6833333333333336 14.500000000000002 1.8699573459540073 2.2502743409547579 2.0000438512869407 159.50000000000003
decision_type=2 2 2 2 2 2 2
left_child=3 2 -2 5 -5 -1 -3
right_child=1 6 -4 4 -6 -7 -8
leaf_value=0.00016605144566980511 0.022675996249747643 -0.0079350585023672867 0.0011889221255813938 -0.012645665572739896 0.0033193263365179429 0.010856924588905956 0.023882237013467911
leaf_weight=2545.3141052108258 80.723344225436449 97.531527927145362 61.91848399490118 213.64821882359684 144.8777567204088 166.5033433586359 17.250103883445263
leaf_count=7058 202 290 184 641 425 435 46
internal_value=0.000483122 0.00614094 0.0134568 5.28648e-06 -0.00618913 0.000828065 -0.0029452
internal_weight=3327.77 257.423 142.642 3070.34 358.526 2711.82 114.782
internal_count=9281 722 386 8559 1066 7493 336
is_linear=0
shrinkage=0.05


Tree=215
num_leaves=8
num_cat=0
split_feature=5 14 30 14 5 5 36
split_gain=6.0101 5.8559 7.45547 4.84675 3.46377 6.22859 0.777628
threshold=-200.63999999999996 1.3666666666666669 1.5000000000000002 -4.7749999999999995 -212.44500000000002 -219.40999999999994 87.500000000000014
decision_type=2 2 2 2 2 2 2
left_child=4 3 -3 -2 5 -1 -6
right_child=1 2 -4 -5 6 -7 -8
leaf_value=-0.0079926774331962949 0.028504519943713214 -0.008528118427811102 0.010929983169188858 0.0011334579976955525 -0.029784818787423541 0.021748366497123001 -0.0074706717823951876
leaf_weight=210.87581146880984 15.302210580557583 309.40195157378912 57.414703562855721 2427.6407184302807 19.081128768622879 18.166227921843529 6.6872925087809554
leaf_count=1296 79 834 148 6739 85 74 26
internal_value=-0.00023434 0.000431832 -0.00544748 0.00131855 -0.00757265 -0.00552778 -0.0246762
internal_weight=3064.57 2809.76 366.817 2442.94 254.81 229.042 25.7684
internal_count=9281 7800 982 6818 1481 1370 111
is_linear=0
shrinkage=0.05


Tree=216
num_leaves=7
num_cat=0
split_feature=5 40 14 24 13 11
split_gain=6.2998 6.68586 6.9294 5.95879 2.75312 0.708149
threshold=-467.03999999999991 1.0000000180025095e-35 2.291666666666667 0.16677028205415254 2.7083333333333335 -2.5857142857142859
decision_type=2 2 2 2 2 2
left_child=4 2 -2 -3 5 -1
right_child=1 3 -4 -5 -6 -7
leaf_value=0.012316330252462031 -0.00275933919580336 -0.011028700089783528 0.010550256098860386 0.006202384128530164 -0.0072702285493212743 0.036257096553577506
leaf_weight=6.39162247627974 1778.7995473016053 55.086064444854856 102.3760548196733 467.57414871826768 5.4273961782455435 15.946915276348591
leaf_count=59 7051 234 292 1519 34 92
internal_value=-0.000355155 -0.000635264 -0.00202714 0.00435916 0.0229005 0.0304425
internal_weight=2431.6 2403.84 1881.18 522.66 27.7659 22.3385
internal_count=9281 9096 7343 1753 185 151
is_linear=0
shrinkage=0.05


Tree=217
num_leaves=8
num_cat=0
split_feature=8 36 25 23 13 17 36
split_gain=3.42963 7.7516 8.66005 7.59369 7.58587 6.77625 6.31387
threshold=-1.0000000180025095e-35 154.50000000000003 1.5526871176549835 -0.074438105178634487 2.5500000000000003 -1.9499999999999997 132.50000000000003
decision_type=2 2 2 2 2 2 2
left_child=1 6 -3 4 -2 -5 -1
right_child=3 2 -4 5 -6 -7 -8
leaf_value=-0.002597208695365184 0.010197720726124959 0.01230582309484596 -0.011709487902608555 -0.022335026162681661 -0.014590215061135918 0.00074549497465876979 -0.035291183890388621
leaf_weight=1167.5990988500416 356.66527953371406 173.94183872267604 46.737895678728819 31.482147935777903 32.749496787786484 1504.4815251268446 13.993931919336317
leaf_count=3303 912 482 136 244 87 4068 49
internal_value=0.000470571 -0.00140773 0.00716717 0.00184117 0.00806824 0.000254944 -0.00301816
internal_weight=3327.65 1402.27 220.68 1925.38 389.415 1535.96 1181.59
internal_count=9281 3970 618 5311 999 4312 3352
is_linear=0
shrinkage=0.05


Tree=218
num_leaves=7
num_cat=0
split_feature=4 11 25 27 17 27
split_gain=5.71276 6.18261 5.46338 5.99526 4.85752 3.41438
threshold=1624.8400000000001 -1.8944444444444442 0.19522778174572011 0.47000699693648179 -2.9499999999999997 0.2882733799013521
decision_type=2 2 2 2 2 2
left_child=1 5 -2 -4 -3 -1
right_child=2 4 3 -5 -6 -7
leaf_value=-0.014123233223489474 0.035357839960683791 0.018755217976862221 -0.0075161119201827067 -0.00022341851702674539 0.001846782330320847 0.0024691733546768216
leaf_weight=92.867946948856115 8.2052114531397802 42.658037338405848 485.3143196515739 673.85978770256042 1713.2773214876652 45.203559923917055
leaf_count=314 25 224 1419 2227 4870 202
internal_value=-0.000227735 0.001466 -0.00297891 -0.00328483 0.00227084 -0.00867636
internal_weight=3061.39 1894.01 1167.38 1159.17 1755.94 138.072
internal_count=9281 5610 3671 3646 5094 516
is_linear=0
shrinkage=0.05


Tree=219
num_leaves=8
num_cat=0
split_feature=26 8 25 18 35 11 5
split_gain=6.19831 10.5424 5.71533 5.2344 6.43131 6.02181 1.7782
threshold=-1.5499583614159727 -3.8999999999999995 3.3972694968124784 0.18855523557448728 9.5000000000000018 0.73214285714285732 -85.56500000000004
decision_type=2 2 2 2 2 2 2
left_child=3 6 -3 4 -1 -5 -2
right_child=1 2 -4 5 -6 -7 -8
leaf_value=-0.00047025818686149165 0.020897712905302991 -0.00040056244958828119 0.016996692668033466 0.0057621616432709643 -0.027732014700905819 -0.025191234107369505 0.051834885097658538
leaf_weight=35.172254901379347 22.387217253446583 2167.9263631664217 47.258142337203026 74.146689664572477 56.970191748812795 18.85604109056294 6.7815416455268851
leaf_count=180 100 7758 155 549 265 253 21
internal_value=-0.000346965 0.000377906 -1.96561e-05 -0.00911563 -0.0174962 -0.000661585 0.0297359
internal_weight=2429.5 2244.35 2215.18 185.145 92.1424 93.0027 29.1688
internal_count=9281 8034 7913 1247 445 802 121
is_linear=0
shrinkage=0.05


Tree=220
num_leaves=5
num_cat=0
split_feature=30 35 28 35
split_gain=3.40715 3.33151 5.69412 5.31331
threshold=8.5000000000000018 455.50000000000006 1.246363116609823 451.50000000000006
decision_type=2 2 2 2
left_child=1 3 -3 -1
right_child=-2 2 -4 -5
leaf_value=0.00054207967704503505 0.033314842142244998 0.00093507251950777394 -0.023746730000952575 0.041068011894909905
leaf_weight=3217.1124009173363 6.8707446157932273 58.714772779494524 37.341499231755733 7.112546741962432
leaf_count=8956 15 180 115 15
internal_value=0.00044926 0.000369734 -0.00875417 0.000645735
internal_weight=3327.15 3320.28 96.0563 3224.22
internal_count=9281 9266 295 8971
is_linear=0
shrinkage=0.05


Tree=221
num_leaves=8
num_cat=0
split_feature=1 3 35 35 19 25 28
split_gain=5.59406 10.1323 7.544 4.75856 5.96212 5.20708 1.48898
threshold=148.50000000000003 1340.2500000000002 129.50000000000003 4.5000000000000009 0.60072406489200103 0.97642551223178098 0.58125834355837858
decision_type=2 2 2 2 2 2 2
left_child=1 6 -3 4 -2 -5 -1
right_child=3 2 -4 5 -6 -7 -8
leaf_value=-0.0019084403851830597 0.019487358491155567 0.0006711053537295364 -0.0071044611340716143 0.0029730264208117398 -0.0060534422286069589 0.017225975895684916 -0.019061701809131401
leaf_weight=15.86501908674836 26.541765198111534 2173.502840500325 363.09432058036327 147.41369082033634 132.37731701135635 114.50913263857365 85.700897332280874
leaf_count=55 85 6192 1008 588 420 352 581
internal_value=-0.000211407 -0.00106747 -0.000442298 0.00513301 -0.00166131 0.00926506 -0.0164758
internal_weight=3059 2638.16 2536.6 420.842 158.919 261.923 101.566
internal_count=9281 7836 7200 1445 505 940 636
is_linear=0
shrinkage=0.05


Tree=222
num_leaves=8
num_cat=0
split_feature=30 5 35 4 29 21 9
split_gain=6.00577 6.87618 6.57558 5.62239 4.95465 3.64188 1.55756
threshold=1.0000000180025095e-35 219.72500000000005 3.5000000000000004 1907.47 -0.40776477955553742 0.87138049880353274 0.5634920634920636
decision_type=2 2 2 2 2 2 2
left_child=2 5 4 -4 -1 -2 -3
right_child=1 6 3 -5 -6 -7 -8
leaf_value=-0.0027526408142702044 -0.0022607439976486338 -0.011520791295599103 -0.00049479225848271156 0.017628811508562822 0.013730579882925238 -0.027616136035679598 -0.030021851845152367
leaf_weight=62.106687109917402 610.90872829034925 24.440359188243747 1483.6375467069447 43.062154278159142 162.87568134069443 13.557416766881941 27.097016779705882
leaf_count=244 2447 417 5051 122 507 60 433
internal_value=-0.000336985 -0.00433824 0.00120591 2.43348e-05 0.00916619 -0.00286249 -0.0217296
internal_weight=2427.69 676.004 1751.68 1526.7 224.982 624.466 51.5374
internal_count=9281 3357 5924 5173 751 2507 850
is_linear=0
shrinkage=0.05


Tree=223
num_leaves=8
num_cat=0
split_feature=21 0 3 36 22 22 19
split_gain=3.37455 6.0638 8.20534 7.12124 5.78924 8.35825 6.64765
threshold=0.69142119362372012 7.5000000000000009 1884.5000000000002 32.500000000000007 1.8699573459540073 2.2502743409547579 2.0000438512869407
decision_type=2 2 2 2 2 2 2
left_child=4 3 -3 -2 6 -6 -1
right_child=1 2 -4 -5 5 -7 -8
leaf_value=0.0001200963343581785 -0.018383189842170407 0.0073716061848849521 0.045995999486944023 0.015272539850957634 -0.012295691504563977 0.0032194321568160527 0.010389251800451665
leaf_weight=2544.7424204126 44.64744533970952 176.16999962553382 14.075599543750284 22.926451275125146 212.64132119342685 144.93066706508398 167.08110955543816
leaf_count=7058 141 481 32 68 641 425 435
internal_value=0.000431353 0.00591423 0.010481 -0.00683537 -2.93391e-05 -0.00600173 0.00075824
internal_weight=3327.22 257.819 190.246 67.5739 3069.4 357.572 2711.82
internal_count=9281 722 513 209 8559 1066 7493
is_linear=0
shrinkage=0.05


Tree=224
num_leaves=7
num_cat=0
split_feature=4 11 25 27 22 27
split_gain=5.2228 5.80264 5.10393 5.64924 4.70704 3.32565
threshold=1624.8400000000001 -1.8944444444444442 0.19522778174572011 0.47000699693648179 3.1820922151787907 0.2882733799013521
decision_type=2 2 2 2 2 2
left_child=1 5 -2 -4 -3 -1
right_child=2 4 3 -5 -6 -7
leaf_value=-0.013825309591173354 0.034187550440292168 0.0025670413443756243 -0.0072430361700875738 -0.00015756189594820562 -0.016051252335018775 0.0025836883328060685
leaf_weight=92.355687890201807 8.2210648283362371 1720.624553706497 484.14415476098657 673.21841800585389 33.578903555870056 45.028845831751823
leaf_count=314 25 5005 1419 2227 89 202
internal_value=-0.000200186 0.00142012 -0.00283297 -0.00312954 0.00219886 -0.0084312
internal_weight=3057.17 1891.59 1165.58 1157.36 1754.2 137.385
internal_count=9281 5610 3671 3646 5094 516
is_linear=0
shrinkage=0.05


Tree=225
num_leaves=7
num_cat=0
split_feature=5 40 2 23 13 11
split_gain=5.82181 6.18344 8.36713 6.14955 2.70501 0.718357
threshold=-467.03999999999991 1.0000000180025095e-35 37.500000000000007 1.3608729796422585 2.7083333333333335 -2.5857142857142859
decision_type=2 2 2 2 2 2
left_child=4 3 -3 -2 5 -1
right_child=1 2 -4 -5 -6 -7
leaf_value=0.011707526093708592 -0.0012124163766095296 0.00089330087221447911 0.01632553325629504 -0.013286997132821794 -0.0075518678909277564 0.035930813721454839
leaf_weight=6.2296915426850363 1764.7517131809145 411.56923981569707 110.9941291436553 111.32480398379266 5.3912040144205085 15.396301120519638
leaf_count=59 6711 1463 290 632 34 92
internal_value=-0.000330028 -0.000596495 0.00420563 -0.00193827 0.0223259 0.0299998
internal_weight=2425.66 2398.64 522.563 1876.08 27.0172 21.626
internal_count=9281 9096 1753 7343 185 151
is_linear=0
shrinkage=0.05


Tree=226
num_leaves=5
num_cat=0
split_feature=28 11 10 35
split_gain=3.19507 3.62916 5.66521 3.53434
threshold=3.7633881758043866 3.9500000000000006 3.8285714285714287 4.5000000000000009
decision_type=2 2 2 2
left_child=1 2 -1 -2
right_child=3 -3 -4 -5
leaf_value=0.00053820082072358443 0.005361056552352317 0.024575531484359744 -0.035836654858274523 -0.039267401055082675
leaf_weight=3286.1537726633251 6.9914658591151264 14.630711104720829 9.7361017167568189 9.5300048291683179
leaf_count=9145 26 39 33 38
internal_value=0.000420035 0.000534056 0.000418395 -0.0208683
internal_weight=3327.04 3310.52 3295.89 16.5215
internal_count=9281 9217 9178 64
is_linear=0
shrinkage=0.05


Tree=227
num_leaves=8
num_cat=0
split_feature=5 14 10 24 21 5 9
split_gain=5.24455 5.22997 5.75331 4.70224 3.59692 6.69126 4.08904
threshold=-200.63999999999996 1.3666666666666669 2.5277777777777781 0.59358712440749539 0.096013537502592214 -384.3300000000001 0.23611111111111113
decision_type=2 2 2 2 2 2 2
left_child=4 3 -3 -2 5 -1 -6
right_child=1 2 -4 -5 6 -7 -8
leaf_value=-0.025769562776412031 0.00053230610245305014 -0.007633010229930297 0.010525913928822968 0.0078741790670159659 -0.020715057600198854 0.012153411063111057 -0.0051228082129377382
leaf_weight=14.194058893248437 2196.3805630020797 316.10708541423082 49.474314823746681 241.44304251670837 64.218194097280502 48.336485397070646 124.63762754946947
leaf_count=220 6172 851 131 646 370 280 611
internal_value=-0.00019374 0.000425946 -0.0051399 0.00126443 -0.00709846 0.00319629 -0.0105323
internal_weight=3054.79 2803.41 365.581 2437.82 251.386 62.5305 188.856
internal_count=9281 7800 982 6818 1481 500 981
is_linear=0
shrinkage=0.05


Tree=228
num_leaves=8
num_cat=0
split_feature=26 8 2 7 5 35 5
split_gain=5.69512 9.81229 5.35949 4.63442 7.83903 3.88298 1.64115
threshold=-1.5499583614159727 -3.8999999999999995 -63.499999999999993 0.45000000000000007 -33.194999999999929 9.5000000000000018 -85.56500000000004
decision_type=2 2 2 2 2 2 2
left_child=3 6 -3 5 -5 -1 -2
right_child=1 2 -4 4 -6 -7 -8
leaf_value=-0.0016708694153130602 0.020240669841973518 -0.01423310913524207 0.00041442876870207991 0.014484789242975436 -0.011649819059424469 -0.032043234151157944 0.050136385109018848
leaf_weight=16.278939493000507 22.003389373421673 63.319483540952206 2147.2853292748332 39.624830648303032 96.28393168002367 31.424637872725725 6.7657107040286055
leaf_count=69 100 834 7079 108 956 114 21
internal_value=-0.000320945 0.000372614 -9.11328e-06 -0.00876301 -0.00394349 -0.0220284 0.0288873
internal_weight=2422.99 2239.37 2210.6 183.612 135.909 47.7036 28.7691
internal_count=9281 8034 7913 1247 1064 183 121
is_linear=0
shrinkage=0.05


Tree=229
num_leaves=8
num_cat=0
split_feature=3 3 22 28 21 2 9
split_gain=3.17885 7.95153 9.0742 7.31455 6.79478 8.32212 7.69155
threshold=1556.1700000000003 1488.7700000000002 0.753848819047653 0.87741810635430184 0.085281524192456118 7.5000000000000009 0.15476190476190474
decision_type=2 2 2 2 2 2 2
left_child=1 3 -3 -1 5 -2 -6
right_child=4 2 -4 -5 6 -7 -8
leaf_value=0.0072393893359457761 -3.7006936134914403e-05 -0.023967589343068366 -0.0039037286717847025 -0.0018105131177670473 -0.024356846040394439 0.05356484667050021 0.0017992050099976398
leaf_weight=321.56634625419974 14.642546325922014 66.757175518199801 344.99829411134124 723.21394558995962 27.530384123325348 12.972835183143614 1815.1958360578865
leaf_count=921 46 193 919 2079 76 24 5023
internal_value=0.000407166 -0.00134177 -0.00721895 0.000974377 0.00177182 0.0259606 0.00139272
internal_weight=3326.88 1456.54 411.755 1044.78 1870.34 27.6154 1842.73
internal_count=9281 4112 1112 3000 5169 70 5099
is_linear=0
shrinkage=0.05


Tree=230
num_leaves=7
num_cat=0
split_feature=14 3 40 0 3 5
split_gain=5.03787 5.66073 5.01299 3.25263 2.55165 1.017
threshold=-3.8999999999999995 1245.6900000000003 1.0000000180025095e-35 177.50000000000003 1132.0050000000003 129.76500000000001
decision_type=2 2 2 2 2 2
left_child=3 4 -3 5 -2 -1
right_child=1 2 -4 -5 -6 -7
leaf_value=0.038986058075851343 0.0051903271309418032 0.00098388091874251253 -0.0041668554269823545 -0.005527443698775069 -0.017924618308452732 0.01502691478682376
leaf_weight=12.053226366639139 13.809860331937669 2353.7568199820817 589.90600715763867 8.9591907709836942 63.155564807355404 11.154114343225954
leaf_count=40 111 7031 1666 24 318 91
internal_value=-0.000187318 -0.00040161 -4.76861e-05 0.0191905 -0.0136996 0.0287736
internal_weight=3052.79 3020.63 2943.66 32.1665 76.9654 23.2073
internal_count=9281 9126 8697 155 429 131
is_linear=0
shrinkage=0.05


Tree=231
num_leaves=8
num_cat=0
split_feature=25 8 18 40 22 36 36
split_gain=5.55163 5.88528 8.68333 5.59816 5.33852 6.76152 3.69172
threshold=3.0706825820970884 -0.36666666666666664 0.58969324300355319 1.0000000180025095e-35 1.1035009469806807 58.500000000000007 24.500000000000004
decision_type=2 2 2 2 2 2 2
left_child=1 2 -1 -3 5 -2 -6
right_child=4 3 -4 -5 6 -7 -8
leaf_value=0.0015910671899948055 0.053777702275093375 -0.004911108978413437 0.045196238256566691 0.0024428951257400903 0.01515208232247656 -0.0049527043506733936 -0.008957085393415283
leaf_weight=1000.9781803525984 13.288389787077906 975.96534072421491 10.562159638851879 350.31862639635801 35.84309583902359 6.994920887053012 26.77192597091198
leaf_count=3297 54 4453 41 1226 103 24 83
internal_value=-0.000317821 -0.000773024 0.0020955 -0.00296451 0.012316 0.0340079 0.00478651
internal_weight=2420.72 2337.82 1011.54 1326.28 82.8983 20.2833 62.615
internal_count=9281 9017 3338 5679 264 78 186
is_linear=0
shrinkage=0.05


Tree=232
num_leaves=5
num_cat=0
split_feature=2 3 21 22
split_gain=3.25076 3.25682 8.91222 5.20095
threshold=-145.49999999999997 1585.2200000000003 0.094803530525893923 2.2333632079332131
decision_type=2 2 2 2
left_child=-1 3 -3 -2
right_child=1 2 -4 -5
leaf_value=-0.030789883112514595 -0.0016773515385315213 0.029060538311415987 0.0015420535815172053 0.012165746154968514
leaf_weight=7.3313044831156722 1593.3719510380179 28.997297525405884 1627.6964293625206 69.81161966919899
leaf_count=105 4473 68 4444 191
internal_value=0.00039478 0.000474401 0.00204397 -0.00108633
internal_weight=3327.21 3319.88 1656.69 1663.18
internal_count=9281 9176 4512 4664
is_linear=0
shrinkage=0.05


Tree=233
num_leaves=8
num_cat=0
split_feature=34 19 0 8 27 14 11
split_gain=4.86489 11.9449 8.02481 5.14109 5.13036 4.21096 3.04665
threshold=0.5590277777777779 2.5924667184254058 143.50000000000003 -3.7749999999999995 0.58086829770010528 1.3666666666666669 -3.9499999999999997
decision_type=2 2 2 2 2 2 2
left_child=3 2 -2 6 -3 -5 -1
right_child=1 4 -4 5 -6 -7 -8
leaf_value=-0.0080134152415400495 -0.00040414230140468541 0.030131092630159836 0.021873941137353081 1.3982194181677798e-06 -0.0079381097596532332 -0.0057102845706139939 -0.040374726642705243
leaf_weight=20.019228126853708 498.50686030834913 53.909586653113365 42.952623188495636 2032.094292011112 9.8807851672172529 382.22188568115234 11.581988086923955
leaf_count=118 1508 202 127 5980 24 1254 68
internal_value=-0.000176673 0.00383119 0.00139097 -0.00117163 0.0241257 -0.000902765 -0.020902
internal_weight=3051.17 605.25 541.459 2445.92 63.7904 2414.32 31.6012
internal_count=9281 1861 1635 7420 226 7234 186
is_linear=0
shrinkage=0.05


Tree=234
num_leaves=7
num_cat=0
split_feature=5 40 2 14 13 11
split_gain=5.32583 5.40089 7.69184 5.88816 2.69917 0.734655
threshold=-467.03999999999991 1.0000000180025095e-35 37.500000000000007 2.291666666666667 2.7083333333333335 -2.5857142857142859
decision_type=2 2 2 2 2 2
left_child=4 3 -3 -2 5 -1
right_child=1 2 -4 -5 -6 -7
leaf_value=0.011007117051115883 -0.0025031714489781596 0.00075047803608273723 0.015562016849762651 0.0097619907233462127 -0.0082669031256177496 0.035607504789513113
leaf_weight=6.049856331199412 1767.3327878266573 411.95879106037319 110.6719928085804 102.47372533753514 5.2983050048351279 14.842882394790649
leaf_count=59 7051 1463 290 292 34 92
internal_value=-0.00031365 -0.000565535 0.00392024 -0.00182345 0.0216857 0.0295406
internal_weight=2418.63 2392.44 522.631 1869.81 26.191 20.8927
internal_count=9281 9096 1753 7343 185 151
is_linear=0
shrinkage=0.05


Tree=235
num_leaves=7
num_cat=0
split_feature=36 28 10 24 21 10
split_gain=3.13207 5.1157 3.08988 8.6765 6.06604 0.944293
threshold=1085.0000000000002 0.75882698464367404 2.4500000000000006 0.56680230142031263 0.69142119362372012 1.0500000000000003
decision_type=2 2 2 2 2 2
left_child=2 5 4 -4 -1 -2
right_child=1 -3 3 -5 -6 -7
leaf_value=0.00037843363814315709 0.020679446884090114 -0.040769402974381225 -0.013708226516447652 0.0066318034125396998 0.010160514040109538 -0.0071899965827137901
leaf_weight=2925.3536288924515 4.9714285731315631 10.879503257572649 125.49089449644089 88.371798649430275 166.67349434271455 5.0732189975678921
leaf_count=8105 18 41 420 223 452 22
internal_value=0.000380222 -0.01845 0.000506461 -0.00528835 0.000910461 0.00677427
internal_weight=3326.81 20.9242 3305.89 213.863 3092.03 10.0446
internal_count=9281 81 9200 643 8557 40
is_linear=0
shrinkage=0.05


Tree=236
num_leaves=6
num_cat=0
split_feature=14 8 4 11 15
split_gain=4.7348 4.99658 4.74533 3.0229 1.44816
threshold=-4.7749999999999995 -3.7749999999999995 1624.8400000000001 -3.9499999999999997 0.18333333333333332
decision_type=2 2 2 2 2
left_child=4 3 -3 -2 -1
right_child=1 2 -4 -5 -6
leaf_value=0.036404352958189543 -0.0074465732036558558 0.0014761242849406231 -0.002604752532824179 -0.040289673843057781 0.00044728794388550035
leaf_weight=10.508719094097613 19.952939487993721 1844.8943803235888 1158.8803261257708 10.794254589825867 4.1101047769188872
leaf_count=61 118 5388 3630 66 18
internal_value=-0.000164383 -0.000307244 -9.69895e-05 -0.02004 0.027291
internal_weight=3049.14 3034.52 3003.77 30.7472 14.6188
internal_count=9281 9202 9018 184 79
is_linear=0
shrinkage=0.05


Tree=237
num_leaves=8
num_cat=0
split_feature=26 0 4 24 25 35 25
split_gain=5.24772 8.18914 7.29951 7.10054 3.81856 7.29949 6.04055
threshold=-1.5499583614159727 149.50000000000003 1509.9750000000001 0.34409451165306576 0.21155786251780057 290.50000000000006 0.55288615249331208
decision_type=2 2 2 2 2 2 2
left_child=4 2 -2 -3 5 -1 -6
right_child=1 3 -4 -5 6 -7 -8
leaf_value=-0.0027107462993833705 -0.0084784251535783214 0.017156195380952796 0.00036446118035893656 0.0019481781323813748 -0.025568290937192196 0.061175388631410199 -0.0041327000958863254
leaf_weight=37.605180967599154 271.08232318982482 121.99031855538487 1634.0731415711343 207.30368573963642 52.931302953511477 4.0490148663520804 87.184316309168935
leaf_count=348 1786 375 5203 670 375 28 496
internal_value=-0.000301667 0.000362321 -0.000894947 0.00763217 -0.00844857 0.00467074 -0.0123896
internal_weight=2416.22 2234.45 1905.16 329.294 181.77 41.6542 140.116
internal_count=9281 8034 6989 1045 1247 376 871
is_linear=0
shrinkage=0.05


Tree=238
num_leaves=5
num_cat=0
split_feature=30 30 0 35
split_gain=3.11148 3.37995 4.31662 3.16202
threshold=8.5000000000000018 5.5000000000000009 19.500000000000004 489.50000000000006
decision_type=2 2 2 2
left_child=1 3 -3 -1
right_child=-2 2 -4 -5
leaf_value=0.00066322717184989018 0.031586306292317554 0.0046507179294017868 -0.043067356001005086 -0.0090740790542552154
leaf_weight=3217.3518044017255 6.9644221663475028 8.2652503699064273 9.1167503483593446 84.546963766217232
leaf_count=8946 15 24 32 264
internal_value=0.000365826 0.000289321 -0.0210865 0.000409712
internal_weight=3326.25 3319.28 17.382 3301.9
internal_count=9281 9266 56 9210
is_linear=0
shrinkage=0.05


Tree=239
num_leaves=8
num_cat=0
split_feature=1 20 35 34 30 25 26
split_gain=4.83665 7.52735 6.83091 6.77876 6.84436 4.767 3.46632
threshold=148.50000000000003 -2.88950456356396 129.50000000000003 0.78888888888888908 1.0000000180025095e-35 2.5661629771456149 0.38678336982681499
decision_type=2 2 2 2 2 2 2
left_child=1 5 -3 4 -2 -1 -5
right_child=3 2 -4 6 -6 -7 -8
leaf_value=-0.030737627763418152 0.0042725860969768095 0.00040044151251618143 -0.0069064795922800411 0.019432077586800364 -0.016592965738102764 0.027745919499732444 -0.012141146005021197
leaf_weight=29.606788283213973 276.89488300308585 2224.1004906818271 372.39450792595744 87.42069735750556 44.740164585411549 3.0598792787641278 8.7690908610820753
leaf_count=205 870 6532 1068 416 135 31 24
internal_value=-0.000158465 -0.000954677 -0.000647862 0.00483007 0.00131221 -0.0244496 0.016407
internal_weight=3046.99 2629.16 2596.49 417.825 321.635 32.6667 96.1898
internal_count=9281 7836 7600 1445 1005 236 440
is_linear=0
shrinkage=0.05


Tree=240
num_leaves=8
num_cat=0
split_feature=25 9 6 23 27 19 0
split_gain=5.13752 5.13592 5.29936 4.67933 5.22621 3.602 0.536215
threshold=3.3972694968124784 0.76388888888888895 0.90000000000000013 -0.15219386063912257 0.7762027601717989 1.6348423273018409 102.50000000000001
decision_type=2 2 2 2 2 2 2
left_child=1 2 -1 6 -5 -3 -2
right_child=3 5 -4 4 -6 -7 -8
leaf_value=-0.00033595205068686761 0.056974056058191093 -0.026149452914903365 0.030149965164219139 -0.010526094170808922 0.025957467439619006 -0.0051888865653091148 0.025118401591984238
leaf_weight=2254.8646837491542 4.7476151660084707 29.563108550384641 13.344051256775854 20.226253021508455 17.200043462216854 66.941046139225364 6.8453219011425972
leaf_count=8519 16 127 84 62 54 386 33
internal_value=-0.000289313 -0.000626507 -0.00014119 0.0155645 0.00634975 -0.0118636 0.0420495
internal_weight=2413.73 2364.71 2268.21 49.0192 37.4263 96.5042 11.5929
internal_count=9281 9116 8603 165 116 513 49
is_linear=0
shrinkage=0.05


Tree=241
num_leaves=5
num_cat=0
split_feature=2 8 19 21
split_gain=3.05783 3.01395 6.84201 5.79433
threshold=-145.49999999999997 0.36666666666666675 2.5233652071737946 0.47459720707746195
decision_type=2 2 2 2
left_child=-1 3 -3 -2
right_child=1 2 -4 -5
leaf_value=-0.030502281332839734 0.000217146322625631 0.003724390457701246 -0.0057321268856295529 -0.0078737147600898248
leaf_weight=7.0049356259405604 1659.8312200903893 1177.9230968095362 227.04808367788792 254.14204232953489
leaf_count=105 4611 3170 686 709
internal_value=0.000355018 0.00043082 0.00218964 -0.000858118
internal_weight=3325.95 3318.94 1404.97 1913.97
internal_count=9281 9176 3856 5320
is_linear=0
shrinkage=0.05


Tree=242
num_leaves=8
num_cat=0
split_feature=5 14 10 24 21 5 4
split_gain=4.51855 4.37856 5.35144 4.63776 3.62975 6.19562 4.25967
threshold=-200.63999999999996 1.3666666666666669 2.5277777777777781 0.59358712440749539 0.096013537502592214 -384.3300000000001 1768.2300000000002
decision_type=2 2 2 2 2 2 2
left_child=4 3 -3 -2 5 -1 -6
right_child=1 2 -4 -5 6 -7 -8
leaf_value=-0.025112920916671666 0.00045426761300074484 -0.0071067493520708975 0.010425345568042615 0.007745443818370619 -0.01639794980815782 0.012240236369579853 -0.00099244510419173901
leaf_weight=13.305711869150398 2191.6263660639524 314.34294866770506 49.386033818125725 241.49530912935734 109.17862599156797 48.222963336855173 77.146716428920627
leaf_count=220 6172 851 131 646 568 280 413
internal_value=-0.000156783 0.000415855 -0.00469053 0.00118288 -0.00661439 0.00381013 -0.0100854
internal_weight=3044.7 2796.85 363.729 2433.12 247.854 61.5287 186.325
internal_count=9281 7800 982 6818 1481 500 981
is_linear=0
shrinkage=0.05


Tree=243
num_leaves=7
num_cat=0
split_feature=5 40 2 23 26 11
split_gain=4.93885 5.08187 7.00662 5.5915 2.42494 0.794267
threshold=-467.03999999999991 1.0000000180025095e-35 37.500000000000007 1.3608729796422585 1.8522609035427327 -2.5857142857142859
decision_type=2 2 2 2 2 2
left_child=4 3 -3 -2 5 -1
right_child=1 2 -4 -5 -6 -7
leaf_value=0.0097277301290277854 -0.0010530259069753327 0.00080667167791150744 0.014961809362272226 -0.012659879687826017 -0.0063105601862946297 0.035385744050205226
leaf_weight=5.7222943864762827 1755.7668228112161 411.35393328033388 110.3680192604661 109.44693692028522 5.609952136874198 14.203982271254063
leaf_count=57 6711 1463 290 632 38 90
internal_value=-0.000280749 -0.000521063 0.00383359 -0.00174319 0.0211667 0.0290733
internal_weight=2412.47 2386.94 521.722 1865.21 25.5362 19.9263
internal_count=9281 9096 1753 7343 185 147
is_linear=0
shrinkage=0.05


Tree=244
num_leaves=8
num_cat=0
split_feature=28 17 25 2 17 23 39
split_gain=3.09855 8.84509 9.54836 7.60551 7.65993 6.57217 5.20353
threshold=1.5847949615617456 0.76388888888888895 2.0131740068790918 -19.499999999999996 -1.0000000180025095e-35 0.44861120159782164 1.5000000000000002
decision_type=2 2 2 2 2 2 2
left_child=1 6 -3 5 -5 -2 -1
right_child=3 2 -4 4 -6 -7 -8
leaf_value=-0.025258382594169577 0.0013524617524309744 0.012997858990412709 -0.023659961085807073 -0.029058973304651077 0.00072094423215589309 -0.01971723697948987 0.00050953212146100015
leaf_weight=18.774294488132 57.499933525919914 231.04516909271479 18.238186746835709 21.190997295081615 799.39697021618485 100.16321783512831 2079.5956315286458
leaf_count=63 166 553 48 64 2045 315 6027
internal_value=0.000340627 0.00132696 0.0102121 -0.00202026 -7.64447e-05 -0.0120415 0.000264681
internal_weight=3325.9 2347.65 249.283 978.251 820.588 157.663 2098.37
internal_count=9281 6691 601 2590 2109 481 6090
is_linear=0
shrinkage=0.05


Tree=245
num_leaves=8
num_cat=0
split_feature=1 3 34 30 40 5 34
split_gain=4.40489 8.79517 6.37717 6.40412 5.91562 3.81673 2.17915
threshold=148.50000000000003 1340.2500000000002 0.78888888888888908 1.0000000180025095e-35 1.0000000180025095e-35 49.47500000000003 0.17424242424242423
decision_type=2 2 2 2 2 2 2
left_child=1 6 3 -2 -3 -4 -1
right_child=2 4 5 -5 -6 -7 -8
leaf_value=-0.0078136963634185732 0.0040919157023033446 0.00084152772103176458 0.039237779106014323 -0.016061784913834542 -0.0053012883265217518 0.011354651093204614 -0.023100352386953571
leaf_weight=49.872632138431072 276.58959833160043 2044.7940643690526 14.16568838059902 44.905234061181545 483.67360266670585 80.977321419864893 48.124474380165339
leaf_count=354 870 5853 39 135 1347 401 282
internal_value=-0.000148041 -0.000907756 0.0046199 0.00122034 -0.000333193 0.0159231 -0.0155287
internal_weight=3043.1 2626.46 416.638 321.495 2528.47 95.143 97.9971
internal_count=9281 7836 1445 1005 7200 440 636
is_linear=0
shrinkage=0.05


Tree=246
num_leaves=6
num_cat=0
split_feature=8 26 12 7 29
split_gain=4.86963 4.76208 5.81649 5.05576 0.728672
threshold=-5.2999999999999998 -1.5499583614159727 1.0000000180025095e-35 0.45000000000000007 -1.7692527901826767
decision_type=2 2 2 2 2
left_child=4 3 -3 -2 -1
right_child=1 2 -4 -5 -6
leaf_value=0.0068564251316521555 -0.022569660384732577 0.01054339931037478 -0.00043160435085513551 -0.003239948639727925 0.037533740111178569
leaf_weight=3.6259849667549124 45.14828778244555 127.08694235421717 2094.0624276194721 131.5739003252238 8.5827237255871278
leaf_count=11 176 653 7342 1060 39
internal_value=-0.000260654 -0.000429306 0.000198562 -0.00830557 0.03001
internal_weight=2410.08 2397.87 2221.15 176.722 12.2087
internal_count=9281 9231 7995 1236 50
is_linear=0
shrinkage=0.05


Tree=247
num_leaves=6
num_cat=0
split_feature=29 29 2 13 3
split_gain=3.00684 5.94608 11.0463 3.5382 0.778686
threshold=-4.8274056774121554 -3.8322407103994709 -30.499999999999996 0.29166666666666669 1257.2450000000001
decision_type=2 2 2 2 2
left_child=4 2 -2 -3 -1
right_child=1 3 -4 -5 -6
leaf_value=0 -0.029714557095241564 -0.0087080708715668725 0.057369969435147661 0.0005640485718762582 -0.033690350441388593
leaf_weight=2.0127373039722425 4.4922021497040978 105.27778312005103 10.535743474960325 3195.5939371380955 7.1552497036755085
leaf_count=9 45 470 29 8663 65
internal_value=0.000328778 0.000413388 0.0307966 0.000264262 -0.0268124
internal_weight=3325.07 3315.9 15.0279 3300.87 9.16799
internal_count=9281 9207 74 9133 74
is_linear=0
shrinkage=0.05


Tree=248
num_leaves=6
num_cat=0
split_feature=14 8 1 11 15
split_gain=4.37745 4.64662 4.15639 2.96429 1.42743
threshold=-4.7749999999999995 -3.7749999999999995 15.500000000000002 -3.9499999999999997 0.18333333333333332
decision_type=2 2 2 2 2
left_child=4 3 -3 -2 -1
right_child=1 2 -4 -5 -6
leaf_value=0.035809428294883316 -0.0070160633096695377 -0.0057262986165443168 0.00052687786320511386 -0.039884187213378622 3.3035426716459983e-05
leaf_weight=10.176243551075457 19.674979273229841 293.68251756578684 2702.276268247515 10.464800242334602 4.0924483463168135
leaf_count=61 118 1038 7980 66 18
internal_value=-0.000151275 -0.000287557 -8.61352e-05 -0.0195031 0.02655
internal_weight=3040.37 3026.1 2995.96 30.1398 14.2687
internal_count=9281 9202 9018 184 79
is_linear=0
shrinkage=0.05


Tree=249
num_leaves=8
num_cat=0
split_feature=30 5 35 0 29 27 11
split_gain=4.86104 6.24303 5.87537 5.13872 4.50975 3.61645 2.00573
threshold=1.0000000180025095e-35 219.72500000000005 3.5000000000000004 149.50000000000003 -0.40776477955553742 0.087745067880652616 0.76388888888888895
decision_type=2 2 2 2 2 2 2
left_child=2 5 4 -4 -1 -2 -3
right_child=1 6 3 -5 -6 -7 -8
leaf_value=-0.0027307280615990696 0.016621224742122003 -0.0087321937417981794 -0.0013690004829078233 0.0060964445711574186 0.013043998995109019 -0.0032550204170440794 -0.029936995413886214
leaf_weight=61.638287097215652 22.745953612029552 21.797112300992012 1235.5712311733514 282.31383118405938 162.1508216150105 596.12663223966956 26.97870459780097
leaf_count=244 153 393 4260 913 507 2354 457
internal_value=-0.000248601 -0.00387444 0.00113988 1.93171e-05 0.0086841 -0.00249079 -0.0209272
internal_weight=2409.32 667.648 1741.67 1517.89 223.789 618.873 48.7758
internal_count=9281 3357 5924 5173 751 2507 850
is_linear=0
shrinkage=0.05


Tree=250
num_leaves=8
num_cat=0
split_feature=28 17 25 2 27 0 39
split_gain=2.9721 8.18062 8.95932 7.12145 8.25961 7.19408 4.89222
threshold=1.5847949615617456 0.76388888888888895 2.0131740068790918 -19.499999999999996 0.33968044360172772 35.500000000000007 1.5000000000000002
decision_type=2 2 2 2 2 2 2
left_child=1 6 -3 5 -5 -2 -1
right_child=3 2 -4 4 -6 -7 -8
leaf_value=-0.024661651020185485 -0.021780384470682892 0.012498987543002337 -0.023085672248835776 -0.026343155276254856 0.00082966465661852271 -0.0003240238935028263 0.00049268093447064323
leaf_weight=18.506743282079697 82.645543344318867 231.72014094889164 18.141706615686417 27.985675230622292 792.60444737225771 74.260044597089291 2079.1540670823306
leaf_count=63 254 553 48 82 2027 227 6027
internal_value=0.000313974 0.0012798 0.00981364 -0.00199936 -0.000121896 -0.0117236 0.000256727
internal_weight=3325.02 2347.52 249.862 977.496 820.59 156.906 2097.66
internal_count=9281 6691 601 2590 2109 481 6090
is_linear=0
shrinkage=0.05


Tree=251
num_leaves=7
num_cat=0
split_feature=5 5 13 14 17 26
split_gain=4.26457 3.91873 4.38747 3.93429 1.80821 3.44524
threshold=454.77999999999992 -257.4199999999999 0.77500000000000013 1.3666666666666669 -1.7071428571428569 -2.1711130465347082
decision_type=2 2 2 2 2 2
left_child=1 2 -1 -3 5 -2
right_child=4 3 -4 -5 -6 -7
leaf_value=0.028594703789348475 0.022784783755323144 0.00079771143160380087 -0.011229288040530614 -0.0045501317589262029 0.034425143258476967 -0.029345775451427577
leaf_weight=6.334566965699195 8.8544899486005288 2492.4424880295992 118.4255604557693 397.91031331568956 11.180583193898199 3.6529889330267933
leaf_count=48 109 6971 915 1132 76 30
internal_value=-0.000144771 -0.000315764 -0.00895621 5.84339e-05 0.0205486 0.00614377
internal_weight=3038.8 3015.11 124.76 2890.35 23.6881 12.5075
internal_count=9281 9066 963 8103 215 139
is_linear=0
shrinkage=0.05


Tree=252
num_leaves=8
num_cat=0
split_feature=25 9 1 23 27 29 0
split_gain=4.7247 4.73036 5.0009 4.40048 4.87515 3.75379 0.512333
threshold=3.3972694968124784 0.76388888888888895 181.50000000000003 -0.15219386063912257 0.7762027601717989 0.030501565158188654 102.50000000000001
decision_type=2 2 2 2 2 2 2
left_child=1 2 -1 6 -5 -3 -2
right_child=3 5 -4 4 -6 -7 -8
leaf_value=0.00026791493946956487 0.055276372349262075 -0.032526185349835805 -0.015320888817449588 -0.010268793217312827 0.024960271085038978 -0.0065941344315452212 0.024169161589219928
leaf_weight=2211.0719626378268 4.7396391630172712 16.435013059526682 51.668366560712457 20.174525287002325 17.247147433459759 78.96549729257822 6.7757608443498611
leaf_count=8200 16 168 403 62 54 345 33
internal_value=-0.000232742 -0.000556845 -9.24484e-05 0.0149832 0.00606473 -0.0114045 0.0407658
internal_weight=2407.08 2358.14 2262.74 48.9371 37.4217 95.4005 11.5154
internal_count=9281 9116 8603 165 116 513 49
is_linear=0
shrinkage=0.05


Tree=253
num_leaves=5
num_cat=0
split_feature=30 30 0 21
split_gain=2.92261 3.11802 4.12864 3.62869
threshold=8.5000000000000018 5.5000000000000009 19.500000000000004 0.69142119362372012
decision_type=2 2 2 2
left_child=1 3 -3 -1
right_child=-2 2 -4 -5
leaf_value=-0.00012971961444276924 0.030442598935267559 0.0045945071477680446 -0.042307470626653312 0.0061060649859750391
leaf_weight=3048.5817486084998 7.0276842415332785 8.2632661908864993 8.8904116898775083 251.52123223803937
leaf_count=8510 15 24 32 700
internal_value=0.000305185 0.000230676 -0.0204299 0.000345739
internal_weight=3324.28 3317.26 17.1537 3300.1
internal_count=9281 9266 56 9210
is_linear=0
shrinkage=0.05


Tree=254
num_leaves=7
num_cat=0
split_feature=14 8 40 11 40 5
split_gain=4.10908 4.3281 3.77812 2.91499 0.826598 0.0273485
threshold=-4.7749999999999995 -3.7749999999999995 1.0000000180025095e-35 -3.9499999999999997 1.0000000180025095e-35 160.56499999999997
decision_type=2 2 2 2 2 2
left_child=4 3 -3 -2 5 -1
right_child=1 2 -4 -5 -6 -7
leaf_value=0.039197510185017999 -0.0065497717226141033 0.00079572205827972513 -0.0036599574179449011 -0.039359823513402101 0.0049936789074462133 0.016532388343623573
leaf_weight=6.0775050520896894 19.458231888711456 2399.8948833346367 592.26696627214551 10.259596161544321 4.3720775544643393 3.5030474923551083
leaf_count=24 118 7332 1686 66 17 38
internal_value=-0.000147972 -0.000278893 -8.54905e-05 -0.0189523 0.025995 0.0337286
internal_weight=3035.83 3021.88 2992.16 29.7178 13.9526 9.58055
internal_count=9281 9202 9018 184 79 62
is_linear=0
shrinkage=0.05


Tree=255
num_leaves=7
num_cat=0
split_feature=5 40 2 23 11 11
split_gain=4.59403 4.48665 6.5579 5.1474 1.85316 4.37578
threshold=-496.85499999999996 1.0000000180025095e-35 37.500000000000007 1.3608729796422585 -2.5857142857142859 -2.9499999999999997
decision_type=2 2 2 2 2 2
left_child=4 3 -3 -2 5 -1
right_child=1 2 -4 -5 -6 -7
leaf_value=0.028277266279819205 -0.00091790690323506759 0.00073859808212041944 0.014441105079435634 -0.012126890871165152 0.034628175194238824 -0.046469457787816887
leaf_weight=4.459259320050478 1757.6252496726811 411.38656379841268 110.2016024440527 107.91990014072508 12.175078198313711 2.0481263175606754
leaf_count=50 6747 1463 291 632 82 16
internal_value=-0.000226729 -0.000426966 0.00366534 -0.00157516 0.0238261 0.00102941
internal_weight=2405.82 2387.13 521.588 1865.55 18.6825 6.50739
internal_count=9281 9133 1754 7379 148 66
is_linear=0
shrinkage=0.05


Tree=256
num_leaves=5
num_cat=0
split_feature=25 11 10 13
split_gain=2.89224 3.21801 5.27656 0.460362
threshold=4.791474394132055 3.9500000000000006 3.8285714285714287 1.3666666666666669
decision_type=2 2 2 2
left_child=1 2 -1 -3
right_child=-2 3 -4 -5
leaf_value=0.00037671282184713599 -0.02800518433388834 0.030903478344614349 -0.035098186903786043 0.0099252771206318497
leaf_weight=3292.0524166151881 7.9998481795191756 8.0607025027275068 9.5135226324200612 6.865426003932952
leaf_count=9175 33 22 33 18
internal_value=0.00029396 0.00037215 0.000262381 0.0227974
internal_weight=3324.49 3316.49 3301.57 14.9261
internal_count=9281 9248 9208 40
is_linear=0
shrinkage=0.05


Tree=257
num_leaves=8
num_cat=0
split_feature=1 3 34 30 40 26 34
split_gain=3.92573 8.1117 5.82874 6.03837 5.15857 3.31716 2.13916
threshold=148.50000000000003 1340.2500000000002 0.78888888888888908 1.0000000180025095e-35 1.0000000180025095e-35 0.38678336982681499 0.17424242424242423
decision_type=2 2 2 2 2 2 2
left_child=1 6 3 -2 -3 -4 -1
right_child=2 4 5 -5 -6 -7 -8
leaf_value=-0.0073463996791563874 0.0039285809549413778 0.00078674594040541103 0.018288419673942621 -0.015629380260676742 -0.0049595387221891551 -0.012614888163028318 -0.022601711761116434
leaf_weight=49.180205184966326 275.65108367055655 2042.1325744055212 85.247532907873392 44.99579057097435 481.73321344330907 8.7581345438957197 47.169272694736719
leaf_count=354 870 5853 416 135 1347 24 282
internal_value=-0.000140608 -0.000858022 0.00437191 0.00112844 -0.000309604 0.0152542 -0.0150217
internal_weight=3034.87 2620.22 414.653 320.647 2523.87 94.0057 96.3495
internal_count=9281 7836 1445 1005 7200 440 636
is_linear=0
shrinkage=0.05


Tree=258
num_leaves=5
num_cat=0
split_feature=2 26 12 18
split_gain=4.4277 4.32456 6.57745 5.09222
threshold=153.50000000000003 -1.5499583614159727 1.0000000180025095e-35 0.18855523557448728
decision_type=2 2 2 2
left_child=1 3 -3 -1
right_child=-2 2 -4 -5
leaf_value=-0.016201277903198783 0.033445799130122536 0.011151887925182673 -0.00043521407609028464 0.00059430202345784483
leaf_weight=89.255449183285236 8.723337493836878 129.08474621549249 2087.5115964319557 89.019784933887422
leaf_count=445 77 657 7301 801
internal_value=-0.000221164 -0.000359791 0.000242037 -0.00783017
internal_weight=2403.59 2394.87 2216.6 178.275
internal_count=9281 9204 7958 1246
is_linear=0
shrinkage=0.05


Tree=259
num_leaves=8
num_cat=0
split_feature=28 1 2 17 23 17 17
split_gain=2.85762 7.73253 6.73832 7.03853 6.19884 5.54544 5.06392
threshold=1.5847949615617456 15.500000000000002 -19.499999999999996 -1.0000000180025095e-35 0.44861120159782164 0.68333333333333346 1.1547619047619049
decision_type=2 2 2 2 2 2 2
left_child=1 5 4 -4 -2 -1 -3
right_child=2 6 3 -5 -6 -7 -8
leaf_value=0.0025254248800617401 0.0015315223320948479 0.00013851995734839327 -0.028135594908430622 0.00059972517068073751 -0.01898807529096664 0.02280051675367956 0.015728922079149544
leaf_weight=67.971981458365917 57.362077310681343 2159.1573105733842 20.891138818114996 799.43402849324048 98.934836693108082 67.736698549240828 52.395233675837517
leaf_count=173 166 6240 64 2045 315 153 125
internal_value=0.000286152 0.00123304 -0.00198345 -0.000159352 -0.0114636 0.0127747 0.000517083
internal_weight=3323.88 2347.26 976.622 820.325 156.297 135.709 2211.55
internal_count=9281 6691 2590 2109 481 326 6365
is_linear=0
shrinkage=0.05


Tree=260
num_leaves=7
num_cat=0
split_feature=5 5 15 14 17 26
split_gain=3.92983 3.50181 3.75517 3.59109 1.82343 3.26974
threshold=454.77999999999992 -257.4199999999999 0.68333333333333346 1.3666666666666669 -1.7071428571428569 -2.1711130465347082
decision_type=2 2 2 2 2 2
left_child=1 2 -1 -3 5 -2
right_child=4 3 -4 -5 -6 -7
leaf_value=-0.014013406810036001 0.022251164389804012 0.00075906927035292811 0.0050975316552811824 -0.0043562482261665604 0.034150348462308085 -0.028654569307925266
leaf_weight=87.941608579829335 8.5161328781396133 2489.6316846869886 35.083822499960661 396.8888067305088 10.812829479575155 3.6971334517002132
leaf_count=698 109 6971 265 1132 76 30
internal_value=-0.000136675 -0.000299008 -0.00852597 5.27302e-05 0.0200017 0.00546047
internal_weight=3032.57 3009.55 123.025 2886.52 23.0261 12.2133
internal_count=9281 9066 963 8103 215 139
is_linear=0
shrinkage=0.05


Tree=261
num_leaves=6
num_cat=0
split_feature=8 1 0 2 0
split_gain=4.54296 4.294 4.82292 3.97851 1.09368
threshold=-5.2999999999999998 180.50000000000003 177.50000000000003 3.5000000000000004 202.50000000000003
decision_type=2 2 2 2 2
left_child=4 2 -2 -3 -1
right_child=1 3 -4 -5 -6
leaf_value=0.039859262725554151 -0.00054647017608810901 -0.0079386185718976487 0.010179703910175525 -0.045005541990069092 0.0058934972633607552
leaf_weight=7.6141293197870237 2228.2157828714699 45.699331659823656 108.96573350578547 7.913878768682479 4.339364618062973
leaf_count=32 8426 418 365 22 18
internal_value=-0.000204207 -0.00036612 -4.01087e-05 -0.0142255 0.0293218
internal_weight=2402.75 2390.79 2337.18 53.6132 11.9535
internal_count=9281 9231 8791 440 50
is_linear=0
shrinkage=0.05


Tree=262
num_leaves=7
num_cat=0
split_feature=16 16 24 23 10 2
split_gain=2.83501 4.06839 3.16131 6.0531 5.6302 2.75202
threshold=3.4142857142857146 4.757142857142858 0.77591540025055694 2.7467506121675069 2.3875000000000006 -4.4999999999999991
decision_type=2 2 2 2 2 2
left_child=2 5 4 -4 -1 -2
right_child=1 -3 3 -5 -6 -7
leaf_value=0.0004787758675019639 -0.00031204287236984369 0.014501626917977017 0.0037515051753686671 0.041991742362585384 -0.0082813181416201958 -0.036501879251281587
leaf_weight=2756.2046324759722 8.162434764206413 8.1277144700288755 330.22203679010272 9.7364061772823316 195.47591131180525 15.423711869865656
leaf_count=7692 29 25 835 21 618 61
internal_value=0.000275674 -0.0143667 0.000422587 0.00498132 -0.000102279 -0.0247032
internal_weight=3323.35 31.7139 3291.64 339.958 2951.68 23.5861
internal_count=9281 115 9166 856 8310 90
is_linear=0
shrinkage=0.05


Tree=263
num_leaves=7
num_cat=0
split_feature=14 8 35 11 40 0
split_gain=3.81015 4.12231 3.51203 2.84525 0.816333 0.0890629
threshold=-4.7749999999999995 -3.7749999999999995 129.50000000000003 -3.9499999999999997 1.0000000180025095e-35 149.50000000000003
decision_type=2 2 2 2 2 2
left_child=4 3 -3 -2 5 -1
right_child=1 2 -4 -5 -6 -7
leaf_value=0.0144733381250415 -0.0063480119817675958 0.00065653624821784275 -0.0040784377756880796 -0.039010162949114302 0.0045437784228194982 0.038561194939753789
leaf_weight=3.1373324748128635 19.305178463459018 2524.7895181439817 462.43311232328415 10.035343633964656 4.3478695154190055 6.168987363576889
leaf_count=36 118 7637 1381 66 17 26
internal_value=-0.000138747 -0.000263855 -7.59016e-05 -0.0186018 0.0252914 0.0331181
internal_weight=3030.22 3016.56 2987.22 29.3405 13.6542 9.30632
internal_count=9281 9202 9018 184 79 62
is_linear=0
shrinkage=0.05


Tree=264
num_leaves=8
num_cat=0
split_feature=30 5 35 4 29 27 11
split_gain=4.3623 5.85781 5.41811 5.05877 4.16579 3.53243 2.01
threshold=1.0000000180025095e-35 219.72500000000005 3.5000000000000004 1907.47 -0.40776477955553742 0.087745067880652616 0.76388888888888895
decision_type=2 2 2 2 2 2 2
left_child=2 5 4 -4 -1 -2 -3
right_child=1 6 3 -5 -6 -7 -8
leaf_value=-0.0026233238777786118 0.016572260941366986 -0.0081897626814263127 -0.00044937724051928064 0.016814620781560888 0.012560987564404467 -0.0030717267728756063 -0.02967889945750439
leaf_weight=61.371062234044075 22.750817958265543 21.347088491544127 1471.4593631885946 42.690265733748674 162.00584410876036 593.94420213252306 25.870680585503578
leaf_count=244 153 393 5051 122 507 2354 457
internal_value=-0.000192542 -0.00363869 0.0011227 4.48441e-05 0.00837383 -0.00231328 -0.0204387
internal_weight=2401.44 663.913 1737.53 1514.15 223.377 616.695 47.2178
internal_count=9281 3357 5924 5173 751 2507 850
is_linear=0
shrinkage=0.05


Tree=265
num_leaves=6
num_cat=0
split_feature=36 25 26 25 21
split_gain=2.77338 5.01328 3.26105 2.75336 2.78783
threshold=1085.0000000000002 0.75312438482205646 -2.3838397489078367 4.791474394132055 0.69142119362372012
decision_type=2 2 2 2 2
left_child=3 2 -2 4 -1
right_child=1 -3 -4 -5 -6
leaf_value=3.2434402725900772e-05 -0.019124747022602757 -0.040495855612540592 0.032754196991665895 -0.027472273035025925 0.0054492187367791052
leaf_weight=3038.0492010749876 5.0421342514455318 10.388951800763605 5.0424967706203478 7.8428301736712447 256.86351002939045
leaf_count=8452 27 39 15 33 715
internal_value=0.000263805 -0.0176423 0.00697929 0.000381624 0.000457756
internal_weight=3323.23 20.4736 10.0846 3302.76 3294.91
internal_count=9281 81 42 9200 9167
is_linear=0
shrinkage=0.05


Tree=266
num_leaves=7
num_cat=0
split_feature=5 1 3 34 29 4
split_gain=3.7278 3.41417 7.2756 5.27191 1.58272 2.89309
threshold=454.77999999999992 148.50000000000003 1340.2500000000002 0.78888888888888908 -1.7692527901826767 1283.2600000000002
decision_type=2 2 2 2 2 2
left_child=1 2 -1 -3 5 -2
right_child=4 3 -4 -5 -6 -7
leaf_value=-0.014488398696504149 0.016897902548650166 0.00098186249190251765 -0.00043784366290977573 0.014942965040983728 0.033830245739151617 -0.040493957862878779
leaf_weight=94.700971268117428 11.040615638718011 316.70150703936815 2509.9266566112638 85.362984362989664 9.9069102704524976 1.6753216832876194
leaf_count=636 134 963 7122 345 70 11
internal_value=-0.000135094 -0.000292081 -0.000955987 0.00398809 0.0196467 0.00657095
internal_weight=3029.31 3006.69 2604.63 402.064 22.6228 12.7159
internal_count=9281 9066 7758 1308 215 145
is_linear=0
shrinkage=0.05


end of trees

feature_importances:
elo_diff=403
fifa_rank_diff=138
neutral=94
away_fifa_rank=88
away_avg_gd_10=75
away_weighted_avg_goals_5=70
home_avg_gd_5=67
away_elo=65
home_fifa_rank=60
home_avg_gd_10=60
away_avg_gd_5=51
home_weighted_avg_goals_10=40
away_days_rest=40
home_elo=38
away_weighted_avg_gd_10=38
away_weighted_avg_goals_10=37
home_days_rest=35
home_weighted_win_rate_10=31
home_weighted_avg_gd_10=31
away_avg_goals_5=30
away_weighted_avg_gd_5=27
h2h_home_wins=27
home_weighted_avg_goals_5=23
away_avg_goals_10=21
h2h_home_win_rate=21
away_weighted_win_rate_10=20
home_win_rate_10=18
home_avg_goals_10=18
away_weighted_win_rate_5=17
home_weighted_win_rate_5=15
home_weighted_avg_gd_5=10
home_avg_goals_5=8
away_win_rate_5=7
tournament_tier=7
away_win_rate_10=4
home_win_rate_5=2
h2h_draws=2
h2h_total=2
h2h_away_wins=1

parameters:
[boosting: gbdt]
[objective: multiclass]
[metric: multi_logloss]
[tree_learner: serial]
[device_type: cpu]
[data_sample_strategy: bagging]
[data: ]
[valid: ]
[num_iterations: 600]
[learning_rate: 0.05]
[num_leaves: 15]
[num_threads: 8]
[seed: 42]
[deterministic: 0]
[force_col_wise: 0]
[force_row_wise: 0]
[histogram_pool_size: -1]
[max_depth: 3]
[min_data_in_leaf: 20]
[min_sum_hessian_in_leaf: 0.001]
[bagging_fraction: 0.8]
[pos_bagging_fraction: 1]
[neg_bagging_fraction: 1]
[bagging_freq: 0]
[bagging_seed: 400]
[bagging_by_query: 0]
[feature_fraction: 0.8]
[feature_fraction_bynode: 1]
[feature_fraction_seed: 30056]
[extra_trees: 0]
[extra_seed: 12879]
[early_stopping_round: 0]
[early_stopping_min_delta: 0]
[first_metric_only: 0]
[max_delta_step: 0]
[lambda_l1: 0.1]
[lambda_l2: 1]
[linear_lambda: 0]
[min_gain_to_split: 0]
[drop_rate: 0.1]
[max_drop: 50]
[skip_drop: 0.5]
[xgboost_dart_mode: 0]
[uniform_drop: 0]
[drop_seed: 17869]
[top_rate: 0.2]
[other_rate: 0.1]
[min_data_per_group: 100]
[max_cat_threshold: 32]
[cat_l2: 10]
[cat_smooth: 10]
[max_cat_to_onehot: 4]
[top_k: 20]
[monotone_constraints: ]
[monotone_constraints_method: basic]
[monotone_penalty: 0]
[feature_contri: ]
[forcedsplits_filename: ]
[refit_decay_rate: 0.9]
[cegb_tradeoff: 1]
[cegb_penalty_split: 0]
[cegb_penalty_feature_lazy: ]
[cegb_penalty_feature_coupled: ]
[path_smooth: 0]
[interaction_constraints: ]
[verbosity: -1]
[saved_feature_importance_type: 0]
[use_quantized_grad: 0]
[num_grad_quant_bins: 4]
[quant_train_renew_leaf: 0]
[stochastic_rounding: 1]
[linear_tree: 0]
[max_bin: 255]
[max_bin_by_feature: ]
[min_data_in_bin: 3]
[bin_construct_sample_cnt: 200000]
[data_random_seed: 175]
[is_enable_sparse: 1]
[enable_bundle: 1]
[use_missing: 1]
[zero_as_missing: 0]
[feature_pre_filter: 1]
[pre_partition: 0]
[two_round: 0]
[header: 0]
[label_column: ]
[weight_column: ]
[group_column: ]
[ignore_column: ]
[categorical_feature: ]
[forcedbins_filename: ]
[precise_float_parser: 0]
[parser_config_file: ]
[objective_seed: 16083]
[num_class: 3]
[is_unbalance: 0]
[scale_pos_weight: 1]
[sigmoid: 1]
[boost_from_average: 1]
[reg_sqrt: 0]
[alpha: 0.9]
[fair_c: 1]
[poisson_max_delta_step: 0.7]
[tweedie_variance_power: 1.5]
[lambdarank_truncation_level: 30]
[lambdarank_norm: 1]
[label_gain: ]
[lambdarank_position_bias_regularization: 0]
[eval_at: ]
[multi_error_top_k: 1]
[auc_mu_weights: ]
[num_machines: 1]
[local_listen_port: 12400]
[time_out: 120]
[machine_list_filename: ]
[machines: ]
[gpu_platform_id: -1]
[gpu_device_id: -1]
[gpu_use_dp: 0]
[num_gpu: 1]

end of parameters

pandas_categorical:[]
