tree
version=v4
num_class=3
num_tree_per_iteration=3
label_index=0
max_feature_idx=25
objective=multiclass num_class:3
feature_names=home_fifa_rank away_fifa_rank fifa_rank_diff home_win_rate_5 home_avg_goals_5 home_avg_gd_5 home_win_rate_10 home_avg_goals_10 home_avg_gd_10 away_win_rate_5 away_avg_goals_5 away_avg_gd_5 away_win_rate_10 away_avg_goals_10 away_avg_gd_10 h2h_home_wins h2h_draws h2h_away_wins h2h_total h2h_home_win_rate home_days_rest away_days_rest is_knockout altitude_m tournament_tier neutral
feature_infos=[1:211] [1:211] [-209:210] [0:1] [0:11.25] [-15:11] [0:1] [0:11.25] [-15:11] [0:1] [0:15] [-16.5:15] [0:1] [0:15] [-16.5:15] [0:12] [0:6] [0:11] [0:19] [0:1] [1:5882] [1:3644] none none [1:4] [0:1]
tree_sizes=1671 1676 1702 1728 1739 1734 1734 1738 1734 1732 1737 1739 1740 1743 1730 1741 1740 1727 1750 1739 1733 1744 1736 1730 1746 1727 1734 1746 1631 1735 1735 1754 1728 1735 1526 1737 1741 1637 1729 1739 1640 1749 1737 1737 1728 1749 1717 1741 1719 1624 1744 1747 1614 1734 1750 1422 1737 1728 1613 1735 1735 1515 1739 1738 1411 1743 1754 1413 1739 1744 1633 1738 1747 1306 1730 1747 1396 1738 1740 1603 1748 1733 1405 1742 1745 1632 1735 1752 1418 1733 1525 1625 1753 1741 1296 1741 1736 1306 1741 1527 1621 1626 1606 1509 1525 1742 1189 1735 1740 1300 1744 1740 1412 1635 1742 1096 1629 1527 1199 1647 1741 986 1639 1723 988 1745 1724 971 1752 1738 1092 1710 1721 972 1749 1531 983 1741 1738 1000 1629 1537 990 1528 1744 987 1639 1526 882 1732 1752 1640 1639 1739 980 1099 1640 1210 1507 1729 1619 1729

Tree=0
num_leaves=15
num_cat=0
split_feature=19 8 1 14 8 14 1 1 6 1 14 8 4 10
split_gain=394.052 276.305 221.658 101.37 79.6908 37.75 25.0017 19.5763 16.7945 18.2256 13.46 9.45207 7.98575 6.9962
threshold=0.5277777777777779 -1.5277777777777775 61.500000000000007 -0.94999999999999984 -0.4142857142857142 0.35416666666666669 138.50000000000003 182.50000000000003 0.41428571428571431 17.500000000000004 -0.21111111111111108 -1.2361111111111109 0.63333333333333341 1.7750000000000001
decision_type=2 2 2 2 2 2 2 2 2 2 2 2 2 2
left_child=1 3 4 7 -3 -4 -5 -1 10 13 11 -2 -12 -10
right_child=8 2 5 6 -6 -7 -8 -9 9 -11 12 -13 -14 -15
leaf_value=-1.1702552950256995 -1.2060994038410051 -1.149866809430961 -1.2168451073818873 -1.1119215627608412 -1.1856117039036638 -1.1946288554713944 -1.1598815767931994 -1.2191147958795534 -1.2268626910369904 -1.2412437223648991 -1.1798855474398164 -1.2354732734549703 -1.2146790577389157 -1.1752565080621689
leaf_weight=68.765552993281744 34.082214317051694 200.21773505059537 789.05298444780055 147.91218745324295 702.50864337978419 251.35648026166018 36.810959849273786 28.091412982204929 10.418203109875323 381.20646094193216 19.373842253349721 161.70403504488058 85.284898369573057 14.42487533460371
leaf_count=177 64 651 2526 552 2428 882 136 56 21 1059 45 444 201 39
internal_value=-1.19936 -1.18903 -1.19575 -1.14283 -1.17763 -1.21147 -1.12119 -1.18453 -1.23187 -1.23855 -1.22272 -1.23045 -1.20807 -1.19732
internal_weight=2931.21 2224.72 1943.14 281.58 902.726 1040.41 184.723 96.857 706.495 406.05 300.445 195.786 104.659 24.8431
internal_count=9281 7408 6487 921 3079 3408 688 233 1873 1119 754 508 246 60
is_linear=0
shrinkage=1


Tree=1
num_leaves=15
num_cat=0
split_feature=2 0 5 8 11 7 8 1 0 11 2 1 21 5
split_gain=86.9306 55.5234 17.5088 19.8079 17.4445 15.3869 15.3787 15.1564 15.8883 10.9982 8.95103 8.51591 6.37672 0.417296
threshold=-37.499999999999993 153.50000000000003 1.3666666666666669 -0.70714285714285696 -2.0999999999999996 3.0500000000000003 -1.0000000180025095e-35 180.50000000000003 194.50000000000003 -1.4499999999999997 131.50000000000003 155.50000000000003 362.50000000000006 -0.22499999999999998
decision_type=2 2 2 2 2 2 2 2 2 2 2 2 2 2
left_child=4 2 3 -2 12 -4 9 10 -9 -6 -3 -8 13 -1
right_child=1 7 5 -5 6 -7 11 8 -10 -11 -12 -13 -14 -15
leaf_value=-1.550452260142358 -1.5197901338343358 -1.5345768162845359 -1.5291951263367385 -1.5045752063605207 -1.5474468171735982 -1.4892973362505075 -1.5331824447541638 -1.5244174770187966 -1.4584449058734323 -1.5079870906623818 -1.5609608642520723 -1.5526050539803984 -1.514242967227055 -1.5609313597090031
leaf_weight=40.590687458752654 276.90390774433035 216.58317370479926 177.19432793976739 950.4642692883499 20.84415255591739 26.937232986208983 353.69289390963968 36.281151503091678 11.09412432881072 90.723906367318705 37.75780309131369 67.705604136106558 8.9260829328559321 62.824082211707719
leaf_count=122 1163 724 746 3810 78 115 1450 107 40 328 135 190 29 244
internal_value=-1.5202 -1.51437 -1.51026 -1.508 -1.53585 -1.52378 -1.53202 -1.53382 -1.50811 -1.51558 -1.53866 -1.53638 -1.55372 -1.5572
internal_weight=2378.52 1733.22 1431.5 1227.37 645.307 204.132 532.967 301.716 47.3753 111.568 254.341 421.398 112.341 103.415
internal_count=9281 6840 5834 4973 2441 861 2046 1006 147 406 859 1640 395 366
is_linear=0
shrinkage=1


Tree=2
num_leaves=15
num_cat=0
split_feature=2 2 2 19 19 1 7 13 15 2 13 7 18 2
split_gain=1060.09 175.486 114.406 36.5751 29.341 28.3453 26.0434 23.5622 23.2659 21.824 21.0693 17.1117 15.3024 11.5467
threshold=-1.4999999999999998 -37.499999999999993 50.500000000000007 0.63068181818181823 0.5590277777777779 25.500000000000004 1.2361111111111114 0.73214285714285732 1.5000000000000002 -26.499999999999996 0.89444444444444449 1.8944444444444446 3.5000000000000004 59.500000000000007
decision_type=2 2 2 2 2 2 2 2 2 2 2 2 2 2
left_child=1 7 4 10 5 -2 -6 -1 9 -3 -4 -9 -10 -5
right_child=2 8 3 13 6 -7 -8 11 12 -11 -12 -13 -14 -15
leaf_value=-0.6816220360591374 -0.76824796281292485 -0.71400947091924971 -0.74858674534930492 -0.675144117247227 -0.75594073802370509 -0.74918776841652601 -0.70651388749976674 -0.70444888756858015 -0.69296812626536064 -0.73585866066607264 -0.7837267605242948 -0.68627622509487485 -0.7193828774809583 -0.74560306142352395
leaf_weight=334.99663160101045 280.64937405090313 158.02868564485107 47.563610802055337 8.7697471235878783 45.19187958817929 652.59752136934549 61.94790915842168 408.54232299444266 76.023873590165749 404.59403325989842 581.15615650266409 199.18814576684963 202.01298376452178 13.512766004540024
leaf_count=860 754 481 131 13 105 1875 159 1064 164 1243 1598 517 280 37
internal_value=-0.734084 -0.707196 -0.762434 -0.77887 -0.752111 -0.754955 -0.727418 -0.692394 -0.723832 -0.729706 -0.781104 -0.698416 -0.712021 -0.716747
internal_weight=3474.78 1783.39 1691.39 651.002 1040.39 933.247 107.14 942.727 840.66 562.623 628.72 607.73 278.037 22.2825
internal_count=9281 4609 4672 1779 2893 2629 264 2441 2168 1724 1729 1581 444 50
is_linear=0
shrinkage=1


Tree=3
num_leaves=15
num_cat=0
split_feature=2 2 15 2 5 15 5 13 13 11 17 8 4 2
split_gain=988.952 195.977 83.0955 67.2563 59.3899 25.9293 20.674 17.7323 17.5969 17.1133 28.9691 15.1978 11.9837 9.07283
threshold=2.5000000000000004 46.500000000000007 1.5000000000000002 -26.499999999999996 -1.3666666666666665 1.5000000000000002 -0.44999999999999996 2.2928571428571431 1.2928571428571431 0.90000000000000013 1.5000000000000002 -2.0499999999999994 0.55000000000000016 62.500000000000007
decision_type=2 2 2 2 2 2 2 2 2 2 2 2 2 2
left_child=3 6 4 9 -3 11 7 -2 -8 -1 -11 -5 -7 -4
right_child=1 2 13 5 -6 12 8 -9 -10 10 -12 -13 -14 -15
leaf_value=-0.037518254974562876 0.02167529525931082 0.077263937253586823 -0.037132402093408186 0.03300147619810772 0.043844840901095826 0.016893866535725065 -0.0069448136419720244 0.073695338294448146 0.014029404452308389 -0.027513980484962664 0.042617563980818229 -0.0091334642986346248 -0.032056637169381598 0.0093201655435570709
leaf_weight=859.1283150697127 252.14607183961198 226.6124821184203 22.215854605659842 21.610832640435547 339.33892519620713 12.660042420029638 140.52869329624809 16.889664665213786 339.36589780612849 83.798486918210983 16.843501950614154 394.80048859911039 185.67253238754347 18.362458763644099
leaf_count=2716 754 700 33 76 1166 15 462 48 1109 304 27 1486 345 40
internal_value=-7.16063e-06 0.0312869 0.0523954 -0.0269533 0.0573477 -0.0139947 0.0141382 0.0252204 0.00787541 -0.0352251 -0.0154237 -0.00686095 -0.0288378 -0.0162729
internal_weight=2929.97 1355.46 606.53 1574.51 565.951 614.744 748.93 269.036 479.895 959.77 100.642 416.411 198.333 40.5783
internal_count=9281 4312 1939 4969 1866 1922 2373 802 1571 3047 331 1562 360 73
is_linear=0
shrinkage=0.05


Tree=4
num_leaves=15
num_cat=0
split_feature=1 0 8 14 8 20 13 10 0 1 0 12 0 15
split_gain=63.2588 33.4223 21.8702 19.1805 15.5797 14.4252 11.2105 11.5463 11.4616 8.50098 16.5599 4.40518 8.63903 3.63437
threshold=151.50000000000003 153.50000000000003 0.95000000000000007 1.0000000180025095e-35 -1.0499999999999998 126.50000000000001 1.0500000000000003 1.1000000000000003 177.50000000000003 179.50000000000003 194.50000000000003 0.47222222222222227 125.50000000000001 1.0000000180025095e-35
decision_type=2 2 2 2 2 2 2 2 2 2 2 2 2 2
left_child=1 2 5 -4 9 -1 7 -3 -8 13 -11 -6 -13 -2
right_child=4 6 3 -5 11 -7 8 -9 -10 10 -12 12 -14 -15
leaf_value=0.0065435885778064168 -0.028626629522502351 -0.0088251708985772788 -0.0187344486230504 0.003014754260149171 -0.028234599612205397 0.021099325834563563 -0.0075401663191981471 0.044948340666680513 -0.035769383378560581 -0.0037293833339312231 0.0630595309257342 -0.035367276048330586 0.028608954677038285 0.0036306921052444265
leaf_weight=1165.2560882396065 28.914490807219408 43.684371163602918 146.83208972320426 321.04032142995857 230.43606083397754 199.35197505401447 66.880728361080401 11.84195467235986 79.891050431178883 42.330690847244114 10.812957765534518 9.3874526015715691 9.7044621899258328 11.672582804691045
leaf_count=4796 116 175 594 1208 741 922 249 37 219 105 31 28 33 27
internal_value=2.13481e-06 0.00335632 0.00548962 -0.00382552 -0.0198184 0.00868755 -0.0158751 0.00314681 -0.0230779 -0.00234367 0.0106813 -0.0263269 -0.00279378 -0.0193652
internal_weight=2378.04 2034.78 1832.48 467.872 343.259 1364.61 202.298 55.5263 146.772 93.7307 53.1436 249.528 19.0919 40.5871
internal_count=9281 8200 7520 1802 1081 5718 680 212 468 279 136 802 61 143
is_linear=0
shrinkage=0.05


Tree=5
num_leaves=15
num_cat=0
split_feature=19 1 8 8 1 15 1 8 13 1 8 1 7 14
split_gain=432.144 193.005 156.814 91.5635 55.4396 48.8363 34.1773 41.2403 33.8826 31.4 27.2157 24.5534 20.5451 9.98562
threshold=0.5277777777777779 78.500000000000014 -0.47222222222222215 0.5634920634920636 150.50000000000003 1.0000000180025095e-35 52.500000000000007 -0.94999999999999984 1.2111111111111115 163.50000000000003 0.68333333333333346 134.50000000000003 2.0500000000000003 0.68333333333333346
decision_type=2 2 2 2 2 2 2 2 2 2 2 2 2 2
left_child=1 3 4 5 -3 -1 10 11 -5 -4 -2 -8 -9 -12
right_child=6 2 9 8 -6 -7 7 12 -10 -11 13 -13 -14 -15
leaf_value=-0.039152702180758905 -0.013873877291732324 -0.025926219218040687 0.016173274480006893 0.022660266625227576 0.0090006057945277874 -0.015311694419909786 -0.042477294916510144 0.034998731206354744 -0.010863257592347943 0.045457840369396658 0.039434388601249544 0.021380792865232659 0.056846330216279911 0.0086142237048311334
leaf_weight=638.74623712885659 65.408965027425438 371.37565704993904 554.13404849451035 93.125593274016865 162.64057094987947 327.49419633764774 22.787783877924085 453.19658320583403 376.78396388282999 109.70516919309739 63.224516760325059 39.963764412794262 147.43955932452809 46.477750000543892
leaf_count=2191 151 983 1705 300 353 554 31 1061 1075 247 118 73 331 108
internal_value=3.1405e-06 -0.00994849 0.00486658 -0.0223036 -0.0152826 -0.0311015 0.0312451 0.036432 -0.00417501 0.0210814 0.0114717 -0.00203294 0.0404556 0.0266177
internal_weight=3472.5 2634.01 1197.86 1436.15 534.016 966.24 838.499 663.388 469.91 663.839 175.111 62.7515 600.636 109.702
internal_count=9281 7408 3288 4120 1336 2745 1873 1496 1375 1952 377 104 1392 226
is_linear=0
shrinkage=0.05


Tree=6
num_leaves=15
num_cat=0
split_feature=15 5 1 19 14 0 0 14 7 1 11 1 0 7
split_gain=341.889 187.277 154.555 87.1035 80.0869 66.6345 47.9813 42.7806 56.7482 32.3144 23.5358 19.8375 14.3327 11.2697
threshold=1.0000000180025095e-35 -1.0999999999999999 59.500000000000007 0.5277777777777779 -0.89444444444444426 152.50000000000003 64.500000000000014 -0.4142857142857142 1.1055555555555558 53.500000000000007 0.36666666666666675 182.50000000000003 73.500000000000014 0.68333333333333346
decision_type=2 2 2 2 2 2 2 2 2 2 2 2 2 2
left_child=1 4 6 7 11 -4 -3 -2 -9 -6 13 -1 -12 -5
right_child=3 2 5 10 9 -7 -8 8 -10 -11 12 -13 -14 -15
leaf_value=0.02205583537493044 -0.027369622821549273 0.01239257475948826 -0.018367509241466583 -0.0055623158365353219 0.079653124804393474 0.025597169426636614 0.044686400686272311 0.023544802844807131 -0.010010262430233671 0.045222941871483513 -0.021628507544066134 -0.023997953295928673 0.01395560662737981 -0.03785809060388725
leaf_weight=92.058984579285607 174.51750507671386 252.42449500132352 509.33374479808845 29.42614391958341 115.12074721115641 102.70502602076158 212.88382175541483 185.17888517864048 388.76378118200228 185.30301025835797 138.96994488534983 30.234313757158816 34.548593846149743 474.5899715712294
leaf_count=264 351 1219 2159 59 448 295 820 358 775 648 365 71 102 1347
internal_value=-2.0699e-05 0.016636 0.00554949 -0.0175455 0.0447999 -0.010952 0.0272422 -0.00576674 0.000829487 0.0586535 -0.0305223 0.0105272 -0.0144755 -0.0359972
internal_weight=2926.06 1500.06 1077.35 1425.99 422.717 612.039 465.308 748.46 573.943 300.424 677.535 122.293 173.519 504.016
internal_count=9281 5924 4493 3357 1431 2454 2039 1484 1133 1096 1873 335 467 1406
is_linear=0
shrinkage=0.05


Tree=7
num_leaves=15
num_cat=0
split_feature=2 0 11 1 8 0 13 8 8 5 11 1 8 14
split_gain=73.2061 46.8465 16.4479 15.051 28.1681 16.4248 14.4682 17.9221 14.1499 11.9487 10.2166 8.12798 3.02538 1.62776
threshold=-37.499999999999993 153.50000000000003 -2.0999999999999996 43.500000000000007 -0.76388888888888873 112.50000000000001 1.0500000000000003 -0.88194444444444431 -1.0000000180025095e-35 0.36666666666666675 -1.4499999999999997 53.500000000000007 -1.6458333333333333 -1.8285714285714281
decision_type=2 2 2 2 2 2 2 2 2 2 2 2 2 2
left_child=2 3 12 4 -2 -5 7 -3 10 -8 -4 -10 -1 -14
right_child=1 6 8 5 -6 -7 9 -9 11 -11 -12 -13 13 -15
leaf_value=-0.0050522627346587384 -0.02400892231380761 0.011778599808251571 -0.026344683832386768 0.019811607727940543 0.0072801972368689285 0.005235449394990278 -0.026686598390998434 -0.033394462065068568 0.024718221570413413 0.01135878953772558 0.012128093313807783 -0.016352172610338188 -0.039386446580760411 -0.022656373292430875
leaf_weight=10.022875448456032 81.152794076013379 89.578737678355537 20.223546145251021 455.95320786139928 575.58226262754761 338.48534915759228 155.57161192176864 27.975949164596386 11.468914095545186 23.002921189414337 90.8230854740832 399.64647446537856 70.133955337456428 27.064370816107839
leaf_count=19 394 299 78 1809 2281 1350 527 109 63 71 328 1577 301 75
internal_value=2.4033e-05 0.00529319 -0.0145815 0.00899381 0.00337557 0.0136218 -0.012794 0.000795029 -0.0108642 -0.021722 0.00490431 -0.0151371 -0.0323711 -0.0350571
internal_weight=2376.69 1747.3 629.383 1451.17 656.735 794.439 296.129 117.555 522.162 178.575 111.047 411.115 107.221 97.1983
internal_count=9281 6840 2441 5834 2675 3159 1006 408 2046 598 406 1640 395 376
is_linear=0
shrinkage=0.05


Tree=8
num_leaves=15
num_cat=0
split_feature=2 2 2 11 8 10 8 15 1 5 8 15 5 10
split_gain=879.427 146.044 95.9225 29.3305 31.678 26.9476 26.0363 24.5365 22.1219 27.8502 17.423 16.7796 15.1823 11.75
threshold=-1.4999999999999998 -30.499999999999996 51.500000000000007 -1.0999999999999999 1.0000000180025095e-35 0.77500000000000013 -0.94999999999999984 1.5000000000000002 27.500000000000004 -0.44999999999999996 0.5634920634920636 1.0000000180025095e-35 0.36666666666666675 1.9000000000000001
decision_type=2 2 2 2 2 2 2 2 2 2 2 2 2 2
left_child=1 3 8 -1 -5 6 -4 12 10 -10 -2 -7 -3 -9
right_child=2 7 5 4 -6 11 -8 13 9 -11 -12 -13 -14 -15
leaf_value=0.047552728385417894 -0.037460812043418175 -0.0080101325454650547 -0.037765656863920499 0.010959047622409436 0.035907667449966062 -0.048722968087323883 0.029720640644037805 0.024990957411263299 -0.02243047707341771 -0.0027248169230853422 -0.013973080126185582 -0.026405272332509933 0.010110623511106533 -0.0027416597055236356
leaf_weight=368.68593715026509 186.36595343390945 258.18545134365559 31.258090403396636 168.82843992160633 538.3238349200692 466.17540858034045 24.649038212257437 196.21135741611943 329.49333465110976 394.08561654039659 141.09603127057198 109.08678712067194 207.63278891926166 46.74575390201062
leaf_count=976 468 714 83 445 1404 1410 54 295 892 1177 389 199 699 76
internal_value=0 0.024444 -0.0259291 0.0360468 0.0299823 -0.0413338 -0.00792418 0.00679919 -0.0166429 -0.0117236 -0.027429 -0.0445527 6.06184e-05 0.0196452
internal_weight=3466.82 1784.61 1682.21 1075.84 707.152 631.169 55.9071 708.775 1051.04 723.579 327.462 575.262 465.818 242.957
internal_count=9281 4609 4672 2825 1849 1746 137 1784 2926 2069 857 1609 1413 371
is_linear=0
shrinkage=0.05


Tree=9
num_leaves=15
num_cat=0
split_feature=2 2 15 2 5 15 7 0 11 17 10 8 4 8
split_gain=825.666 150.568 66.5474 60.7625 45.7702 22.7566 17.0133 31.0844 16.5533 27.0541 13.6252 13.4919 11.0506 8.51145
threshold=2.5000000000000004 46.500000000000007 1.5000000000000002 -26.499999999999996 -1.3666666666666665 1.5000000000000002 0.81666666666666676 39.500000000000007 0.90000000000000013 1.5000000000000002 0.55000000000000016 -2.0499999999999994 0.55000000000000016 0.64583333333333337
decision_type=2 2 2 2 2 2 2 2 2 2 2 2 2 2
left_child=3 6 4 8 -3 11 10 -8 13 -10 -2 -5 -7 -1
right_child=1 2 -4 5 -6 12 7 -9 9 -11 -12 -13 -14 -15
leaf_value=-0.031298472091877874 -0.002087533461497751 0.066914071326389768 -0.015959741047655119 0.030755914505458982 0.038309618526501027 0.016478192082397768 0.025873983299526438 0.0003778491445011273 -0.025894963220123569 0.041899231707572836 0.031497950972457403 -0.0086124688885598193 -0.030475168525618004 -0.041976670770231886
leaf_weight=477.25631516927388 36.591691788751632 240.20229925168678 40.31399838719517 22.022746880538762 353.3047275703866 12.712774850428103 171.9370771512622 388.64562216051854 81.138231096905656 16.944757143501192 161.78710079356097 391.85825182974804 179.33715181751177 345.72634322824888
leaf_count=1572 79 700 73 76 1166 15 473 1349 304 27 472 1486 345 1144
internal_value=-3.72883e-05 0.0277909 0.0457668 -0.0254244 0.0499878 -0.0130826 0.0127319 0.00823885 -0.0335152 -0.0138278 0.0252985 -0.00643653 -0.0272719 -0.0358358
internal_weight=2919.78 1392.78 633.821 1527 593.507 605.931 758.961 560.583 921.066 98.083 198.379 413.881 192.05 822.983
internal_count=9281 4312 1939 4969 1866 1922 2373 1822 3047 331 551 1562 360 2716
is_linear=0
shrinkage=0.05


Tree=10
num_leaves=15
num_cat=0
split_feature=2 2 1 5 9 11 5 11 18 9 2 16 21 18
split_gain=64.6932 29.5378 23.1211 23.8142 19.7419 15.8883 15.4925 15.9323 10.7786 8.92872 13.2613 12.3909 6.5915 1.13475
threshold=-37.499999999999993 46.500000000000007 144.50000000000003 1.3666666666666669 0.63333333333333341 -2.0999999999999996 -1.5499999999999998 -0.54999999999999993 10.500000000000002 0.36666666666666675 -122.49999999999999 2.5000000000000004 362.50000000000006 4.5000000000000009
decision_type=2 2 2 2 2 2 2 2 2 2 2 2 2 2
left_child=5 2 3 -2 -4 12 7 -3 -8 11 -11 -7 13 -1
right_child=1 6 4 -5 -6 9 8 -9 -10 10 -12 -13 -14 -15
leaf_value=-0.037030430213144269 0.015303395886042709 0.012128324033730752 -0.009084907202182092 -0.0046748939559361682 0.073614490456772055 -0.0056429050215383312 -0.0011828109447771405 -0.027600229221495499 0.051599169435444986 0.030323792953216605 -0.019758087283472808 0.058211595704461244 0.0093630279768779166 -0.013258066979782421
leaf_weight=87.846670628990978 884.66283454815857 31.3944256240502 203.50192957744002 178.45615685044322 6.4767231720034024 259.50969131488819 327.19374777597841 115.44475959951524 8.9646555483341199 13.054453221266156 235.17804282763973 6.8194140167906871 8.4191794339567405 7.583289334550499
leaf_count=352 3418 115 715 711 57 1078 1327 488 9 59 894 15 29 14
internal_value=5.53399e-05 0.00495545 0.00894925 0.0119439 -0.00617354 -0.0138369 -0.00555795 -0.0190478 0.000358813 -0.0101833 -0.0169931 -0.00377756 -0.0316229 -0.0353503
internal_weight=2374.51 1756.1 1273.1 1063.12 209.979 618.411 482.998 146.839 336.158 514.562 248.232 266.329 103.849 95.43
internal_count=9281 6840 4901 4129 772 2441 1939 603 1336 2046 953 1093 395 366
is_linear=0
shrinkage=0.05


Tree=11
num_leaves=15
num_cat=0
split_feature=2 2 2 19 11 8 19 1 7 15 10 5 12 2
split_gain=798.351 131.972 87.7357 29.8161 26.5799 28.4807 22.9717 24.1552 22.8137 22.3042 18.6065 14.2384 13.5914 9.85476
threshold=-1.4999999999999998 -30.499999999999996 50.500000000000007 0.63068181818181823 -1.0999999999999999 1.0000000180025095e-35 0.5590277777777779 25.500000000000004 1.2361111111111114 1.5000000000000002 0.77500000000000013 0.36666666666666675 0.58571428571428574 59.500000000000007
decision_type=2 2 2 2 2 2 2 2 2 2 2 2 2 2
left_child=1 4 6 10 -1 -6 7 -2 -8 11 -4 -3 -11 -5
right_child=2 9 3 13 5 -7 8 -9 -10 12 -12 -13 -14 -15
leaf_value=0.04529892446530942 -0.030608758730297666 -0.0077364859603155567 -0.01305214924822783 0.05513343329819817 0.010510670248669887 0.034175581907113478 -0.020651056336018738 -0.01295617099792098 0.025632325024430764 0.025227956251894914 -0.044088601225074797 0.0098128912420980558 -0.0026511467597599824 -0.0099985977790961727
leaf_weight=367.51170073868707 278.34968240838498 258.0616550137056 54.457649823511019 8.7731504216790217 168.81075689417776 537.52863495075144 45.077909217914566 649.75273434491828 62.002322367625311 186.59699461003765 563.22758312290534 207.67029715690296 56.357296573929489 13.467464072396977
leaf_count=976 754 714 136 13 445 1404 105 1875 159 273 1593 699 98 37
internal_value=-5.07407e-06 0.0232777 -0.0247831 -0.0393348 0.0343234 0.0285497 -0.0157535 -0.018283 0.0060912 0.00650859 -0.0413859 8.23429e-05 0.0187561 0.0167454
internal_weight=3457.65 1782.54 1675.11 639.926 1073.85 706.339 1035.18 928.102 107.08 708.686 617.685 465.732 242.954 22.2406
internal_count=9281 4609 4672 1779 2825 1849 2893 2629 264 1784 1729 1413 371 50
is_linear=0
shrinkage=0.05


Tree=12
num_leaves=15
num_cat=0
split_feature=2 2 15 2 8 18 11 17 8 14 14 2 14 8
split_gain=743.226 130.011 59.057 57.1566 33.5299 21.3217 16.1392 25.4122 15.7788 25.3216 14.4011 11.9169 11.4464 8.40928
threshold=2.5000000000000004 46.500000000000007 1.5000000000000002 -26.499999999999996 -0.94999999999999984 2.5000000000000004 0.90000000000000013 1.5000000000000002 -0.94999999999999984 1.1339285714285716 -0.89444444444444426 -16.499999999999996 1.0000000180025095e-35 0.64583333333333337
decision_type=2 2 2 2 2 2 2 2 2 2 2 2 2 2
left_child=3 8 4 6 -3 11 13 -8 10 -10 -2 -5 -7 -1
right_child=1 2 -4 5 -6 12 7 -9 9 -11 -12 -13 -14 -15
leaf_value=-0.030341408240121149 0.0060412374724799611 0.059644519352299336 -0.01581311781367779 -0.017308064730619098 0.035649330397723326 -0.035648209105607842 -0.024958752826918604 0.04057357639361122 0.0019026007671419033 0.024521097866938908 0.037808692753400076 0.0024213479920322419 -0.014249595611774829 -0.041089649420268222
leaf_weight=466.19759748107754 57.246632280875929 268.22188611363526 40.177965677343309 114.75796084222384 338.31496376520954 109.08960564713925 79.5689458521083 17.134096899069846 437.59948513435666 171.94386952673085 97.553956669522449 224.34998075058684 152.89703242434189 335.23032648221124
leaf_count=1572 149 810 73 431 1056 198 304 27 1442 479 303 967 326 1144
internal_value=-6.02405e-05 0.0259735 0.0424613 -0.0245673 0.0463494 -0.01259 -0.0325549 -0.013 0.0119794 0.00832087 0.0262071 -0.00427187 -0.0232805 -0.0348891
internal_weight=2910.28 1411.06 646.715 1499.23 606.537 601.095 898.131 96.703 764.344 609.543 154.801 339.108 261.987 801.428
internal_count=9281 4312 1939 4969 1866 1922 3047 331 2373 1921 452 1398 524 2716
is_linear=0
shrinkage=0.05


Tree=13
num_leaves=15
num_cat=0
split_feature=2 0 11 1 8 0 1 8 2 11 25 2 21 18
split_gain=58.0476 40.7248 15.2587 14.0079 25.381 14.8688 13.948 13.006 12.7905 9.31009 8.8946 8.31202 6.46215 1.14277
threshold=-37.499999999999993 153.50000000000003 -2.0999999999999996 43.500000000000007 -0.76388888888888873 112.50000000000001 180.50000000000003 -1.0000000180025095e-35 -1.4999999999999998 -1.4499999999999997 1.0000000180025095e-35 131.50000000000003 362.50000000000006 4.5000000000000009
decision_type=2 2 2 2 2 2 2 2 2 2 2 2 2 2
left_child=2 3 12 4 -2 -5 11 9 -8 -4 -9 -3 13 -1
right_child=1 6 7 5 -6 -7 8 10 -10 -11 -12 -13 -14 -15
leaf_value=-0.036435191393058536 -0.023521045993902086 -0.013171243705501294 -0.025045040656787882 0.018348300785486212 0.006341475692629963 0.0045743750021666049 -0.0013138703090442739 -0.017727152520621747 0.060367966548645749 0.01233226654029539 0.00034590448080760127 -0.039481644185370375 0.0096912129670856315 -0.012514803851813059
leaf_weight=84.852381273289211 79.986572092515416 210.64949141338002 19.339602629072033 464.35399109963328 583.53455740760546 341.8679620125331 37.35480395599734 312.1456820104504 9.7750341645441932 90.55642949626781 86.250925824628212 34.886243410524912 8.3720382079482061 7.4309320133179417
leaf_count=352 394 724 78 1809 2281 1350 108 1370 39 328 270 135 29 14
internal_value=0.000105499 0.00470641 -0.0131881 0.00810052 0.00270409 0.0125267 -0.0122911 -0.00961394 0.0123639 0.00554296 -0.0138108 -0.0170747 -0.0309156 -0.0347175
internal_weight=2371.36 1762.41 608.948 1469.74 663.521 806.222 292.666 508.293 47.1298 109.896 398.397 245.536 100.655 92.2833
internal_count=9281 6840 2441 5834 2675 3159 1006 2046 147 406 1640 859 395 366
is_linear=0
shrinkage=0.05


Tree=14
num_leaves=15
num_cat=0
split_feature=19 1 0 0 1 1 1 7 1 8 13 1 0 8
split_gain=319.612 142.435 121.393 121.351 90.6799 56.7607 50.7505 29.5701 28.3883 19.3521 16.2182 15.9767 10.6989 9.2008
threshold=0.5277777777777779 78.500000000000014 136.50000000000003 58.500000000000007 16.500000000000004 155.50000000000003 149.50000000000003 1.5277777777777779 53.500000000000007 -0.94999999999999984 0.89444444444444449 103.50000000000001 9.5000000000000018 0.18333333333333332
decision_type=2 2 2 2 2 2 2 2 2 2 2 2 2 2
left_child=1 3 5 4 -1 -3 -4 8 13 -10 -5 12 -9 -2
right_child=7 2 6 10 -6 -7 -8 11 9 -11 -12 -13 -14 -15
leaf_value=-0.027339263493554384 0.0042712897153536246 0.011044221216630299 -0.032199963530310405 -0.0074472689547864131 0.010234478585571419 0.049725511418543769 0.00030164069581131557 0.043760026344464645 -0.0025774493454786833 0.027969234886693384 -0.035468832909876277 0.047829211110432084 0.019917228693924122 -0.034466083227719803
leaf_weight=258.06808375974651 31.670337042305619 600.09910999215208 230.03084747737739 57.011157209519297 421.25554378994275 112.04533629026264 249.4934996990487 69.929116947110742 61.809894950827584 306.70256692986004 682.60035148821771 179.62742932443507 155.9718756582588 28.011810537427664
leaf_count=640 67 1821 608 139 1306 269 590 152 102 679 2035 432 371 70
internal_value=-2.02896e-05 -0.0086301 0.00410951 -0.0193281 -0.00405126 0.0171984 -0.0153137 0.0269113 0.0176585 0.0228391 -0.0333286 0.0366016 0.0274803 -0.0140961
internal_weight=3444.33 2610.6 1191.67 1418.94 679.324 712.144 479.524 833.723 428.195 368.512 739.612 405.528 225.901 59.6821
internal_count=9281 7408 3288 4120 1946 2090 1198 1873 918 781 2174 955 523 137
is_linear=0
shrinkage=0.05


Tree=15
num_leaves=15
num_cat=0
split_feature=2 2 2 15 5 18 11 18 5 0 24 5 14 8
split_gain=672.798 113.955 54.7816 53.1035 37.9107 20.2755 15.7172 16.6848 15.4098 21.1866 16.9484 12.928 11.0046 8.33045
threshold=2.5000000000000004 46.500000000000007 -26.499999999999996 1.5000000000000002 -1.3666666666666665 2.5000000000000004 0.90000000000000013 2.5000000000000004 -0.44999999999999996 60.500000000000007 2.5000000000000004 -2.2916666666666661 1.0000000180025095e-35 0.64583333333333337
decision_type=2 2 2 2 2 2 2 2 2 2 2 2 2 2
left_child=2 8 6 4 -3 11 13 -8 9 -2 -10 -4 -7 -1
right_child=1 3 5 -5 -6 12 7 -9 10 -11 -12 -13 -14 -15
leaf_value=-0.029505755395846309 0.047279525688553675 0.058360984097572101 0.033712040439262125 -0.015688819850034241 0.032857553775710341 -0.034840795018940829 -0.029007054189848187 0.013290271075645239 0.0018725431102898237 0.013433283408550002 0.027425119321715166 -0.0064530318387973533 -0.013689927677541711 -0.04033040880228686
leaf_weight=456.33549264806788 58.246501109213568 250.33286859386135 20.36415974679403 40.057132871355861 366.50044982729014 106.73942022537813 57.890343046281487 37.637892878614366 413.22441750671715 221.45759379712399 76.149996152962558 317.08732033614069 151.48299920884892 325.59744278690778
leaf_count=1572 122 700 72 73 1166 198 256 75 1215 680 356 1326 326 1144
internal_value=-8.41786e-05 0.0243874 -0.0237761 0.0396708 0.0432936 -0.012031 -0.0317209 -0.0123252 0.0112923 0.0206427 0.00590671 -0.00392197 -0.0225529 -0.0340653
internal_weight=2899.1 1425.97 1473.14 656.89 616.833 595.674 877.461 95.5282 769.079 279.704 489.374 337.451 258.222 781.933
internal_count=9281 4312 4969 1939 1866 1922 3047 331 2373 802 1571 1398 524 2716
is_linear=0
shrinkage=0.05


Tree=16
num_leaves=15
num_cat=0
split_feature=2 0 1 5 21 2 1 0 1 5 2 10 17 9
split_gain=53.2192 37.281 14.4181 13.6742 14.5453 14.1429 12.9718 11.7691 10.306 11.9795 8.1041 7.27279 4.8358 7.3025
threshold=-37.499999999999993 153.50000000000003 150.50000000000003 1.3666666666666669 5.5000000000000009 46.500000000000007 180.50000000000003 194.50000000000003 147.50000000000003 1.0000000180025095e-35 131.50000000000003 1.6333333333333335 1.0000000180025095e-35 1.0000000180025095e-35
decision_type=2 2 2 2 2 2 2 2 2 2 2 2 2 2
left_child=2 3 8 5 -5 -2 10 -8 11 -10 -3 -1 -4 -14
right_child=1 6 12 4 -6 -7 7 -9 9 -11 -12 -13 13 -15
leaf_value=-0.0073482894686967828 0.012700349262385655 -0.012681514623928164 -0.027058485935432888 0.0074679634182261137 -0.019170867151827777 0.00043508989936460177 -0.0029482776040185739 0.052368664894458655 0.037691778625624894 -0.0061202862374727723 -0.039020107120340514 -0.026385789283582501 -0.036525973949970023 0.017805568113864384
leaf_weight=286.57257678103633 958.23000577022322 208.3033459802391 166.20590171020012 116.29231422347948 89.890002502012067 312.53393046092242 35.405816635116935 12.078848283155819 24.494811084819958 39.244825049419887 33.793728566146456 60.671705732936971 8.973356269765647 15.232143417117184
leaf_count=1283 3636 724 583 415 446 1337 107 40 109 169 135 236 19 42
internal_value=0.000157339 0.00453352 -0.012675 0.00775229 -0.0041582 0.00969046 -0.0118361 0.0118097 -0.00735657 0.0109614 -0.016524 -0.0107552 -0.0240299 -0.00278765
internal_weight=2367.92 1766.53 601.395 1476.95 206.182 1270.76 289.582 47.4847 410.984 63.7396 242.097 347.244 190.411 24.2055
internal_count=9281 6840 2441 5834 861 4973 1006 147 1797 278 859 1519 644 61
is_linear=0
shrinkage=0.05


Tree=17
num_leaves=15
num_cat=0
split_feature=2 2 2 19 19 7 1 13 10 8 8 12 2 14
split_gain=647.145 110.028 74.3323 26.5621 19.5141 20.7634 19.8725 18.1096 16.522 15.0129 14.3379 21.3834 9.27334 8.72517
threshold=-1.4999999999999998 -37.499999999999993 51.500000000000007 0.63068181818181823 0.5590277777777779 1.2361111111111114 25.500000000000004 0.73214285714285732 0.77500000000000013 0.68333333333333346 1.4222222222222223 0.5277777777777779 59.500000000000007 -0.21111111111111108
decision_type=2 2 2 2 2 2 2 2 2 2 2 2 2 2
left_child=1 7 4 8 6 -6 -2 -1 -4 -9 11 -3 -5 -12
right_child=2 10 3 12 5 -7 -8 9 -10 -11 13 -13 -14 -15
leaf_value=0.042256039143323501 -0.02789931997832484 0.0086617548155671267 -0.010578044430758665 0.054471664129959296 -0.019718926402916764 0.024441744203172404 -0.011896290846969247 0.019037742960820763 -0.040887470356978331 0.03502174655309509 0.056584697088786134 -0.015244465928475212 -0.0090965323066889477 0.017649508309417774
leaf_weight=330.11667546490207 277.27700877271127 595.34378157055471 50.436136897304095 8.6008222959935683 45.072603394975886 61.96425381838344 658.79796571249608 286.43210641655605 540.66237905353773 316.80902726238128 15.977753121987915 109.8793330717599 13.4230712109711 119.03895212407224
leaf_count=860 760 1550 131 12 106 159 1901 778 1566 803 42 319 37 257
internal_value=-3.60255e-05 0.0209447 -0.0225055 -0.0363193 -0.0143542 0.00578926 -0.0166666 0.032754 -0.038332 0.0274845 0.0077973 0.00491359 0.0167988 0.022676
internal_weight=3429.83 1773.6 1656.23 613.122 1043.11 107.037 936.075 933.358 591.099 603.241 840.24 705.223 22.0239 135.017
internal_count=9281 4609 4672 1746 2926 265 2661 2441 1697 1581 2168 1869 49 299
is_linear=0
shrinkage=0.05


Tree=18
num_leaves=15
num_cat=0
split_feature=15 8 13 19 14 14 8 14 0 11 6 8 0 3
split_gain=242.047 109.955 72.5146 65.0868 57.1913 33.1092 54.2191 23.7975 22.1305 21.3441 20.4894 14.7906 12.2265 11.229
threshold=1.0000000180025095e-35 -0.94999999999999984 1.6833333333333336 0.5277777777777779 -0.89444444444444426 -0.4142857142857142 -0.70714285714285696 -1.2361111111111109 177.50000000000003 0.36666666666666675 0.61250000000000016 -2.316666666666666 73.500000000000014 0.22500000000000003
decision_type=2 2 2 2 2 2 2 2 2 2 2 2 2 2
left_child=1 4 7 5 11 -2 -7 -3 -6 13 -4 -1 -11 -5
right_child=3 2 10 9 8 6 -8 -9 -10 12 -12 -13 -14 -15
leaf_value=0.02836314099459521 -0.024996089942482584 -0.028876075001529573 0.027513948501938265 -0.018962426031612852 0.036720412076095658 0.040812265920972583 -0.0054785070808983441 -0.0009950107970954844 0.065904740985805135 -0.018685221317067829 -0.0050606811933971117 -0.0047193593583685391 0.014499031396985601 -0.037400691590569267
leaf_weight=54.247074376791716 165.28051654365845 86.407675204100087 321.62884407024831 114.811911253375 196.37653847399633 71.357538331765682 501.8062923757825 619.5783183031017 102.9456681648735 130.92832054884639 56.140707100741565 85.880200843210332 34.182850345270708 343.97787175071426
leaf_count=122 351 371 1235 305 849 131 1002 2637 230 365 240 240 102 1101
internal_value=-0.000110867 0.0135785 0.0050068 -0.015419 0.0346469 -0.00535255 0.00033692 -0.00445054 0.0469604 -0.0272979 0.0226592 0.00816257 -0.0117391 -0.0328487
internal_weight=2885.55 1523.21 1083.76 1362.35 439.449 738.444 573.164 705.986 299.322 623.901 377.77 140.127 165.111 458.79
internal_count=9281 5924 4483 3357 1441 1484 1133 3008 1079 1873 1475 362 467 1406
is_linear=0
shrinkage=0.05


Tree=19
num_leaves=15
num_cat=0
split_feature=2 2 1 5 9 11 5 11 19 7 6 21 21 18
split_gain=47.4672 22.1266 19.0909 19.7989 18.0341 14.435 12.1056 15.9513 11.6516 10.5241 15.415 9.86188 6.50921 1.23898
threshold=-37.499999999999993 46.500000000000007 144.50000000000003 1.3666666666666669 0.63333333333333341 -2.0999999999999996 -1.5499999999999998 -0.54999999999999993 0.48333333333333339 1.8452380952380951 0.78888888888888908 90.500000000000014 362.50000000000006 2.5000000000000004
decision_type=2 2 2 2 2 2 2 2 2 2 2 2 2 2
left_child=5 2 3 -2 -4 12 7 -3 -8 10 -7 -11 13 -1
right_child=1 6 4 -5 -6 9 8 -9 -10 11 -12 -13 -14 -15
leaf_value=-0.03792899194380836 0.013365780158252544 0.014401660260179111 -0.0089249397910810182 -0.0047956063796515749 0.068736635445537375 -0.005365945228935895 0.0069324667471583213 -0.02607053708933392 -0.012636153212573234 -0.027301376532486901 0.066328961056877703 0.0022527770724044874 0.011394173697313983 -0.022273500014169199
leaf_weight=61.937418396933936 907.29218001291156 30.360120761557482 202.6565756238997 178.78411855455488 6.7557726280065244 343.47478647448588 222.14969500293955 109.35983685858082 114.39562128135003 109.12978365726303 6.6593501142924643 37.352618376957253 8.1299667847342771 25.382819019374438
leaf_count=294 3418 115 715 711 57 1422 758 488 578 450 17 157 29 72
internal_value=0.000217864 0.00431626 0.00770415 0.0103699 -0.006081 -0.0120247 -0.0048855 -0.0172008 0.000248325 -0.00855215 -0.00380309 -0.0197671 -0.0297642 -0.0337385
internal_weight=2363.82 1771.75 1295.49 1086.08 209.412 592.067 476.265 139.72 336.545 496.617 350.134 146.482 95.4502 87.3202
internal_count=9281 6840 4901 4129 772 2441 1939 603 1336 2046 1439 607 395 366
is_linear=0
shrinkage=0.05


Tree=20
num_leaves=15
num_cat=0
split_feature=2 2 2 19 11 19 0 14 10 5 19 0 19 2
split_gain=580.428 91.59 74.0217 24.7267 23.3075 22.6295 20.6099 22.6112 15.908 15.899 15.4085 15.1451 14.3819 8.61823
threshold=-3.4999999999999996 -30.499999999999996 51.500000000000007 0.63068181818181823 -1.0999999999999999 0.5590277777777779 18.500000000000004 1.1833333333333336 0.77500000000000013 -1.0999999999999999 0.20714285714285713 39.500000000000007 0.5277777777777779 59.500000000000007
decision_type=2 2 2 2 2 2 2 2 2 2 2 2 2 2
left_child=1 4 5 8 -1 11 7 -3 -4 -7 -6 -2 -8 -5
right_child=2 6 3 13 10 9 12 -9 -10 -11 -12 -13 -14 -15
leaf_value=0.039941173818684339 -0.027029738817123328 0.027908629661178852 -0.0094798693714171454 0.052931431822038202 0.0063748087459192197 -0.02890849461947935 -0.0048517056951931665 -0.018259008373469748 -0.039298879179449242 0.016504126038498525 0.027267002292321887 -0.012080397181722928 0.015176201707590244 -0.0084655208199159032
leaf_weight=359.87271063483786 220.45366658875719 151.73406824551057 50.124492265749723 8.5559006901457924 105.24286155658774 23.032984111923724 353.25207202567253 31.229303878964856 532.93115007516462 96.084933463018388 593.67481107835192 753.1713285917649 118.99124971334822 13.391316920286043
leaf_count=976 590 349 131 12 339 39 966 76 1566 246 1510 2184 260 37
internal_value=-5.57282e-05 0.0204621 -0.0207727 -0.0347995 0.0295492 -0.0129774 0.00574729 0.0199449 -0.0367646 0.00751382 0.0241418 -0.0154947 0.00020557 0.0165152
internal_weight=3411.74 1714 1697.75 605.003 1058.79 1092.74 655.207 182.963 583.056 119.118 698.918 973.625 472.243 21.9472
internal_count=9281 4476 4805 1746 2825 3059 1651 425 1697 285 1849 2774 1226 49
is_linear=0
shrinkage=0.05


Tree=21
num_leaves=15
num_cat=0
split_feature=2 2 2 15 5 15 11 17 7 14 13 8 14 8
split_gain=564.696 90.014 49.5353 45.1569 31.3571 18.4506 14.9367 23.3141 14.2437 24.9437 12.1062 10.7913 9.77547 8.40752
threshold=2.5000000000000004 46.500000000000007 -26.499999999999996 1.5000000000000002 -1.3666666666666665 1.5000000000000002 0.90000000000000013 1.5000000000000002 0.81666666666666676 1.1339285714285716 1.4722222222222225 -2.0499999999999994 1.0000000180025095e-35 0.64583333333333337
decision_type=2 2 2 2 2 2 2 2 2 2 2 2 2 2
left_child=2 8 6 4 -3 11 13 -8 10 -10 -2 -4 -7 -1
right_child=1 3 5 -5 -6 12 7 -9 9 -11 -12 -13 -14 -15
leaf_value=-0.027957883316146556 0.014947621983379412 0.052107971899021568 0.027461945633113077 -0.015837169623178379 0.029168327325370474 -0.038941384400920653 -0.023108781814286182 0.039714967363736482 -0.00071484668920887237 0.02196526970945736 0.044557826386975946 -0.0073384809414468333 -0.014864478870806486 -0.039072811218840091
leaf_weight=437.39253222791012 160.17156010924373 255.84864028997254 22.618777943309397 39.954890064429492 374.51032821740955 71.114294881001115 76.374546588282101 17.255978584755212 398.54746320284903 172.94142769020982 44.186300238245167 384.66098355292343 109.34249310474843 308.34131118911318
leaf_count=1572 402 700 76 73 1166 128 304 27 1356 466 149 1486 232 1144
internal_value=-0.00013585 0.0218745 -0.0224433 0.0352864 0.0385547 -0.0112698 -0.0302385 -0.0111803 0.0102499 0.00616615 0.0215601 -0.00533102 -0.0245426 -0.0326065
internal_weight=2873.26 1446.16 1427.1 670.314 630.359 587.737 839.364 93.6305 775.847 571.489 204.358 407.28 180.457 745.734
internal_count=9281 4312 4969 1939 1866 1922 3047 331 2373 1822 551 1562 360 2716
is_linear=0
shrinkage=0.05


Tree=22
num_leaves=15
num_cat=0
split_feature=1 0 2 1 7 21 0 18 13 8 19 8 20 18
split_gain=41.9468 24.7165 20.6273 15.9851 14.0755 14.2614 15.4814 15.1265 11.4101 10.1919 5.10055 6.31414 4.82967 1.67153
threshold=151.50000000000003 184.50000000000003 -37.499999999999993 100.50000000000001 0.95000000000000007 35.500000000000007 204.50000000000003 1.5000000000000002 1.0500000000000003 -1.0000000180025095e-35 0.63068181818181823 -0.29285714285714276 33.500000000000007 1.5000000000000002
decision_type=2 2 2 2 2 2 2 2 2 2 2 2 2 2
left_child=1 2 9 -4 5 7 -7 -2 12 -1 11 -6 -3 -12
right_child=4 8 3 -5 10 6 -8 -9 -10 -11 13 -13 -14 -15
leaf_value=0.010286079531084194 -0.0050857950342094354 0.042788319747307173 0.004035597719042109 0.016856307196384188 -4.2633915896141268e-05 -0.036111060956579101 0.043122865837896499 0.045283378310648992 -0.037760475832544375 -0.010004999675042836 -0.02362774156435677 -0.02491953591447774 -0.011015570690315751 -0.039257426086865083
leaf_weight=75.199160235351883 39.878235165844671 5.8158600681927046 1275.378554182942 300.32702205667738 38.070352797978558 36.901185743859969 6.4332159236073485 22.503714852500707 51.887601608177647 326.81138771341648 38.469059313065372 78.881838593748398 9.7482742723077518 53.442719432176091
leaf_count=304 159 21 4995 1193 129 137 9 48 150 1503 172 286 34 141
internal_value=0.000269668 0.00288854 0.00391125 0.00649152 -0.0166956 -0.00174932 -0.0235282 0.0134333 -0.0266439 -0.00618089 -0.0241925 -0.016933 0.0101569 -0.0330943
internal_weight=2359.75 2045.17 1977.72 1575.71 314.58 105.716 43.3344 62.382 67.4517 402.011 208.864 116.952 15.5641 91.9118
internal_count=9281 8200 7995 6188 1081 353 146 207 205 1807 728 415 55 313
is_linear=0
shrinkage=0.05


Tree=23
num_leaves=15
num_cat=0
split_feature=19 5 14 14 3 8 7 11 0 8 14 14 5 7
split_gain=236.589 106.616 98.8038 69.5603 48.7581 35.7516 25.9075 22.03 20.942 20.3146 11.4168 10.9491 25.4894 9.9957
threshold=0.5277777777777779 -0.44999999999999996 0.29285714285714287 -1.8285714285714281 0.77500000000000013 -1.5277777777777775 1.5277777777777779 -1.4499999999999997 193.50000000000003 0.10555555555555557 0.95000000000000007 1.0000000180025095e-35 -1.0000000180025095e-35 1.9500000000000002
decision_type=2 2 2 2 2 2 2 2 2 2 2 2 2 2
left_child=1 3 9 8 -4 -5 7 -2 -1 -3 -9 13 -13 -8
right_child=6 2 4 5 -6 -7 11 10 -10 -11 -12 12 -14 -15
leaf_value=0.0287886500000092 0.03290905665495137 0.0043492718548996867 -0.01788871414447726 -0.041111117922518321 0.011301570843219658 -0.018657463004739562 0.027168504547793654 0.010571760325586637 -0.030906061637617655 0.020663978572339026 -0.022121442831123422 -0.043698811068033909 0.028123242031981924 0.049214809769782659
leaf_weight=83.626757809426636 117.50825961912051 352.02772716712207 655.81072231789585 252.12420009914786 181.92651845619548 610.79435560794082 97.101119800470769 276.98747874540277 16.842997178435326 419.73801780643407 28.519507731078193 12.433093371801077 161.80613819800783 126.6991755545605
leaf_count=205 291 938 2036 789 511 1615 265 567 28 1286 60 18 373 299
internal_value=-7.10314e-05 -0.00753082 0.000342994 -0.0206773 -0.0115378 -0.0252637 0.0232799 0.0145886 0.018526 0.013244 0.00744128 0.0324443 0.0227496 0.0398351
internal_weight=3393.95 2572.89 1609.5 963.388 837.737 862.919 821.055 423.015 100.47 771.766 305.507 398.04 174.239 223.8
internal_count=9281 7408 4771 2637 2547 2404 1873 918 233 2224 627 955 391 564
is_linear=0
shrinkage=0.05


Tree=24
num_leaves=15
num_cat=0
split_feature=2 2 2 15 5 18 11 19 7 14 21 5 14 7
split_gain=518.765 81.2568 47.4574 41.0765 27.8015 18.0944 14.3195 18.0594 12.7613 22.6884 11.0603 11.0281 9.97747 7.84555
threshold=2.5000000000000004 46.500000000000007 -26.499999999999996 1.5000000000000002 -1.3666666666666665 2.5000000000000004 0.90000000000000013 0.37980769230769235 0.81666666666666676 1.1339285714285716 54.500000000000007 1.0000000180025095e-35 1.0000000180025095e-35 0.84523809523809534
decision_type=2 2 2 2 2 2 2 2 2 2 2 2 2 2
left_child=2 8 6 4 -3 11 13 -8 10 -10 -2 -4 -7 -1
right_child=1 3 5 -5 -6 12 7 -9 9 -11 -12 -13 -14 -15
leaf_value=-0.018151174476212412 0.011272824630815408 0.04928236518244325 0.0059255065946266228 -0.015458919403999044 0.027752634698468531 -0.033113863030347065 0.020561481303060847 -0.025961054573897871 -0.00070714212609888157 0.020860069249446042 0.035360937313715736 -0.012193220770507579 -0.01258422916464535 -0.033964438533780256
leaf_weight=95.544560188427567 129.33138352283277 257.59902409324422 165.20880777388811 39.688486740458757 377.36442195018753 101.24832425406203 29.964795523672365 62.962199023924768 398.36433444113936 174.43561189423781 76.798323228606023 168.48575481318403 148.52782349800691 632.77411756035872
leaf_count=296 345 700 626 73 1166 198 100 231 1356 466 206 772 326 2420
internal_value=-0.000153136 0.0207781 -0.0218154 0.0334728 0.0365587 -0.0108718 -0.0295618 -0.0108472 0.00974757 0.00587695 0.0203989 -0.00321698 -0.0210248 -0.0319246
internal_weight=2858.3 1453.58 1404.72 674.652 634.963 583.471 821.246 92.927 778.93 572.8 206.13 333.695 249.776 728.319
internal_count=9281 4312 4969 1939 1866 1922 3047 331 2373 1822 551 1398 524 2716
is_linear=0
shrinkage=0.05


Tree=25
num_leaves=15
num_cat=0
split_feature=1 0 2 1 7 21 1 0 13 1 19 1 1 6
split_gain=39.4221 23.0109 19.2228 14.375 13.4289 13.5643 14.5999 14.545 11.1148 8.88178 4.86619 5.09678 4.61908 1.76373
threshold=151.50000000000003 184.50000000000003 -37.499999999999993 100.50000000000001 0.95000000000000007 35.500000000000007 164.50000000000003 204.50000000000003 1.0500000000000003 147.50000000000003 0.63068181818181823 182.50000000000003 109.50000000000001 0.68333333333333346
decision_type=2 2 2 2 2 2 2 2 2 2 2 2 2 2
left_child=1 2 9 -4 5 6 -2 -7 12 -1 11 -6 -3 -12
right_child=4 8 3 -5 10 7 -8 -9 -10 -11 13 -13 -14 -15
leaf_value=-0.0092210067893708902 -0.037763896364592361 0.045171920382616457 0.003971960053022556 0.016082143496833425 -0.023989525619478629 -0.035724386788521544 0.024032588948997829 0.040424555675312716 -0.037289880746999036 0.010896918968008117 -0.035025602138740577 -0.0016604389068757025 -0.008757732721241555 -0.010272520581167226
leaf_weight=335.45784159132745 10.672433197614735 5.069143606349825 1276.3998688003048 303.28482318844181 76.731570574804209 36.074564527370967 52.067182313883677 6.6217011436820021 50.230198192992248 64.465816718991846 79.503821448655799 39.051051520160399 10.483095739036797 9.6812547792214882
leaf_count=1519 44 24 4995 1193 269 137 163 9 150 288 270 146 31 43
internal_value=0.000330521 0.00285451 0.00382874 0.00630887 -0.0162409 -0.00166125 0.0130146 -0.0231453 -0.0260065 -0.00594653 -0.023672 -0.0165799 0.0101853 -0.0325377
internal_weight=2355.79 2045.39 1979.61 1579.68 310.404 105.436 62.7396 42.6963 65.7824 399.924 204.968 115.783 15.5522 89.1851
internal_count=9281 8200 7995 6188 1081 353 207 146 205 1807 728 415 55 313
is_linear=0
shrinkage=0.05


Tree=26
num_leaves=15
num_cat=0
split_feature=2 2 2 6 1 8 6 10 13 15 8 18 5 1
split_gain=486.6 85.2501 60.6561 22.7817 17.697 22.5126 20.8677 16.3591 15.6653 13.3146 12.8577 12.8087 12.2659 9.71575
threshold=-1.4999999999999998 -37.499999999999993 51.500000000000007 0.68333333333333346 27.500000000000004 -1.9499999999999997 0.68333333333333346 0.77500000000000013 0.73214285714285732 1.5000000000000002 0.68333333333333346 3.5000000000000004 0.36666666666666675 63.500000000000007
decision_type=2 2 2 2 2 2 2 2 2 2 2 2 2 2
left_child=1 8 4 7 6 -6 -2 -4 -1 12 -10 -11 -3 -5
right_child=2 9 3 13 5 -7 -8 -9 10 11 -12 -13 -14 -15
leaf_value=0.037706631154918326 -0.027723079559433952 -0.0045734511631015913 -0.0067557655381602008 -0.016995684932890481 -0.032323118906728836 -0.0048046449219310144 0.007304942173448719 -0.036919896733809902 0.015984412567163819 0.033066609235082291 0.030877499721625595 0.0088888998572882096 0.010233651592454237 0.054820376586950048
leaf_weight=320.48418417037465 270.0015271641314 304.90470102347899 50.168308780761436 7.7814858749043223 83.487075348966755 630.254040713422 49.743499519769102 523.01077545911539 283.35356064257212 75.406057278625667 310.02162591344677 201.2906504124403 256.40664931549691 9.4107246529310924
leaf_count=860 728 868 131 27 224 1845 129 1571 778 164 803 280 856 17
internal_value=-9.95365e-05 0.0181706 -0.0198121 -0.0325948 -0.0124807 -0.00807123 -0.0222523 -0.0343048 0.0287267 0.00663259 0.0238129 0.0155912 0.0021877 0.0228929
internal_weight=3375.72 1751.87 1623.86 590.371 1033.49 713.741 319.745 573.179 913.859 838.008 593.375 276.697 561.311 17.1922
internal_count=9281 4609 4672 1746 2926 2069 857 1702 2441 2168 1581 444 1724 44
is_linear=0
shrinkage=0.05


Tree=27
num_leaves=15
num_cat=0
split_feature=2 2 2 15 8 18 11 17 15 9 10 2 11 8
split_gain=469.58 72.4516 44.8966 37.5824 20.9045 17.0521 14.0692 21.0088 11.6421 13.9468 12.8208 10.5603 9.00086 8.35333
threshold=2.5000000000000004 46.500000000000007 -26.499999999999996 1.5000000000000002 -0.94999999999999984 2.5000000000000004 0.90000000000000013 1.5000000000000002 1.0000000180025095e-35 0.90000000000000013 1.6333333333333335 -16.499999999999996 -0.22499999999999998 0.64583333333333337
decision_type=2 2 2 2 2 2 2 2 2 2 2 2 2 2
left_child=2 8 6 4 -3 11 13 -8 10 -10 -2 -4 -7 -1
right_child=1 3 5 -5 -6 12 7 -9 9 -11 -12 -13 -14 -15
leaf_value=-0.02645715141337826 0.0084227846727303168 0.044670157981530761 -0.015542003209154687 -0.015358456889771242 0.026228200662305252 -0.033495040785058841 -0.021832635021397959 0.03757626450922455 0.00034165638354679472 0.056243845361311773 0.026574733690788305 0.0032640960248504335 -0.013244951807710115 -0.037813913905495322
leaf_weight=418.80240733583923 292.74926963995676 282.25172044534702 111.19265708350576 39.587563367327675 357.09667630458716 85.500793167389929 74.105427741422318 17.558719616383314 332.51739948859904 10.552708105416967 146.86893129046075 221.53221306565683 160.91406520549208 289.93878073303495
leaf_count=1572 1087 810 431 73 1056 163 304 27 670 28 588 967 361 1144
internal_value=-0.000179675 0.0195602 -0.0210967 0.0315056 0.0344346 -0.010453 -0.0287691 -0.0101159 0.00916497 0.00223419 0.0145449 -0.00303343 -0.0203985 -0.0311569
internal_weight=2841.17 1461.62 1379.55 678.936 639.348 579.14 800.405 91.6641 782.688 343.07 439.618 332.725 246.415 708.741
internal_count=9281 4312 4969 1939 1866 1922 3047 331 2373 698 1675 1398 524 2716
is_linear=0
shrinkage=0.05


Tree=28
num_leaves=14
num_cat=0
split_feature=1 0 2 1 8 1 17 13 8 1 1 14 5
split_gain=36.6841 21.4515 16.6831 13.2177 12.3105 11.3413 13.9099 10.8577 9.0516 5.98516 8.69204 4.53737 1.06646
threshold=151.50000000000003 184.50000000000003 -37.499999999999993 43.500000000000007 -0.70714285714285696 170.50000000000003 1.0000000180025095e-35 1.0500000000000003 -1.0000000180025095e-35 189.50000000000003 184.50000000000003 -1.1055555555555554 -1.5499999999999998
decision_type=2 2 2 2 2 2 2 2 2 2 2 2 2
left_child=1 2 8 -4 5 12 -7 11 -1 10 -6 -3 -2
right_child=4 7 3 -5 9 6 -8 -9 -10 -11 -12 -13 -14
leaf_value=0.010034026330636582 -0.015209213792097834 -0.021260752884076497 0.00082848373996265373 0.010044414066283097 -0.021401283137222407 -0.0060602513661354865 0.038838467680607801 -0.036855344231454222 -0.0090986076213968731 -0.038309666234616034 0.022249994211347081 0.030690471640094252 -0.037021231664882102
leaf_weight=75.452626359765418 13.296202036319302 5.9940895689651361 689.66634673206136 895.93850885017309 136.41686265636235 55.363579648197629 23.840005490579642 48.65361417888198 320.10486951516941 49.182163493707776 11.523054701392537 9.5342941870912892 16.102830607444048
leaf_count=304 56 20 2743 3445 499 192 56 150 1503 186 43 35 49
internal_value=0.000401518 0.00282042 0.00374941 0.0060421 -0.0157214 -0.00212068 0.00770751 -0.0253966 -0.00542035 -0.0231409 -0.0178411 0.0102613 -0.0281457
internal_weight=2351.07 2045.34 1981.16 1585.6 305.725 108.603 79.2036 64.182 395.557 197.122 147.94 15.5284 29.399
internal_count=9281 8200 7995 6188 1081 353 248 205 1807 728 542 55 105
is_linear=0
shrinkage=0.05


Tree=29
num_leaves=15
num_cat=0
split_feature=19 5 14 14 3 8 7 14 0 6 8 15 14 20
split_gain=194.636 88.1358 83.9569 60.7148 42.4104 31.4874 23.9821 19.2584 18.3586 17.5873 16.8553 15.1898 14.4759 12.397
threshold=0.5277777777777779 -0.44999999999999996 0.29285714285714287 -1.8285714285714281 0.77500000000000013 -1.5277777777777775 1.9500000000000002 -0.64583333333333315 193.50000000000003 0.5277777777777779 -0.94999999999999984 1.5000000000000002 1.0000000180025095e-35 72.500000000000014
decision_type=2 2 2 2 2 2 2 2 2 2 2 2 2 2
left_child=1 3 9 8 -4 -5 7 10 -1 -3 -2 -9 -8 -14
right_child=6 2 4 5 -6 -7 12 11 -10 -11 -12 -13 13 -15
leaf_value=0.02742983066247949 -0.001757713342723092 0.0080436233972466572 -0.016729148210210151 -0.038508874518508429 0.01055040870324437 -0.017153291259720354 0.046508853378067247 -0.011287834311327349 -0.028775469645683199 0.026182560293919119 0.03138775221543752 0.013719974787441178 0.028943258354407916 -0.013756364977923527
leaf_weight=82.802852019085549 46.098570615751669 593.72884029324632 649.65279300126713 244.0744657444302 181.43725486344192 602.68960342893843 123.22666605480481 81.447892210679129 16.639117879210971 172.72735376318451 216.54522988200188 228.95517817744985 93.360649350681342 19.92906761681661
leaf_count=205 82 1694 2036 789 511 1615 299 290 28 530 561 406 180 55
internal_value=-0.000127815 -0.00692577 0.000236041 -0.0190103 -0.0107622 -0.023353 0.0212082 0.0156168 0.0177826 0.0121667 0.0255666 0.00712684 0.0346117 0.0213335
internal_weight=3353.32 2543.75 1597.55 946.206 831.09 846.764 809.563 573.047 99.442 766.456 262.644 310.403 236.516 113.29
internal_count=9281 7408 4771 2637 2547 2404 1873 1339 233 2224 643 696 534 235
is_linear=0
shrinkage=0.05


Tree=30
num_leaves=15
num_cat=0
split_feature=2 2 2 15 5 15 11 17 7 0 10 5 2 7
split_gain=431.981 65.9201 43.0365 34.3556 23.9848 16.1746 13.7238 12.6343 11.5756 22.4354 10.9272 9.42856 7.81901 6.69367
threshold=2.5000000000000004 46.500000000000007 -26.499999999999996 1.5000000000000002 -1.3666666666666665 2.5000000000000004 0.36666666666666675 2.5000000000000004 0.81666666666666676 39.500000000000007 0.55000000000000016 1.0000000180025095e-35 62.500000000000007 0.84523809523809534
decision_type=2 2 2 2 2 2 2 2 2 2 2 2 2 2
left_child=2 8 6 4 -3 11 13 -8 10 -10 -2 -4 -5 -1
right_child=1 3 5 12 -6 -7 7 -9 9 -11 -12 -13 -14 -15
leaf_value=-0.018517731837051295 -0.0052941931105681371 0.0445764219632898 0.00088041033955063629 -0.03527785656646678 0.024678855713390555 -0.029285610566667977 -0.020355072331976733 0.02320845163793054 0.019599345663532011 -0.0016151600277362014 0.02416288976699775 -0.013057181008834174 0.0083826148995883743 -0.034089507265057578
leaf_weight=86.263794096885249 37.837701834389009 258.91126030520536 231.27142019709572 20.876712454482913 382.92274277622346 91.342112812679261 170.57906500564422 17.495471579954028 180.45556868729182 396.36318450036924 170.65686811658088 252.55255691404454 18.436818208545446 508.70594471844379
leaf_count=274 79 700 759 33 1166 167 671 29 473 1349 472 996 40 2073
internal_value=-0.00019702 0.0186128 -0.0205084 0.0299889 0.03277 -0.0100847 -0.0281359 -0.0161749 0.00871372 0.0050355 0.0187934 -0.00639652 -0.0149784 -0.031875
internal_weight=2824.67 1466.46 1358.21 681.148 641.834 575.166 783.044 188.075 785.313 576.819 208.495 483.824 39.3135 594.97
internal_count=9281 4312 4969 1939 1866 1922 3047 700 2373 1822 551 1755 73 2347
is_linear=0
shrinkage=0.05


Tree=31
num_leaves=15
num_cat=0
split_feature=2 0 13 20 11 5 7 8 8 19 8 11 11 21
split_gain=32.8126 25.4895 15.8279 12.2426 12.05 11.7399 17.0624 16.4054 9.50304 8.54694 8.16856 7.43127 4.57274 1.82256
threshold=-32.499999999999993 156.50000000000003 1.1180555555555558 4.5000000000000009 -2.0999999999999996 1.3666666666666669 3.0500000000000003 -0.70714285714285696 -1.0000000180025095e-35 0.61250000000000016 -1.6458333333333333 -1.4499999999999997 0.90000000000000013 420.50000000000006
decision_type=2 2 2 2 2 2 2 2 2 2 2 2 2 2
left_child=4 5 3 -3 10 7 -7 -2 11 -10 -1 -6 -4 -12
right_child=1 2 12 -5 8 6 -8 -9 9 -11 13 -13 -14 -15
leaf_value=0.013474906785874438 -0.0022362477756920525 0.021748808906458861 -0.029748325711989893 -0.0098464423683314664 -0.021567819455503293 -0.010613636081937751 0.032182950016561344 0.011398308067653899 -0.016663355893717108 -0.0020544066332271386 -0.03308853471556459 0.010909949307786404 -0.0098281628593669852 -0.00085988005770250276
leaf_weight=10.921563263284041 283.15610528399702 48.075834647403099 82.539485203800723 80.589737447327934 20.060958138550632 169.68331382889301 25.951234040083364 984.19709996297024 222.96567037858767 183.18329606810585 77.335020630504005 105.71275638439693 47.431614952743985 5.0427162651903918
leaf_count=23 1167 128 314 309 85 713 109 3659 1081 733 372 390 172 26
internal_value=0.000462464 0.00402743 -0.0104075 0.00199723 -0.00933688 0.00658813 -0.00477638 0.00834873 -0.00639007 -0.0101079 -0.0258384 0.00556103 -0.0226474 -0.0312096
internal_weight=2346.85 1721.62 258.637 128.666 625.222 1462.99 195.635 1267.35 531.923 406.149 93.2993 125.774 129.971 82.3777
internal_count=9281 6571 923 437 2710 5648 822 4826 2289 1814 421 475 486 398
is_linear=0
shrinkage=0.05


Tree=32
num_leaves=15
num_cat=0
split_feature=2 2 2 19 15 1 1 5 0 21 5 0 13 14
split_gain=401.708 97.1062 37.3982 21.5481 19.9994 19.7688 21.4836 16.9134 15.3675 14.8428 12.2831 9.85869 8.45767 16.9467
threshold=6.5000000000000009 -30.499999999999996 83.500000000000014 0.5590277777777779 1.5000000000000002 150.50000000000003 149.50000000000003 1.3666666666666669 143.50000000000003 154.50000000000003 1.9000000000000001 97.500000000000014 1.0500000000000003 -0.11805555555555554
decision_type=2 2 2 2 2 2 2 2 2 2 2 2 2 2
left_child=1 5 3 7 10 6 -1 -2 -5 -6 -3 -7 13 -4
right_child=2 4 12 8 9 11 -8 -9 -10 -11 -12 -13 -14 -15
leaf_value=0.023574027064406106 -0.020643366683867934 -0.0048709310059690415 -0.040547950974591837 -0.0086255033682700009 0.017042294087925555 0.044180985709957432 -0.0029013447499743371 0.0031637735145994281 0.034179993974835239 -0.020476248696596547 0.017355300936781899 0.025956649384554061 -0.041179955349182305 0.033403608170896777
leaf_weight=626.69750414183363 955.54675803915597 556.83663722639903 19.297988134203482 57.540558431530371 266.83168940525502 162.73413470340893 86.667136384523474 80.25640631292481 31.638630640576594 28.278259705752134 68.909696092712693 151.87404724140652 228.66304465429857 11.543013049755244
leaf_count=1872 2780 1751 65 147 405 395 256 248 64 52 198 302 717 29
internal_value=-0.000157178 0.0144685 -0.0207438 -0.0167619 0.00266427 0.025025 0.020351 -0.0187926 0.00671603 0.0133733 -0.00239153 0.0355093 -0.0378557 -0.0125329
internal_weight=3333.32 1948.83 1384.49 1124.98 920.856 1027.97 713.365 1035.8 89.1792 295.11 625.746 314.608 259.504 30.841
internal_count=9281 5231 4050 3239 2406 2825 2128 3028 211 457 1949 697 811 94
is_linear=0
shrinkage=0.05


Tree=33
num_leaves=15
num_cat=0
split_feature=2 2 2 15 5 15 11 17 5 1 14 8 14 2
split_gain=391.491 59.9011 40.6603 31.4093 22.2403 15.2426 13.447 11.8298 10.9797 13.8272 11.8793 9.11778 8.01487 7.31546
threshold=2.5000000000000004 46.500000000000007 -26.499999999999996 1.5000000000000002 -1.3666666666666665 2.5000000000000004 0.36666666666666675 2.5000000000000004 -0.44999999999999996 27.500000000000004 -0.52777777777777768 1.6458333333333337 1.1833333333333336 62.500000000000007
decision_type=2 2 2 2 2 2 2 2 2 2 2 2 2 2
left_child=2 8 6 4 -3 11 -1 -8 9 -2 -10 -4 -7 -5
right_child=1 3 5 13 -6 12 7 -9 10 -11 -12 -13 -14 -15
leaf_value=-0.031154024041014701 0.038568342284638187 0.042416302491856489 -0.0035070326591080309 -0.03468086445317551 0.023278677640303991 -0.034514274960345238 -0.019600990764422389 0.02245297443980461 -0.020016490480185844 0.010534895503008653 0.0061289827187264593 -0.024223832522689937 0.0079893548117576201 0.007652564462170836
leaf_weight=578.00413067871705 53.804222843260504 258.72482389665674 421.85390260652639 20.497320055961609 385.15059183433186 77.04164620116353 167.48162793018855 17.623935636132956 47.010257049114443 235.88340118492488 452.15530966233928 60.041535755386576 12.325122599024324 18.564911786466837
leaf_count=2347 100 700 1552 33 1166 140 671 29 147 702 1424 203 27 40
internal_value=-0.000222935 0.017552 -0.0198306 0.0283868 0.0310302 -0.00970484 -0.0273816 -0.015471 0.00814156 0.0158736 0.00362157 -0.00614341 -0.0285735 -0.0147477
internal_weight=2806.16 1471.79 1334.37 682.938 643.875 571.262 763.11 185.106 788.853 289.688 499.166 481.895 89.3668 39.0622
internal_count=9281 4312 4969 1939 1866 1922 3047 700 2373 802 1571 1755 167 73
is_linear=0
shrinkage=0.05


Tree=34
num_leaves=13
num_cat=0
split_feature=2 0 7 6 14 2 0 2 18 20 14 4
split_gain=29.1935 24.6149 12.0287 18.7944 11.1199 10.257 9.25829 8.48812 7.38722 6.69429 12.8461 0.964594
threshold=-52.499999999999993 150.50000000000003 1.8166666666666669 0.73214285714285732 -2.2249999999999996 131.50000000000003 1.5000000000000002 -50.499999999999993 1.5000000000000002 33.500000000000007 -0.10555555555555554 3.9000000000000004
decision_type=2 2 2 2 2 2 2 2 2 2 2 2
left_child=2 6 3 4 -1 8 -2 -8 -3 11 -11 -4
right_child=1 5 9 -5 -6 -7 7 -9 -10 10 -12 -13
leaf_value=-0.034470459635337437 -0.03717483788180112 -0.012931117488011595 -0.036339984732608917 0.07437206229321866 -0.0044301214021542244 -0.037485372336770635 0.038933702731647465 0.0053625963185741504 0.0043233984319363001 -0.025998965999569953 0.035996870011636942 -0.0095776512546453321
leaf_weight=34.594155962695368 11.638878852012565 177.02996382350102 67.315403972694185 6.0350159340305245 237.71853926731274 29.824134073220193 18.132211732736323 1621.0587310554693 94.03632371861022 28.745950364042073 10.613837569952009 4.9874305959092444
leaf_count=201 49 748 266 18 1033 141 86 6277 202 168 71 21
internal_value=0.000533679 0.00303258 -0.0119345 -0.00630501 -0.00837685 -0.0100921 0.00543245 0.00576051 -0.00693304 -0.0257426 -0.00867948 -0.034718
internal_weight=2341.73 1951.72 390.01 278.348 272.313 300.89 1650.83 1639.19 271.066 111.663 39.3598 72.3028
internal_count=9281 7503 1778 1252 1234 1091 6412 6363 950 526 239 287
is_linear=0
shrinkage=0.05


Tree=35
num_leaves=15
num_cat=0
split_feature=19 1 0 8 1 1 7 14 8 10 18 14 0 20
split_gain=160.227 80.2437 72.8603 72.6306 64.1568 36.137 22.7395 17.0267 15.1714 14.8614 13.6703 13.4928 12.5926 11.8607
threshold=0.5277777777777779 78.500000000000014 57.500000000000007 -1.5277777777777775 16.500000000000004 151.50000000000003 1.9500000000000002 -0.64583333333333315 -0.94999999999999984 1.0000000180025095e-35 1.5000000000000002 1.0000000180025095e-35 155.50000000000003 72.500000000000014
decision_type=2 2 2 2 2 2 2 2 2 2 2 2 2 2
left_child=1 2 4 9 -1 -5 7 8 -2 -3 -9 -8 -4 -13
right_child=6 3 12 5 -6 -7 11 10 -10 -11 -12 13 -14 -15
leaf_value=-0.022608056987902612 -0.00258734612507284 0.035239903147478373 -0.023240878399276969 0.0038556589161005735 0.0095441909803597735 0.027077002867176438 0.044259215104660368 -0.011632272326302266 0.028970633721463336 -0.026146044870977193 0.012170181503983959 0.02722885272909999 -0.043934324217954242 -0.014634705518312398
leaf_weight=248.8734261454083 45.859981596469879 9.4558361317031068 615.61606262763962 726.9875033228891 408.1641075881198 217.17828077147715 119.34468575310893 80.93232926283963 211.57268099603243 200.71453180490062 227.08903813478537 92.451498680398799 85.261061923461966 19.821492099203169
leaf_count=635 82 25 1956 2217 1288 516 299 290 561 530 406 180 241 55
internal_value=-0.000187127 -0.0063864 -0.0146216 0.00330113 -0.00264273 0.00922535 0.0193293 0.0138669 0.0233412 -0.0232067 0.00588252 0.0325264 -0.0258243 0.0197299
internal_weight=3309.32 2512.25 1357.91 1154.34 657.038 944.166 797.072 565.454 257.433 210.17 308.021 231.618 700.877 112.273
internal_count=9281 7408 4120 3288 1923 2733 1873 1339 643 555 696 534 2197 235
is_linear=0
shrinkage=0.05


Tree=36
num_leaves=15
num_cat=0
split_feature=15 5 14 11 5 14 13 0 13 0 0 6 0 20
split_gain=148.704 67.0605 47.8933 47.4318 40.0843 26.725 25.9607 24.3488 18.7718 15.8816 13.9022 13.231 10.6349 10.5771
threshold=1.0000000180025095e-35 -0.44999999999999996 0.35416666666666669 -0.22499999999999998 -0.36666666666666664 0.29285714285714287 0.41428571428571431 24.500000000000004 3.3166666666666669 180.50000000000003 78.500000000000014 1.0000000180025095e-35 151.50000000000003 565.00000000000011
decision_type=2 2 2 2 2 2 2 2 2 2 2 2 2 2
left_child=1 2 6 11 7 9 -1 -5 -6 -3 -7 -2 -4 -13
right_child=3 5 12 4 8 10 -8 -9 -10 -11 -12 13 -14 -15
leaf_value=-0.024248931290944235 0.021381901585829782 -0.011148039556734352 0.030929556766819428 -0.034341197567402414 -0.013548777932771417 0.0016145395151583382 0.015537277672033611 0.019730966939109203 0.04073151426570374 0.045536693864375428 0.019627218716644697 -0.027309033230157154 0.0527998113941653 0.022299666606036925
leaf_weight=44.860423297155648 14.220149880275128 362.28089671884663 178.23385512828827 22.471475902479142 545.99874776252545 267.50578795722686 386.76984715997241 184.61849152459763 15.414248469518496 11.789390405407174 178.6462694631191 477.02217497350648 87.949209455517121 10.172144540585576
leaf_count=148 19 1667 663 36 1404 1274 1233 341 24 32 683 1502 224 31
internal_value=-0.000247768 0.0103091 0.021691 -0.0128694 -0.00504377 0.000605179 0.0113441 0.0137027 -0.0119798 -0.00923156 0.00886604 -0.0248197 0.038345 -0.0262195
internal_weight=2787.95 1518.04 697.813 1269.92 768.503 820.222 431.63 207.09 561.413 374.07 446.152 501.414 266.183 487.194
internal_count=9281 5924 2268 3357 1805 3656 1381 377 1428 1699 1957 1552 887 1533
is_linear=0
shrinkage=0.05


Tree=37
num_leaves=14
num_cat=0
split_feature=1 0 2 1 7 13 10 15 1 19 15 20 6
split_gain=30.5219 17.8011 12.9248 12.6933 11.8137 10.698 9.49112 8.75937 10.4881 4.51708 6.94839 4.33374 2.03307
threshold=151.50000000000003 184.50000000000003 -37.499999999999993 100.50000000000001 0.95000000000000007 1.0500000000000003 1.7083333333333337 1.5000000000000002 179.50000000000003 0.63068181818181823 1.0000000180025095e-35 33.500000000000007 0.68333333333333346
decision_type=2 2 2 2 2 2 2 2 2 2 2 2 2
left_child=1 2 6 -4 7 11 -1 8 -2 10 -6 -3 -11
right_child=4 5 3 -5 9 -7 -8 -9 -10 12 -12 -13 -14
leaf_value=-0.00096044781626215565 -0.025790866346982657 0.042150563755700934 0.0033869600055008321 0.014679367273748321 -0.021241858596310028 -0.035866116796338991 -0.021532397305501619 0.035507737430211982 0.0082949082314114544 -0.033577244578370601 0.0092819246316588732 -0.0091797520407414825 -0.006362975115426309
leaf_weight=321.1306960794027 38.820592797012068 5.854136044625192 1286.3353036982007 308.53402307908982 87.561291643534787 44.982496905548032 67.112046318361536 13.363619025330989 50.984476636745967 71.982834791997448 22.739743032492697 9.3192941155284625 8.6730725442757812
leaf_count=1504 173 21 4995 1193 369 150 303 37 143 270 46 34 43
internal_value=0.000598328 0.00277012 0.00358997 0.00558249 -0.0144303 -0.0237922 -0.00457556 -0.000727488 -0.00650626 -0.0217651 -0.0148773 0.0116968 -0.0308258
internal_weight=2337.39 2043.27 1983.11 1594.87 294.126 60.1559 388.243 103.169 89.8051 190.957 110.301 15.1734 80.6559
internal_count=9281 8200 7995 6188 1081 205 1807 353 316 728 415 55 313
is_linear=0
shrinkage=0.05


Tree=38
num_leaves=15
num_cat=0
split_feature=2 2 2 15 6 1 1 11 1 20 0 10 2 8
split_gain=330.904 90.0988 29.5383 23.9803 18.5562 17.8703 19.8536 17.6393 16.8777 9.92291 9.46617 6.96018 7.22014 5.87299
threshold=10.500000000000002 -30.499999999999996 83.500000000000014 1.5000000000000002 0.78888888888888908 150.50000000000003 149.50000000000003 1.5500000000000003 27.500000000000004 163.50000000000003 97.500000000000014 0.90000000000000013 108.50000000000001 -0.21111111111111108
decision_type=2 2 2 2 2 2 2 2 2 2 2 2 2 2
left_child=1 5 4 7 8 6 -1 -3 -2 -5 -7 12 -4 -13
right_child=2 3 11 9 -6 10 -8 -9 -10 -11 -12 13 -14 -15
leaf_value=0.021615052394633627 -0.027956025107344191 -0.00079833871670760093 0.0083987131828381842 0.015332746907961742 0.037425927330923196 0.041740391677858958 -0.0039168024702745689 -0.027616783605430614 -0.013266821000401094 -0.02152675997379274 0.023669886455195792 -0.043740858140898883 -0.040469171956763889 -0.024265346934190041
leaf_weight=617.6516647960525 268.8636638399912 621.41014515294228 17.37417815998197 299.81717038759962 14.81665338447783 156.77273883786984 86.138750286540017 67.092685523326509 738.5856378589524 18.472985793836415 148.71448873262852 161.05508844472934 11.867200193461029 58.749307075981051
leaf_count=1872 840 1922 58 452 46 395 256 252 2095 38 302 531 40 182
internal_value=-0.000213817 0.0123798 -0.0201829 0.00178684 -0.0163831 0.0229294 0.0184819 -0.00345524 -0.0172158 0.0131171 0.0330657 -0.0356322 -0.0119507 -0.0386916
internal_weight=3287.38 2016.07 1271.31 1006.79 1022.27 1009.28 703.79 688.503 1007.45 318.29 305.487 249.046 29.2414 219.804
internal_count=9281 5489 3792 2664 2981 2825 2128 2174 2935 490 697 811 98 713
is_linear=0
shrinkage=0.05


Tree=39
num_leaves=15
num_cat=0
split_feature=2 2 2 8 5 24 14 18 11 19 1 11 14 8
split_gain=333.744 49.6524 37.646 19.7313 14.9014 17.2921 15.2448 14.3447 12.8203 15.8318 12.7498 9.80486 9.56766 8.87274
threshold=2.5000000000000004 56.500000000000007 -26.499999999999996 -1.4142857142857139 -0.44999999999999996 2.5000000000000004 1.1339285714285716 2.5000000000000004 0.90000000000000013 0.37980769230769235 12.500000000000002 1.9000000000000001 1.0000000180025095e-35 0.64583333333333337
decision_type=2 2 2 2 2 2 2 2 2 2 2 2 2 2
left_child=2 4 8 -3 6 -6 -2 11 13 -10 -5 -4 -9 -1
right_child=1 3 7 10 5 -7 -8 12 9 -11 -12 -13 -14 -15
leaf_value=-0.023702441825428265 0.012868139458153544 0.042322416660230351 -0.0044129745331203023 0.044096700409565967 6.1076450682855303e-05 0.024703671344426976 0.044050238188412139 -0.030805654095972215 0.021037269136795114 -0.023184011614153233 0.017664644473657395 0.032018948976923249 -0.010075236049403477 -0.035934315873063054
leaf_weight=384.42101718450431 327.7330215186812 166.87359708547592 309.86696191783994 53.362702993559651 476.23611007351428 82.787484130822122 44.093015095568262 93.449155368842185 29.674704578472301 58.43187967769336 324.87535116227809 18.619483446702361 141.9411327841226 260.1322974973591
leaf_count=1572 879 513 1315 190 1380 383 108 198 100 231 859 83 326 1144
internal_value=-0.000270749 0.0159815 -0.018774 0.0279586 0.0089398 0.003757 0.0166875 -0.00902566 -0.0262473 -0.00816502 0.0215134 -0.00224183 -0.0184218 -0.0286948
internal_weight=2772.5 1475.96 1296.54 545.112 930.85 559.024 371.826 563.877 732.66 88.1066 378.238 328.486 235.39 644.553
internal_count=9281 4312 4969 1562 2750 1763 987 1922 3047 331 1049 1398 524 2716
is_linear=0
shrinkage=0.05


Tree=40
num_leaves=14
num_cat=0
split_feature=14 0 13 8 14 8 5 13 9 5 6 14 11
split_gain=21.8773 13.0642 17.3152 12.4078 15.9448 12.3088 14.9999 10.7828 9.47415 6.83995 4.53785 1.95224 1.36634
threshold=-1.8285714285714281 177.50000000000003 1.0500000000000003 0.95000000000000007 1.0000000180025095e-35 -0.64583333333333315 1.0000000180025095e-35 2.4142857142857146 0.36666666666666675 -3.8999999999999995 0.38750000000000007 -1.9499999999999997 -0.89999999999999991
decision_type=2 2 2 2 2 2 2 2 2 2 2 2 2
left_child=5 3 9 7 -5 6 8 -2 -1 -3 -4 12 -7
right_child=1 2 10 4 -6 11 -8 -9 -10 -11 -12 -13 -14
leaf_value=-0.015978477466877788 0.0061336542838827494 0.050519310179712298 -0.032696044053731041 -0.017497276252696998 0.0020410467530406324 -0.036098291324165553 0.06395246619379194 -0.010204069711633509 0.042145783068705665 0.00070410636806364794 0.011235632547225712 -0.0095206671945481571 -0.0010154981237729651
leaf_weight=68.033712530392222 1473.2450121553848 7.759630140149965 66.793469754862599 151.81509616039693 328.08952629764099 63.722285857831594 6.5016200081445268 107.31173464469612 6.8036319941747925 33.447491097147577 5.7759143367875359 10.546627191361038 3.2683786805719128
leaf_count=249 5924 25 235 619 1236 417 12 378 18 89 36 35 8
internal_value=0.000647535 0.00196138 -0.0144512 0.00287666 -0.00415293 -0.0172011 -0.00345421 0.00501549 -0.0101423 0.0111779 -0.0290263 -0.0313307 -0.0345003
internal_weight=2333.11 2174.24 113.777 2060.46 479.905 158.876 81.339 1580.56 74.8373 41.2071 72.5694 77.5373 66.9907
internal_count=9281 8542 385 8157 1855 739 279 6302 267 114 271 460 425
is_linear=0
shrinkage=0.05


Tree=41
num_leaves=15
num_cat=0
split_feature=19 1 5 0 1 14 0 7 1 5 14 11 21 10
split_gain=133.12 67.9046 58.5987 56.8981 38.8596 37.9805 22.8777 21.5679 15.4313 14.7568 12.5747 9.41024 7.45042 6.83307
threshold=0.5277777777777779 64.500000000000014 -0.44999999999999996 83.500000000000014 16.500000000000004 -1.8285714285714281 45.500000000000007 1.9500000000000002 137.50000000000003 -0.63333333333333319 1.0000000180025095e-35 -1.0000000180025095e-35 70.500000000000014 0.77500000000000013
decision_type=2 2 2 2 2 2 2 2 2 2 2 2 2 2
left_child=1 3 5 4 -1 -3 -4 8 9 -2 -9 -10 -12 -5
right_child=7 2 6 13 -6 -7 -8 10 11 -11 12 -13 -14 -15
leaf_value=-0.02191366267259617 -0.015971863858522031 0.017789888800658842 0.027375744813210836 -0.0053153949880398975 0.0012381769022150894 -0.016784264497174302 0.0060913761888159836 0.042314075094087925 0.029127397312519461 0.010851428935573467 0.024936065007630639 -0.0012984400389521957 -0.0066133808090892976 -0.03344241925188525
leaf_weight=287.04709050187375 60.226591383339837 94.993311299942434 156.78003470366821 24.006030115066096 487.56046639732085 459.67329748289194 642.48764899978414 115.24672101123724 154.44755167630501 313.28019452420995 88.330118329729885 29.907488674856722 22.917482661549002 329.37184853141662
leaf_count=768 105 229 577 69 1506 1319 1757 299 401 783 174 50 61 1183
internal_value=-0.000231232 -0.00590791 0.00163825 -0.0149635 -0.00735197 -0.0108327 0.0103016 0.0177096 0.0123736 0.00648182 0.0307183 0.0241841 0.0183912 -0.0315662
internal_weight=3266.28 2481.92 1353.93 1127.99 774.608 554.667 799.268 784.356 557.862 373.507 226.494 184.355 111.248 353.378
internal_count=9281 7408 3882 3526 2274 1548 2334 1873 1339 888 534 451 235 1252
is_linear=0
shrinkage=0.05


Tree=42
num_leaves=15
num_cat=0
split_feature=2 2 2 5 14 18 18 19 13 18 6 10 2 14
split_gain=305.82 45.138 35.8114 20.5599 27.8263 15.0941 13.6467 12.5551 21.6933 10.9172 17.369 13.6933 9.64049 9.35117
threshold=2.5000000000000004 46.500000000000007 -26.499999999999996 -0.70833333333333315 -0.10555555555555554 1.5000000000000002 2.5000000000000004 0.20714285714285713 1.9500000000000002 4.5000000000000009 0.29285714285714287 1.6333333333333335 -16.499999999999996 -0.4142857142857142
decision_type=2 2 2 2 2 2 2 2 2 2 2 2 2 2
left_child=2 9 7 4 -3 -5 12 8 -1 11 -11 -2 -4 -8
right_child=1 3 6 5 -6 -7 13 -9 -10 10 -12 -13 -14 -15
leaf_value=-0.018473929809317995 0.0050111601519560291 0.0092750644845496898 -0.014236336333406525 0.0275681543307866 0.040668727200545346 0.005354396291923815 -0.036609906856374323 -0.028299901117250999 0.046881537279795819 0.020559004906666647 -0.012404715874206594 0.02106287993350647 0.0039123030567805124 -0.012425640508520474
leaf_weight=86.676697556162253 398.42943452042527 96.434653703821823 108.45883008243982 135.31958459527232 274.63864896481391 177.1877174184192 51.618847291218117 615.48304003162775 13.844361200230194 54.501816779375076 141.46958132460713 199.93919308437034 219.27297867427114 181.12398604652844
leaf_count=410 1383 251 431 552 785 351 100 2584 53 68 210 712 967 424
internal_value=-0.000291293 0.0151857 -0.0182125 0.0246001 0.0325704 0.0150464 -0.00871081 -0.0256208 -0.0090504 0.00705702 -0.00315392 0.0104092 -0.00210359 -0.0179444
internal_weight=2754.4 1477.92 1276.48 683.581 371.073 312.507 560.475 716.004 100.521 794.34 195.971 598.369 327.732 232.743
internal_count=9281 4312 4969 1939 1036 903 1922 3047 463 2373 278 2095 1398 524
is_linear=0
shrinkage=0.05


Tree=43
num_leaves=15
num_cat=0
split_feature=2 0 14 10 8 19 13 8 11 13 11 5 8 11
split_gain=23.0386 18.5349 12.2152 14.7822 12.1098 12.9497 11.3768 13.4588 11.203 10.7638 13.4371 10.0304 6.00698 0.309264
threshold=-32.499999999999993 153.50000000000003 -1.8285714285714281 0.77500000000000013 0.29285714285714287 0.61250000000000016 1.0500000000000003 -0.88194444444444431 -2.2249999999999996 3.8166666666666669 3.1000000000000005 0.36666666666666675 -0.52777777777777768 -1.4499999999999997
decision_type=2 2 2 2 2 2 2 2 2 2 2 2 2 2
left_child=2 9 3 13 8 -6 7 -3 -4 10 -2 -8 -5 -1
right_child=1 6 4 12 5 -7 11 -9 -10 -11 -12 -13 -14 -15
leaf_value=-0.035284037211295659 0.0055658370700932555 0.012532290496863774 0.06775600636703337 0.054286101279243715 -0.019464800332956091 0.00031490385887656585 -0.022419984085178354 -0.030324571367233894 0.0030371731798805811 -0.039263073502674412 0.040383548794366404 0.01319934700264244 -0.0072594630110980607 -0.014256441431388801
leaf_weight=67.42599192407215 1423.635301470058 88.227971891174093 5.9699851404875508 6.0052580656483761 180.26711167104077 151.29055333812721 132.5100324206287 22.031779952580109 176.83228644181509 12.094373003230428 27.347414831048809 22.332505900878459 8.3968084987718594 4.5424870895221821
leaf_count=383 5454 295 21 17 851 623 526 103 742 46 76 71 50 23
internal_value=0.000706088 0.00364012 -0.00771823 -0.0250232 -0.00475979 -0.0104504 -0.00849492 0.00372823 0.00553511 0.00584664 0.00625287 -0.0171989 0.0199371 -0.0342389
internal_weight=2328.91 1728.18 600.73 86.3705 514.36 331.558 265.102 110.26 182.802 1463.08 1450.98 154.843 14.4021 71.9685
internal_count=9281 6571 2710 473 2237 1474 995 398 763 5576 5530 597 67 406
is_linear=0
shrinkage=0.05


Tree=44
num_leaves=15
num_cat=0
split_feature=19 1 0 1 0 1 1 7 1 13 0 11 9 20
split_gain=120.929 62.0195 58.7129 53.3772 51.1565 34.3309 23.78 20.3223 14.3274 13.7301 11.436 11.3571 9.06154 7.19767
threshold=0.5277777777777779 78.500000000000014 57.500000000000007 16.500000000000004 136.50000000000003 155.50000000000003 149.50000000000003 1.9500000000000002 137.50000000000003 1.6833333333333336 155.50000000000003 -0.44999999999999996 0.36666666666666675 199.50000000000003
decision_type=2 2 2 2 2 2 2 2 2 2 2 2 2 2
left_child=1 2 3 -1 5 -3 -6 8 9 -2 -4 -9 -10 -13
right_child=7 4 10 -5 6 -7 -8 11 12 -11 -12 13 -14 -15
leaf_value=-0.02068294756068708 0.0099365847760940398 0.0067782976729180268 -0.020873634079888723 0.0088078462467108768 -0.022434443256711064 0.038188084265279136 0.00050223894236118465 0.04391211626769153 0.029431384286058005 -0.017611804036680834 -0.041264041365786874 0.024149933454516829 0.0031396055034388563 -0.013573271595382401
leaf_weight=245.00605978514068 320.49734255904332 584.65099321305752 597.61663868417963 406.60455469682347 209.88902717642486 101.51674952416215 242.47233962034807 86.216264447197318 138.50827997596934 51.591574784601107 79.078754256130196 123.77553719712887 43.746728535508737 13.254021851345895
leaf_count=635 740 1821 1956 1288 608 269 590 225 374 148 241 291 77 18
internal_value=-0.000258053 -0.00567986 -0.0130163 -0.00228775 0.00287903 0.0114814 -0.010155 0.0169209 0.01174 0.00606652 -0.0233212 0.0296536 0.0231994 0.0203931
internal_weight=3244.42 2466.84 1328.31 651.611 1138.53 686.168 452.361 777.59 554.344 372.089 676.695 223.246 182.255 137.03
internal_count=9281 7408 4120 1923 3288 2090 1198 1873 1339 888 2197 534 451 309
is_linear=0
shrinkage=0.05


Tree=45
num_leaves=15
num_cat=0
split_feature=2 8 2 14 16 12 18 11 6 2 5 5 14 8
split_gain=278.851 43.1584 34.2715 25.3347 19.8204 18.9026 12.9809 12.7852 11.1882 11.1218 9.87293 9.52347 9.10984 8.4611
threshold=2.5000000000000004 -0.94999999999999984 -26.499999999999996 -0.89444444444444426 1.0000000180025095e-35 0.29285714285714287 2.5000000000000004 0.36666666666666675 0.5634920634920636 96.500000000000014 0.77500000000000013 -2.2916666666666661 -0.4142857142857142 -4.1624999999999988
decision_type=2 2 2 2 2 2 2 2 2 2 2 2 2 2
left_child=2 3 7 13 5 -3 11 -1 -9 -5 -6 -4 -8 -2
right_child=1 4 6 9 10 -7 12 8 -10 -11 -12 -13 -14 -15
leaf_value=-0.02890973723101908 0.044229453847810879 -0.012910721853155943 0.029905525300428074 0.027599249375730484 0.0054093176653571499 0.01790102356418875 -0.036080944174208637 -0.0009750495676281569 -0.02627555591778424 0.047509032173032879 -0.011083348187283988 -0.0041816424515920781 -0.011972211038297884 0.00053838787097464731
leaf_weight=524.58219012565678 11.597718524397349 54.195864855661057 20.942236106842756 241.02968908031471 335.72322283161338 514.17182064789813 50.389771763468161 91.71022056939546 83.354600064456463 105.30701257754117 123.15506990486756 305.70988217345439 179.49414073559456 94.368246531113982
leaf_count=2347 24 224 72 695 671 1886 100 377 323 356 257 1326 424 199
internal_value=-0.000310216 0.0143925 -0.0176289 0.0272531 0.00870402 0.0149367 -0.00833392 -0.024993 -0.0131307 0.0337868 0.000957621 -0.00189639 -0.0174118 0.0057358
internal_weight=2735.73 1479.55 1256.18 452.303 1027.25 568.368 556.536 699.647 175.065 346.337 458.878 326.652 229.884 105.966
internal_count=9281 4312 4969 1274 3038 2110 1922 3047 700 1051 928 1398 524 223
is_linear=0
shrinkage=0.05


Tree=46
num_leaves=15
num_cat=0
split_feature=1 0 7 21 1 0 13 2 1 10 7 19 1 10
split_gain=24.823 14.8336 10.8864 12.7502 13.7266 13.0207 9.78183 9.46028 12.2077 9.21391 4.30032 3.97709 3.94096 1.18023
threshold=151.50000000000003 184.50000000000003 0.95000000000000007 35.500000000000007 164.50000000000003 204.50000000000003 1.0500000000000003 -37.499999999999993 43.500000000000007 1.7083333333333337 1.8660714285714286 0.63068181818181823 109.50000000000001 1.3666666666666669
decision_type=2 2 2 2 2 2 2 2 2 2 2 2 2 2
left_child=1 7 3 4 -2 -5 12 9 -9 -1 11 -4 -3 -12
right_child=2 6 10 5 -6 -7 -8 8 -10 -11 13 -13 -14 -15
leaf_value=-8.2845249457082971e-05 -0.036731533977361099 0.04253299665845079 -0.0084909817818840452 -0.03456960658099624 0.024835978504479165 0.037143079550657397 -0.034854575976751893 0.00010716838006893755 0.0089120715335230406 -0.020628001712667481 -0.037381256811841644 -0.0268208013625541 -0.0072052077655394399 -0.016432745319782147
leaf_weight=315.50570821081055 9.972055653575806 5.2166617969050995 83.222699755104259 33.202035712078214 51.28799639432691 6.8386279419064513 41.12583673390327 696.08018551499117 908.67431022389792 65.112900889245793 38.38349049462704 47.408357001491822 10.109452566597609 12.169674885109997
leaf_count=1504 44 24 328 137 163 9 150 2743 3445 303 154 208 31 38
internal_value=0.000765566 0.00269131 -0.0130966 0 0.0143046 -0.0215932 -0.0223476 0.00341667 0.00509841 -0.00365548 -0.020403 -0.0153344 0.0109865 -0.0328519
internal_weight=2324.31 2041.83 282.485 101.301 61.2601 40.0407 56.452 1985.37 1604.75 380.619 181.184 130.631 15.3261 50.5532
internal_count=9281 8200 1081 353 207 146 205 7995 6188 1807 728 536 55 192
is_linear=0
shrinkage=0.05


Tree=47
num_leaves=15
num_cat=0
split_feature=2 2 2 15 25 14 11 8 14 21 2 13 14 8
split_gain=253.425 71.2553 25.2896 20.4758 17.7205 16.2991 16.1301 17.926 15.3815 14.1818 9.56574 8.62288 16.7175 7.38636
threshold=10.500000000000002 -30.499999999999996 83.500000000000014 1.5000000000000002 1.0000000180025095e-35 1.1055555555555558 -1.0999999999999999 1.0000000180025095e-35 1.9500000000000002 154.50000000000003 45.500000000000007 1.0500000000000003 -0.11805555555555554 -1.2361111111111109
decision_type=2 2 2 2 2 2 2 2 2 2 2 2 2 2
left_child=1 6 4 8 5 -2 13 -8 -3 -5 -6 12 -4 -1
right_child=2 3 11 9 10 -7 7 -9 -10 -11 -12 -13 -14 -15
leaf_value=0.0075972450372745167 -0.0074062932237363363 -0.0017137957520679823 -0.03627535325615152 0.015242202277032999 -0.018439363412763612 -0.024970783919149028 0.0014883867177437294 0.020564565919113039 -0.035940238987663346 -0.021326050240295651 -0.040699623753734954 -0.036431590601963652 0.039530596069906429 0.032265308495436074
leaf_weight=35.368943656794727 628.62925864767749 652.88579589768779 17.537683976348493 288.06135081266984 123.69071494112723 167.36156051745638 164.6404751825612 496.62108175875619 33.604450861690566 28.211049541831017 83.431512854644097 205.23959622904658 10.957748203654772 284.91783074231353
leaf_count=64 1987 2070 65 437 334 488 445 1404 104 53 172 717 29 912
internal_value=-0.000287448 0.0107817 -0.0180445 0.00139839 -0.014558 -0.0111323 0.0203516 0.015832 -0.00344633 0.0119077 -0.0275826 -0.03286 -0.0066032 0.0295889
internal_weight=3221.16 1984.31 1236.85 1002.76 1003.11 795.991 981.548 661.262 686.49 316.272 207.122 233.735 28.4954 320.287
internal_count=9281 5489 3792 2664 2981 2475 2825 1849 2174 490 506 811 94 976
is_linear=0
shrinkage=0.05


Tree=48
num_leaves=15
num_cat=0
split_feature=2 2 2 15 5 15 11 6 18 16 13 5 14 2
split_gain=253.311 38.3039 32.2486 25.4792 17.5492 12.7502 12.4828 10.6585 9.7125 16.0462 9.97125 8.71553 8.03709 6.39269
threshold=2.5000000000000004 46.500000000000007 -26.499999999999996 1.5000000000000002 -1.3666666666666665 2.5000000000000004 0.36666666666666675 0.5634920634920636 4.5000000000000009 2.5000000000000004 1.1833333333333336 1.0000000180025095e-35 1.1833333333333336 62.500000000000007
decision_type=2 2 2 2 2 2 2 2 2 2 2 2 2 2
left_child=2 8 6 4 -3 11 -1 -8 10 -10 -2 -4 -7 -5
right_child=1 3 5 13 -6 12 7 -9 9 -11 -12 -13 -14 -15
leaf_value=-0.028261685372499113 0 0.035031929617983203 0.0022200839212922763 -0.03503133781677744 0.017967049295075248 -0.032459535261419807 -0.00070644498102116185 -0.025572774447779556 -0.013148159989932767 0.017431643647416097 0.013727011556057959 -0.011354531925482261 0.01103331735350388 0.0043656346921442119
leaf_weight=509.72157054120908 194.401620056713 251.79257798823528 226.49200810771435 20.447039181133732 390.43471307319123 70.395059189060703 91.285230737063102 81.459409613860771 134.57550552114844 61.703740693628788 408.67412483331282 244.63728579110466 11.782423166092483 19.042408362030983
leaf_count=2347 655 700 759 33 1166 140 377 323 211 67 1440 996 27 40
internal_value=-0.000334395 0.0136055 -0.0170429 0.0223078 0.0247094 -0.0080379 -0.0243139 -0.0125409 0.00615911 -0.0034699 0.00930183 -0.00482716 -0.0261058 -0.0162714
internal_weight=2716.84 1481.07 1235.77 681.717 642.227 553.307 682.466 172.745 799.355 196.279 603.076 471.129 82.1775 39.4894
internal_count=9281 4312 4969 1939 1866 1922 3047 700 2373 278 2095 1755 167 73
is_linear=0
shrinkage=0.05


Tree=49
num_leaves=14
num_cat=0
split_feature=1 0 7 21 1 0 13 0 13 14 7 4 11
split_gain=22.9726 13.8204 10.3319 11.9758 12.9123 12.4902 9.45293 9.20636 7.82637 4.28302 4.22863 4.0382 2.75303
threshold=151.50000000000003 184.50000000000003 0.95000000000000007 35.500000000000007 164.50000000000003 204.50000000000003 1.0500000000000003 1.5000000000000002 0.78888888888888908 -1.1055555555555554 1.8660714285714286 0.90000000000000013 1.0000000180025095e-35
decision_type=2 2 2 2 2 2 2 2 2 2 2 2 2
left_child=1 7 3 4 -2 -5 9 -1 -9 -3 11 -4 -12
right_child=2 6 10 5 -6 -7 -8 8 -10 -11 12 -13 -14
leaf_value=-0.035379847977082192 -0.036363980416957445 -0.020448171982915091 -0.03227615752550695 -0.034170807942638541 0.023853088375200546 0.035910100259938509 -0.034480612622443417 -0.0044215499614569959 0.0048846116522814325 0.03040529158250805 -0.037394234284638526 -0.010114715207328619 -0.0033774740187528674
leaf_weight=14.203814254491588 9.7240419073495996 5.8248078790493301 25.800808571861126 32.351713567331899 51.906296552857384 6.9263324514031401 39.708065738610458 258.86644914175849 1713.0131238639005 9.5423742141574603 41.358667832275387 102.73453255055938 7.5477292636060147
leaf_count=70 44 20 102 137 163 9 150 1017 6908 35 156 434 36
internal_value=0.000826369 0.00266763 -0.012619 0.000117656 0.0138433 -0.0211038 -0.0218037 0.00335938 0.00365875 0.0107526 -0.0198502 -0.0148166 -0.0324175
internal_weight=2319.51 2041.16 278.35 100.908 61.6303 39.278 55.0752 1986.08 1971.88 15.3672 177.442 128.535 48.9064
internal_count=9281 8200 1081 353 207 146 205 7995 7925 55 728 536 192
is_linear=0
shrinkage=0.05


Tree=50
num_leaves=15
num_cat=0
split_feature=2 2 2 6 14 15 20 13 18 25 13 12 2 8
split_gain=228.228 64.4909 24.0344 16.8945 17.0305 16.5648 14.1575 12.4962 11.8095 10.8744 8.4081 16.1892 7.83342 4.4678
threshold=10.500000000000002 -37.499999999999993 83.500000000000014 0.78888888888888908 -0.47222222222222215 1.5000000000000002 4.5000000000000009 0.73214285714285732 3.5000000000000004 1.0000000180025095e-35 1.0500000000000003 0.38750000000000007 -101.49999999999999 -1.0000000180025095e-35
decision_type=2 2 2 2 2 2 2 2 2 2 2 2 2 2
left_child=1 7 3 4 -2 6 -3 12 -7 -9 11 -4 -1 -12
right_child=2 5 10 -5 -6 8 -8 9 -10 -11 13 -13 -14 -15
leaf_value=0.041128432758884448 -0.0015856270993336867 -0.0093773514276499961 -0.034571135259671669 0.037600892809215851 -0.018006590337350151 0.026725769824054182 0.0042045953213311303 0.020196385788978102 0.0058547303986011519 0.0038667355776975266 -0.039706048827710422 0.040868663695101434 0.023107838572791944 -0.02093793994440497
leaf_weight=94.405053344671614 198.82952272414695 337.08217388403136 17.659007254987959 14.712865162524393 782.95316737948451 91.851542806252837 442.24069722939748 421.04109045420773 257.82114791404456 136.20720388297923 153.51176152203698 10.480154388118534 191.73508479620796 46.399791883537546
leaf_count=302 489 860 68 46 2446 200 1625 1292 363 289 564 26 558 153
internal_value=-0.000313878 0.0102094 -0.0172623 -0.0138771 -0.0146911 0.00238513 -0.00166811 0.0206621 0.0114119 0.016228 -0.0319073 -0.00586443 0.0291932 -0.0355007
internal_weight=3196.93 1972.38 1224.55 996.496 981.783 1129 779.323 843.388 349.673 557.248 228.051 28.1392 286.14 199.912
internal_count=9281 5489 3792 2981 2935 3048 2485 2441 563 1581 811 94 860 717
is_linear=0
shrinkage=0.05


Tree=51
num_leaves=15
num_cat=0
split_feature=2 8 2 15 13 1 25 19 13 15 6 8 24 6
split_gain=230.319 38.2958 30.358 18.8868 20.4345 18.1987 12.6977 12.3973 20.2316 12.105 10.636 9.0314 6.51573 5.61716
threshold=2.5000000000000004 -0.94999999999999984 -26.499999999999996 1.0000000180025095e-35 1.5634920634920637 60.500000000000007 1.0000000180025095e-35 0.20714285714285713 1.9500000000000002 2.5000000000000004 0.64583333333333337 1.6458333333333337 2.5000000000000004 0.58571428571428574
decision_type=2 2 2 2 2 2 2 2 2 2 2 2 2 2
left_child=2 5 7 4 -3 -2 -7 8 -1 11 -5 -4 -9 -11
right_child=1 3 9 10 -6 6 -8 12 -10 13 -12 -13 -14 -15
leaf_value=-0.016443441692843785 0.039094370912340845 0.0038684870156993792 -0.0019961752532834617 0.0017307730576607884 0.021689189328762831 0.011044413812925653 0.034038733956845736 -0.028474527259221123 0.046940060176182158 -0.012897586274195348 -0.024670603102283532 -0.022927710673565704 -0.011854677447714301 -0.039909060020209219
leaf_weight=82.281738131423481 152.62328719743527 323.34067196701653 411.53603963996284 345.41728213406168 321.7750561486464 212.07536165649071 84.392481381888501 499.63086948759155 13.82449415954761 44.034864719957113 41.849391142721288 58.092392264283262 70.360737658163998 36.548570863436908
leaf_count=410 526 1115 1552 719 1121 618 130 2223 53 85 83 203 361 82
internal_value=-0.000358992 0.0128728 -0.0164769 0.00755082 0.0127848 0.0250521 0.0176992 -0.0236543 -0.00688499 -0.0077515 -0.00116557 -0.00463922 -0.0264561 -0.0255489
internal_weight=2697.78 1481.47 1216.31 1032.38 645.116 449.091 296.468 666.098 96.1062 550.212 387.267 469.628 569.992 80.5834
internal_count=9281 4312 4969 3038 2236 1274 748 3047 463 1922 802 1755 2584 167
is_linear=0
shrinkage=0.05


Tree=52
num_leaves=14
num_cat=0
split_feature=1 5 7 21 1 0 0 2 7 4 2 9 10
split_gain=21.2775 12.9143 9.81134 11.2862 12.1704 11.8846 8.72546 8.39802 4.18939 3.95631 1.97473 3.04991 1.18319
threshold=151.50000000000003 -3.3666666666666658 0.95000000000000007 35.500000000000007 164.50000000000003 204.50000000000003 1.5000000000000002 146.50000000000003 1.8660714285714286 0.90000000000000013 129.50000000000003 0.55000000000000016 1.3666666666666669
decision_type=2 2 2 2 2 2 2 2 2 2 2 2 2
left_child=1 10 3 4 -2 -5 -3 -8 9 -4 -1 -12 -10
right_child=2 6 8 5 -6 -7 7 -9 12 -11 11 -13 -14
leaf_value=-0.03418551689605235 -0.036002561488131843 -0.034965238239739148 -0.031833471305605758 -0.033772254740074607 0.022972373812132775 0.03437259329147304 0.0037271820677178672 -0.034254902945039425 -0.036782197576225993 -0.0096414876050093957 0.028511283437800239 -0.029311225896136356 -0.015560010473643571
leaf_weight=25.796244491299149 9.4781906320131366 13.878857290372251 25.071499824291095 31.500594002485741 52.457799365743995 7.0380298718810073 1980.2049747259589 13.645024514524264 35.602765027608257 101.4485896450351 3.1007653938140711 4.1034271802054718 11.820111955865285
leaf_count=145 44 70 102 137 163 9 7876 64 154 434 21 24 38
internal_value=0.000882784 0.00264418 -0.0121598 0.000241247 0.0134392 -0.0206464 0.0031624 0.0034477 -0.0193121 -0.0142935 -0.027903 -0.00337262 -0.0320264
internal_weight=2315.15 2040.73 274.418 100.475 61.936 38.5386 2007.73 1993.85 173.943 126.52 33.0004 7.20419 47.4229
internal_count=9281 8200 1081 353 207 146 8010 7940 728 536 190 45 192
is_linear=0
shrinkage=0.05


Tree=53
num_leaves=15
num_cat=0
split_feature=19 8 1 0 1 7 1 6 14 14 5 20 16 5
split_gain=92.5872 50.2679 62.8367 33.4976 24.9255 19.3138 15.4743 14.2981 13.2736 11.2305 11.2134 10.5483 3.87177 2.71651
threshold=0.5277777777777779 -1.5277777777777775 78.500000000000014 57.500000000000007 151.50000000000003 1.9500000000000002 137.50000000000003 0.73214285714285732 -0.61249999999999993 1.0000000180025095e-35 -3.7749999999999995 72.500000000000014 1.5000000000000002 2.3666666666666667
decision_type=2 2 2 2 2 2 2 2 2 2 2 2 2 2
left_child=1 6 3 -3 -4 7 12 8 -2 13 -8 -11 -1 -7
right_child=5 2 4 -5 -6 9 10 -9 -10 11 -12 -13 -14 -15
leaf_value=-0.03718696269816197 0.020033672607272953 -0.0021225662844738102 0.0028887069750435312 -0.018716242710577903 0.022591798874676446 0.044254276133844188 -0.037821350860020593 -0.036193047617046996 0.0040424353866463925 0.023207482510890248 -0.0027035505001034069 -0.016598984929034867 0.0027501415924423519 0.024313705348779548
leaf_weight=149.00963241548743 235.86703449918423 646.0711180800572 711.99255770945456 575.43513081176206 206.69624200335238 77.279043755261227 29.511177809326909 15.379541336325927 290.59667462622747 89.462869642418809 91.308083470677957 19.483329008100554 5.9441762603819361 29.331376318004914
leaf_count=614 630 1921 2217 1833 516 208 83 32 677 180 213 55 11 91
internal_value=-0.000337332 -0.00512135 -0.00252443 -0.00995263 0.0073469 0.0149028 -0.0251753 0.00982098 0.0112407 0.0275497 -0.0115625 0.015957 -0.0356151 0.0390915
internal_weight=3173.37 2415.97 2140.2 1221.51 918.689 757.4 275.773 541.843 526.464 215.557 120.819 108.946 154.954 106.61
internal_count=9281 7408 6487 3754 2733 1873 921 1339 1307 534 296 235 625 299
is_linear=0
shrinkage=0.05


Tree=54
num_leaves=15
num_cat=0
split_feature=15 1 0 14 14 8 5 5 6 12 0 6 1 1
split_gain=93.0924 51.4877 55.0609 33.5686 30.3592 29.669 27.4475 23.0323 19.3375 18.4077 12.3454 11.5463 8.89399 8.56786
threshold=1.0000000180025095e-35 59.500000000000007 156.50000000000003 -0.21111111111111108 -0.94999999999999984 -0.52777777777777768 -3.3666666666666658 -1.3666666666666665 0.70714285714285718 0.38750000000000007 17.500000000000004 0.58571428571428574 97.500000000000014 53.500000000000007
decision_type=2 2 2 2 2 2 2 2 2 2 2 2 2 2
left_child=1 7 6 11 -4 9 -3 13 -7 -5 -9 12 -2 -1
right_child=3 2 4 5 -6 8 -8 10 -10 -11 -12 -13 -14 -15
leaf_value=0.044174572615521782 -0.0051492964370122695 0.063828328102886675 -0.0038103024822543929 0.05390085442466494 0.031753861480089643 -0.005559212159104425 -0.0099784061971201331 -0.0031118722698924017 -0.032417760551612058 0.0074507221855770649 0.017730685867848518 -0.037860812301779651 -0.022866345358036874 -0.0066069562029274749
leaf_weight=97.327179151703604 102.57032897660974 11.870384104899129 92.508419698337093 26.701234097592533 167.56783406063914 559.23937514866702 585.62783755263081 83.784121591539588 75.417002086760476 96.23003411013633 443.08803291339427 90.122260061383713 239.32533430564217 8.6243952019140107
leaf_count=372 319 58 207 43 459 1435 2664 402 192 173 1726 412 783 36
internal_value=-0.000376148 0.00794515 -3.57936e-05 -0.0108036 0.0191185 -0.00444142 -0.00839955 0.0187515 -0.00880469 0.0179338 0.0144072 -0.0219128 -0.0175962 0.0399711
internal_weight=2680 1490.4 857.574 1189.61 260.076 757.588 597.498 632.824 634.656 122.931 526.872 432.018 341.896 105.952
internal_count=9281 5924 3388 3357 666 1843 2722 2536 1627 216 2128 1514 1102 408
is_linear=0
shrinkage=0.05


Tree=55
num_leaves=12
num_cat=0
split_feature=1 5 7 15 1 0 2 7 0 11 11
split_gain=19.4021 12.2566 9.23179 8.53973 9.18125 8.34665 7.89393 4.10878 3.74825 2.76634 2.4279
threshold=151.50000000000003 -3.3666666666666658 0.95000000000000007 1.5000000000000002 179.50000000000003 1.5000000000000002 146.50000000000003 1.8660714285714286 87.500000000000014 1.0000000180025095e-35 -1.4499999999999997
decision_type=2 2 2 2 2 2 2 2 2 2 2
left_child=1 10 3 4 -2 -3 -7 8 -4 -9 -1
right_child=2 5 7 -5 -6 6 -8 9 -10 -11 -12
leaf_value=0.00044342065991483391 -0.024241594949685627 -0.034587317574322186 -0.026876720960235856 0.036512743070595342 0.0082967041003489308 0.0036370053267479881 -0.033828117839931081 -0.036817213119871788 -0.0078104713703744085 -0.0023291773562567307 -0.033811075589733543
leaf_weight=5.9969516522251061 36.340775842953008 13.573159293271599 37.213441771222278 13.119894118979571 50.557419743039645 1982.4651684326818 13.144018051913006 38.334980545565486 87.233501774433535 7.3567460062331511 26.304857808456291
leaf_count=22 173 70 201 37 143 7876 64 156 335 36 168
internal_value=0.000925567 0.00259549 -0.0116381 0.000377286 -0.00537489 0.00309492 0.00337092 -0.0186917 -0.0137205 -0.0315402 -0.0274791
internal_weight=2311.64 2041.48 270.157 100.018 86.8982 2009.18 1995.61 170.139 124.447 45.6917 32.3018
internal_count=9281 8200 1081 353 316 8010 7940 728 536 192 190
is_linear=0
shrinkage=0.05


Tree=56
num_leaves=15
num_cat=0
split_feature=2 2 2 15 4 19 8 1 11 1 7 1 7 15
split_gain=189.212 43.7756 23.1786 19.361 17.4235 16.8973 16.8356 15.2908 12.8671 12.9354 10.9058 13.5066 9.58972 9.45723
threshold=-15.499999999999998 41.500000000000007 -52.499999999999993 1.0000000180025095e-35 0.55000000000000016 0.5277777777777779 0.68333333333333346 8.5000000000000018 0.90000000000000013 34.500000000000007 1.5857142857142861 156.50000000000003 3.3666666666666667 3.5000000000000004
decision_type=2 2 2 2 2 2 2 2 2 2 2 2 2 2
left_child=2 5 10 -3 -5 7 -7 -2 9 -4 11 -1 -12 -10
right_child=1 3 8 4 -6 6 -8 -9 13 -11 12 -13 -14 -15
leaf_value=0.006703735495411008 -0.024023610480082492 -0.026412095797619724 0.038245893774126544 -0.040006251537384234 0.0027905460622802132 -0.0029437664068491746 0.028004163614075109 -0.0054063883524068917 -0.013676520975613041 0.0089306152735972779 0.031108728540131431 0.028111078521596628 -0.012153121713020732 0.033143727221248268
leaf_weight=191.13954836421181 125.3272576975869 476.60966108017601 39.425859851646237 28.596315141301602 119.71489911386743 116.66814424376935 69.106813352787867 892.94303881644737 90.980156663572416 603.19338455155957 254.42909780621994 120.68935765698552 12.810747828101738 11.209454547613857
leaf_count=613 322 1859 103 51 250 259 159 2658 289 1538 815 319 31 15
internal_value=-0.000357358 -0.0107777 0.014032 -0.0215073 -0.00564041 -0.00519146 0.00863015 -0.007724 0.00817051 0.0107936 0.0215356 0.0150685 0.0289787 -0.00822081
internal_weight=3152.84 1828.97 1323.88 624.921 148.311 1204.05 185.775 1018.27 744.809 642.619 579.069 311.829 267.24 102.19
internal_count=9281 5558 3723 2160 301 3398 418 2980 1945 1641 1778 932 846 304
is_linear=0
shrinkage=0.05


Tree=57
num_leaves=15
num_cat=0
split_feature=2 2 15 19 11 5 8 8 1 20 9 5 11 2
split_gain=196.52 46.1058 21.5687 20.2757 18.6853 14.9305 13.858 12.5354 10.9592 9.93354 9.92308 6.55757 10.3591 6.00228
threshold=-13.499999999999998 46.500000000000007 1.5000000000000002 0.37980769230769235 0.90000000000000013 -1.3666666666666665 1.4722222222222225 1.2361111111111114 49.500000000000007 30.500000000000004 0.90000000000000013 -2.0999999999999996 -2.2249999999999996 62.500000000000007
decision_type=2 2 2 2 2 2 2 2 2 2 2 2 2 2
left_child=3 6 5 4 8 -3 7 -2 -1 -6 -8 12 -5 -4
right_child=1 2 13 11 9 -7 10 -9 -10 -11 -12 -13 -14 -15
leaf_value=0.017869054371406855 0.0033080324143734494 0.031383450434785166 -0.034574315968752795 -0.027971514623494755 0.037563782695413099 0.015523256101923524 -0.022397146156073383 0.02990222661006281 -0.018805074334462261 -0.0096880056558452804 0.025364150192462243 -0.02487877104611989 0.046137735745382186 0.0037641598748383389
leaf_weight=22.493052835110575 968.88085795403458 244.81497534050141 20.106804685899988 9.2778964028693753 30.577511598821729 391.23819334921427 77.696216035285033 45.533705901820213 154.65976284176577 16.416133152786642 11.673489101580342 643.12014973023906 7.6978306346572927 19.022142177447677
leaf_count=71 3062 700 33 23 82 1166 280 112 613 77 39 2955 28 40
internal_value=-0.000402885 0.00917022 0.0194533 -0.0196568 -0.00659549 0.0216753 0.00286367 0.00453495 -0.0140463 0.0210954 -0.0158916 -0.0240678 0.00605316 -0.0161825
internal_weight=2663.21 1778.97 675.182 884.242 224.146 636.053 1103.78 1014.41 177.153 46.9936 89.3697 660.096 16.9757 39.1289
internal_count=9281 5432 1939 3849 843 1866 3493 3174 684 159 319 3006 51 73
is_linear=0
shrinkage=0.05


Tree=58
num_leaves=14
num_cat=0
split_feature=1 0 13 7 21 1 0 0 11 19 15 14 6
split_gain=17.6955 11.6077 9.16649 8.74138 10.7079 11.2253 11.0995 8.04757 7.19685 4.07804 6.46562 4.04662 2.68212
threshold=151.50000000000003 184.50000000000003 1.0500000000000003 0.95000000000000007 35.500000000000007 164.50000000000003 204.50000000000003 1.5000000000000002 -3.3666666666666658 0.63068181818181823 1.0000000180025095e-35 -1.1055555555555554 0.68333333333333346
decision_type=2 2 2 2 2 2 2 2 2 2 2 2 2
left_child=1 7 11 4 5 -2 -6 -1 -9 10 -5 -3 -11
right_child=3 2 -4 9 6 -7 -8 8 -10 12 -12 -13 -14
leaf_value=-0.034215548317291067 -0.03538264412226489 -0.019528244547968057 -0.033752454110037126 -0.01812207031316616 -0.033295446328872734 0.022221083251706915 0.032305322104265198 -0.036974489547402511 0.0036613400319360431 -0.031089229879846383 0.01218442053351354 0.030326684616310023 0.0010140403446056013
leaf_weight=13.279103539185597 9.0491927031544019 5.6477357135154298 36.883281030924991 78.399146448762622 30.454269477282651 52.910581858363003 7.183705933392047 9.9427961756009591 1966.5547221488669 59.588255664741155 21.63949772529304 9.5342472707852703 6.8831887772539622
leaf_count=70 44 20 150 369 137 163 9 54 7871 270 46 35 43
internal_value=0.00096473 0.00254876 -0.020522 -0.0111348 0.000541541 0.0133003 -0.0201332 0.00316495 0.0034358 -0.0181104 -0.0114612 0.0114109 -0.027725
internal_weight=2307.95 2041.84 52.0653 266.108 99.5977 61.9598 37.638 1989.78 1976.5 166.51 100.039 15.182 66.4714
internal_count=9281 8200 205 1081 353 207 146 7995 7925 728 415 55 313
is_linear=0
shrinkage=0.05


Tree=59
num_leaves=15
num_cat=0
split_feature=2 2 2 25 1 15 14 21 1 1 0 2 13 12
split_gain=173.554 52.3559 21.0095 16.7428 22.1146 16.4052 13.8144 13.5454 12.8818 17.8246 8.9344 8.80365 8.4741 15.3463
threshold=10.500000000000002 -30.499999999999996 83.500000000000014 1.0000000180025095e-35 9.5000000000000018 1.5000000000000002 1.9500000000000002 154.50000000000003 150.50000000000003 149.50000000000003 97.500000000000014 45.500000000000007 1.0500000000000003 0.38750000000000007
decision_type=2 2 2 2 2 2 2 2 2 2 2 2 2 2
left_child=1 8 3 4 -2 6 -3 -7 9 -1 -10 -5 13 -4
right_child=2 5 12 11 -6 7 -8 -9 10 -11 -12 -13 -14 -15
leaf_value=0.01658498935114508 -0.031700720541248402 -0.0018462123574954821 -0.03237913992117572 -0.016433435006974008 -0.005766815802184579 0.013595061458313868 -0.034498173930571793 -0.022209263832722356 0.035622533204929877 -0.0079615235725681282 0.017199777815122833 -0.038227754021839748 -0.033375054738161949 0.042210802844848808
leaf_weight=587.49084044666961 92.727461854810826 650.90900936466642 16.561931243981238 121.67075343814213 684.38176964898594 285.40879113529809 33.135512657696381 28.10253106802702 135.50378143333364 83.690301405964419 137.08467313752044 78.360283446731046 186.43551237822976 10.343589494121259
leaf_count=1872 277 2070 68 334 2198 437 104 53 395 256 302 172 717 26
internal_value=-0.00036681 0.00884749 -0.0153916 -0.0122563 -0.00890453 0.000852455 -0.00348324 0.0103093 0.017283 0.0135095 0.0264727 -0.0251437 -0.0296046 -0.00303948
internal_weight=3131.81 1941.33 1190.48 977.14 777.109 997.556 684.045 313.511 943.77 671.181 272.588 200.031 213.341 26.9055
internal_count=9281 5489 3792 2981 2475 2664 2174 490 2825 2128 697 506 811 94
is_linear=0
shrinkage=0.05


Tree=60
num_leaves=15
num_cat=0
split_feature=2 2 11 19 15 25 5 20 20 7 20 14 5 0
split_gain=179.682 43.7222 20.608 22.7992 20.1699 14.622 13.7885 14.4115 11.922 10.6287 9.69319 7.65912 17.0843 6.91393
threshold=-15.499999999999998 46.500000000000007 0.90000000000000013 0.48333333333333339 1.5000000000000002 1.0000000180025095e-35 -3.7749999999999995 207.50000000000003 30.500000000000004 3.1125000000000003 78.500000000000014 0.35416666666666669 -1.0000000180025095e-35 80.500000000000014
decision_type=2 2 2 2 2 2 2 2 2 2 2 2 2 2
left_child=2 6 11 8 5 -3 7 -2 -4 -8 -5 13 -13 -1
right_child=1 4 3 10 -6 -7 9 -9 -10 -11 -12 12 -14 -15
leaf_value=-0.029283857139118488 0.06061076231072024 0.016339482989404172 0.044884479139814977 -0.027923009963141357 -0.016036647965764247 0.034315500396552658 0.0022762401277345336 -0.023183680819484499 -0.0079277403679466826 -0.033026450578619679 0.013889455070747106 0.035004475575951245 -0.019070254614279664 -0.01810102559273348
leaf_weight=374.44720302917995 18.182763010147031 483.63685029873159 30.135656097554602 55.04207650735043 38.951377035118639 149.91622173122596 1096.4403743351577 6.2933324817568055 15.644334619166328 20.732170097297058 17.551390336360782 16.573625830933452 85.509424610179849 235.78252195630921
leaf_count=1977 55 1617 78 219 73 249 3463 18 71 83 94 74 379 831
internal_value=-0.00042561 0.00839086 -0.019673 -0.000306928 0.0184955 0.0206484 0.00242323 0.0388048 0.0269465 0.00158768 -0.0176944 -0.0228794 -0.00998807 -0.0250079
internal_weight=2644.84 1814.15 830.686 118.373 672.504 633.553 1141.65 24.4761 45.78 1117.17 72.5935 712.313 102.083 610.23
internal_count=9281 5558 3723 462 1939 1866 3619 73 149 3546 313 3261 453 2808
is_linear=0
shrinkage=0.05


Tree=61
num_leaves=13
num_cat=0
split_feature=1 5 7 17 20 14 20 14 2 2 12 10
split_gain=16.1453 10.9695 8.58172 7.67518 7.54046 6.29102 10.8809 7.16809 2.0667 3.20952 1.33449 2.11836
threshold=151.50000000000003 -3.3666666666666658 1.8660714285714286 7.5000000000000009 129.50000000000003 -4.3166666666666655 3.5000000000000004 -1.8285714285714281 129.50000000000003 142.50000000000003 0.38750000000000007 1.3666666666666669
decision_type=2 2 2 2 2 2 2 2 2 2 2 2
left_child=1 8 5 4 -3 6 -2 -7 -1 -10 -4 -12
right_child=2 3 10 -5 -6 7 -8 -9 9 -11 11 -13
leaf_value=-0.033196273749899773 0.080358917036443697 0.0015437257289012654 -0.036537057399594244 0.040189316020696163 0.010785086541379744 -0.020356558622145728 -0.015995237031793785 -0.0012286710603758352 0.032534234140129847 -0.028545798881554098 -0.031144044778606075 0.0078177519418962862
leaf_weight=24.112828078621536 4.5169880040921253 1745.9825776327634 30.788120880140923 12.787137396633623 252.18552058993373 77.982746330089867 5.5285702458349988 130.91497645381605 2.8590765104163429 3.8434737981297076 6.9207589897559938 5.3582320234854706
leaf_count=145 11 6846 144 16 1148 341 48 489 11 34 23 25
internal_value=0.00101347 0.0025163 -0.0106437 0.00297799 0.00271738 -0.00652888 0.0302305 -0.00845601 -0.0266023 -0.0010008 -0.0308262 -0.0144572
internal_weight=2303.78 2041.77 262.01 2010.96 1998.17 218.943 10.0456 208.898 30.8154 6.70255 43.0671 12.279
internal_count=9281 8200 1081 8010 7994 889 59 830 190 45 192 48
is_linear=0
shrinkage=0.05


Tree=62
num_leaves=15
num_cat=0
split_feature=2 2 2 25 1 19 10 6 7 25 1 13 4 12
split_gain=156.997 48.2851 19.8896 15.8799 21.1302 12.6096 12.1061 11.5374 11.1313 13.7837 8.48241 8.32295 14.9627 7.44585
threshold=10.500000000000002 -37.499999999999993 83.500000000000014 1.0000000180025095e-35 9.5000000000000018 0.57518796992481214 2.9000000000000004 0.5634920634920636 1.8819444444444446 1.0000000180025095e-35 127.50000000000001 1.0500000000000003 0.77500000000000013 0.5277777777777779
decision_type=2 2 2 2 2 2 2 2 2 2 2 2 2 2
left_child=1 8 3 4 -2 -5 7 -3 9 -1 -10 12 -4 -8
right_child=2 6 11 5 -6 -7 13 -9 10 -11 -12 -13 -14 -15
leaf_value=0.018041073401037541 -0.030888306802858145 -0.00066155251264893343 -0.036998928870867379 -0.027523451032942153 -0.0053958061325702737 0.024644867479828771 0.015558936461250712 0.010640719534644986 0.018258822575643745 -0.0005363426711994635 0.03819361742987324 -0.032588028601075805 0.03547983203773504 -0.036120152699514435
leaf_weight=456.68113646598067 91.583203074522316 763.37965435767546 13.914995886269027 186.13950661232229 681.64895021531265 11.492773195728658 8.1215222489554417 319.14975769969169 125.88223082316108 126.97248989972286 98.904157086042687 181.55806826823391 12.61384007334709 31.236317206406966
leaf_count=1491 277 2013 64 483 2198 23 32 906 418 251 281 717 30 97
internal_value=-0.000387336 0.00839026 -0.0147583 -0.0117208 -0.00845764 -0.0243558 0.00166846 0.0026727 0.0176985 0.013997 0.0271824 -0.0287824 -0.00231837 -0.025211
internal_weight=3109.28 1930.33 1178.95 970.864 773.232 197.632 1121.89 1082.53 808.44 583.654 224.786 208.087 26.5288 39.3578
internal_count=9281 5489 3792 2981 2475 506 3048 2919 2441 1742 699 811 94 129
is_linear=0
shrinkage=0.05


Tree=63
num_leaves=15
num_cat=0
split_feature=2 2 11 19 15 5 8 5 5 9 14 5 8 2
split_gain=164.396 39.9048 19.8691 21.3183 18.8548 14.0952 13.1804 11.5274 10.6781 7.94399 7.50262 15.938 6.89474 5.67615
threshold=-15.499999999999998 46.500000000000007 0.90000000000000013 0.48333333333333339 1.5000000000000002 -1.3666666666666665 1.4222222222222223 -3.7749999999999995 0.55000000000000016 0.90000000000000013 0.35416666666666669 -1.0000000180025095e-35 -2.8944444444444439 62.500000000000007
decision_type=2 2 2 2 2 2 2 2 2 2 2 2 2 2
left_child=2 6 10 8 5 -3 7 -2 -4 -8 12 -12 -1 -6
right_child=1 4 3 -5 13 -7 9 -9 -10 -11 11 -13 -14 -15
leaf_value=0.023481086296736481 0.036998909342958873 0.029255184560317726 -0.0063607728613189517 -0.017108798119633794 -0.033953499394992571 0.013765785272913701 -0.021584271568542365 0.0030116225606621797 0.043235162313292247 0.019667098116270439 0.033524974884970998 -0.018450920114630381 -0.02501794820282436 0.0034573363973447444
leaf_weight=6.573712517740204 24.617878335528076 239.99017877748702 16.073375528445467 71.444912527222186 19.750395154347643 391.45861704600975 79.940270984778181 1025.4965088458266 30.078820397378877 12.708458854816852 16.844742326880805 83.960964127792977 589.58994338102639 19.072420387528837
leaf_count=16 73 700 57 313 33 1166 298 3207 92 41 74 379 2792 40
internal_value=-0.000445802 0.00793501 -0.0190925 -3.66569e-05 0.0176122 0.0196976 0.00224419 0.00384759 0.0260878 -0.0157229 -0.0222959 -0.00947259 -0.0244364 -0.0158239
internal_weight=2627.6 1813.03 814.566 117.597 670.272 631.449 1142.76 1050.11 46.1522 92.6487 696.969 100.806 596.164 38.8228
internal_count=9281 5558 3723 462 1939 1866 3619 3280 149 339 3261 453 2808 73
is_linear=0
shrinkage=0.05


Tree=64
num_leaves=12
num_cat=0
split_feature=1 0 13 7 0 11 14 11 14 11 14
split_gain=14.9304 10.323 8.98353 8.17928 7.65205 6.90081 5.87695 11.0725 6.81784 5.20771 3.78411
threshold=151.50000000000003 184.50000000000003 1.0500000000000003 1.8660714285714286 1.5000000000000002 -3.3666666666666658 -4.3166666666666655 -4.7749999999999995 -1.8285714285714281 0.36666666666666675 -1.1055555555555554
decision_type=2 2 2 2 2 2 2 2 2 2 2
left_child=1 4 10 6 -1 -6 7 -2 -8 -5 -3
right_child=3 2 -4 9 5 -7 8 -9 -10 -11 -12
leaf_value=-0.033812024850019134 -0.030599981749189261 -0.018654670219961322 -0.033274383556882142 -0.036381408549562726 -0.036637948405392709 0.0035456254707958244 -0.019869993516116562 0.067296318385017637 -0.0011067792256438847 0.017676743537696951 0.029922005468101504
leaf_weight=12.95154869602993 3.9898072395008057 5.4795291905757031 35.124556536728051 37.129232735547703 9.728598320623858 1968.5672379433527 76.653949923696928 6.1646801499882695 130.55764083866961 4.3108498713700092 9.5719674462452513
leaf_count=70 35 20 150 163 54 7871 341 24 489 29 35
internal_value=0.00105793 0.00249556 -0.0196686 -0.0102285 0.00306616 0.00332708 -0.00624694 0.0290886 -0.00813398 -0.0303561 0.0118656
internal_weight=2300.23 2041.42 50.1761 258.806 1991.25 1978.3 217.366 10.1545 207.212 41.4401 15.0515
internal_count=9281 8200 205 1081 7995 7925 889 59 830 192 55
is_linear=0
shrinkage=0.05


Tree=65
num_leaves=15
num_cat=0
split_feature=2 2 5 1 25 14 15 11 13 25 6 21 2 0
split_gain=141.986 44.2288 19.1753 26.7098 20.359 15.8719 13.2109 14.6038 10.9185 10.1861 9.97891 9.22806 7.59216 7.53545
threshold=10.500000000000002 -37.499999999999993 -0.77499999999999991 44.500000000000007 1.0000000180025095e-35 -1.4142857142857139 1.5000000000000002 1.5500000000000003 0.73214285714285732 1.0000000180025095e-35 1.0000000180025095e-35 75.500000000000014 -101.49999999999999 155.50000000000003
decision_type=2 2 2 2 2 2 2 2 2 2 2 2 2 2
left_child=1 8 5 -4 -5 10 7 -3 12 -10 -2 -8 -1 -7
right_child=2 6 3 4 -6 13 11 -9 9 -11 -12 -13 -14 -15
leaf_value=0.03773931828014121 -0.020635107178108313 8.554388136047808e-05 -0.018467572651884374 0.0078679135718556989 -0.021118755967164757 -0.019489694231149879 0.01337910742138141 -0.02367290539750757 0.016695351617047962 0.0006340664547091014 0.028276414682472939 -0.0080895619456981295 0.0192272787525 -0.033396291720154098
leaf_weight=84.269019711064175 16.996044832863845 704.83339112263639 349.29011422186159 262.30911749077495 77.65438159625046 278.94098833610769 286.11517429654486 70.169414128293283 403.29486465768423 131.58053853455931 23.755128415068612 59.611881121294573 180.12608031218406 158.98973716190085
leaf_count=302 25 2216 1209 813 171 1019 445 269 1292 289 45 118 558 510
internal_value=-0.000407166 0.00795215 -0.0141486 -0.00877706 0.0011896 -0.0218382 0.00153478 -0.00208686 0.0169311 0.0127621 0.00775154 0.0096503 0.0252663 -0.0246144
internal_weight=3087.94 1920 1167.94 689.254 339.963 478.682 1120.73 775.003 799.271 534.875 40.7512 345.727 264.395 437.931
internal_count=9281 5489 3792 2193 984 1599 3048 2485 2441 1581 70 563 860 1529
is_linear=0
shrinkage=0.05


Tree=66
num_leaves=15
num_cat=0
split_feature=2 8 2 14 16 20 18 17 1 14 2 8 8 5
split_gain=150.453 28.3196 23.0201 20.2365 15.7165 15.1296 10.7633 10.4927 9.43892 9.13442 8.92743 8.73478 7.79814 7.76913
threshold=2.5000000000000004 -0.94999999999999984 -26.499999999999996 -0.89444444444444426 1.0000000180025095e-35 3.5000000000000004 2.5000000000000004 3.5000000000000004 8.5000000000000018 -0.4142857142857142 118.50000000000001 0.64583333333333337 -4.1624999999999988 1.0000000180025095e-35
decision_type=2 2 2 2 2 2 2 2 2 2 2 2 2 2
left_child=2 3 7 12 5 -3 13 11 -6 -8 -5 -1 -2 -4
right_child=1 4 6 10 8 -7 9 -9 -10 -11 -12 -13 -14 -15
leaf_value=-0.016594971339138922 0.038402646957656425 0.024463991470494995 0.0069216265457049111 0.022750799936743702 0.014333868050763044 0.0061114912108464307 -0.034642545545995836 0.022291769403693727 -0.0045661318859353634 -0.0096520948037316177 0.044457831656679679 -0.02915264661696201 -0.0032536284554261236 -0.0086139565602247753
leaf_weight=341.88729235040955 11.72573242720682 153.40257011167705 161.99986167810857 272.89742204092909 78.720504846656695 420.26761995570268 46.457244014600292 12.885321663692592 383.42807657876983 170.54448122926988 59.341416364652105 243.97628033946967 94.331315350020304 157.83783323341049
leaf_count=1709 24 248 626 846 148 1862 100 23 780 424 205 1315 199 772
internal_value=-0.000467457 0.0100648 -0.0141407 0.0207094 0.00554025 0.0110618 -0.00659082 -0.0208794 -0.00131199 -0.0151595 0.0267647 -0.0218738 0.0016209 -0.000732451
internal_weight=2609.7 1474.11 1135.59 438.296 1035.82 573.67 536.839 598.749 462.149 217.002 332.239 585.864 106.057 319.838
internal_count=9281 4312 4969 1274 3038 2110 1922 3047 928 524 1051 3024 223 1398
is_linear=0
shrinkage=0.05


Tree=67
num_leaves=12
num_cat=0
split_feature=1 5 4 0 2 1 0 5 11 2 11
split_gain=13.7571 9.88837 7.30856 7.27948 6.96029 5.82286 8.86567 8.29459 3.74166 2.70068 2.37907
threshold=151.50000000000003 -3.3666666666666658 1.9000000000000001 1.5000000000000002 146.50000000000003 170.50000000000003 206.50000000000003 0.77500000000000013 -1.0000000180025095e-35 -38.499999999999993 -1.4499999999999997
decision_type=2 2 2 2 2 2 2 2 2 2 2
left_child=1 10 5 -3 -5 7 -7 -2 -4 -10 -1
right_child=2 3 8 4 -6 6 -8 -9 9 -11 -12
leaf_value=0.001966531401713904 -0.02397197933308208 -0.033448795249979547 -0.036122318847564068 0.0033928770023678501 -0.033068991076656153 -0.0031142925719412958 0.048712016737054387 0.028018752188623028 0.018644123777482001 -0.024810563980090666 -0.03254860011786246
leaf_weight=5.7835056576877859 60.507882392616011 12.662208273424765 33.631669193622656 1986.5660831819987 12.158796227071432 133.60682721767807 7.7905578985810271 7.8285928611876434 6.0415051989257336 6.216007420443928 23.710280034923926
leaf_count=22 275 70 161 7876 64 541 11 43 21 29 168
internal_value=0.00110061 0.00247345 -0.00980748 0.00290274 0.00315214 -0.00575654 2.80958e-05 -0.0176256 -0.0276978 -0.00322463 -0.0257739
internal_weight=2296.5 2040.88 255.623 2011.39 1998.72 209.734 141.397 68.3365 45.8892 12.2575 29.4938
internal_count=9281 8200 1081 8010 7940 870 552 318 211 50 190
is_linear=0
shrinkage=0.05


Tree=68
num_leaves=15
num_cat=0
split_feature=2 2 2 1 18 11 25 7 20 14 13 14 20 11
split_gain=128.342 40.611 18.3843 15.0067 20.2277 12.7485 11.8629 17.4291 11.8213 11.3875 8.26794 14.2136 6.89068 3.79561
threshold=10.500000000000002 -30.499999999999996 83.500000000000014 9.5000000000000018 2.5000000000000004 -1.0999999999999999 1.0000000180025095e-35 0.5277777777777779 6.5000000000000009 2.1555555555555563 1.0500000000000003 -0.11805555555555554 554.00000000000011 3.2250000000000005
decision_type=2 2 2 2 2 2 2 2 2 2 2 2 2 2
left_child=1 5 3 13 -5 12 9 -8 -7 -3 11 -4 -1 -2
right_child=2 6 10 4 -6 8 7 -9 -10 -11 -12 -13 -14 -15
leaf_value=0.025615712094477286 -0.031942388045983483 0.0046007725454699534 -0.03150110152256632 -0.014591348881123352 0.0011369159198135266 0.0037925465428995707 0.039839206490004719 -0.013331117137384422 0.01755817925837513 -0.030278378564660098 -0.031293411781221629 0.040891704197339333 -0.01017313478441626 0.0041290510441425411
leaf_weight=272.78014696703758 90.489664076827466 744.59117394243367 15.025094281183557 527.89995704719331 332.0697495774366 296.02962774329353 15.618462833110241 211.08380053157452 332.90307445731014 23.139486459083855 173.23028193647042 10.749067371827548 13.43009637063369 7.4279052792116991
leaf_count=947 313 1886 65 2013 635 701 35 695 1148 48 717 29 29 20
internal_value=-0.000424869 0.00753419 -0.0135616 -0.0106595 -0.00851794 0.0151292 0.000531571 -0.00948716 0.0111031 0.00350499 -0.0273825 -0.000723411 0.0238894 -0.0291414
internal_weight=3066.47 1909.58 1156.89 957.887 859.97 915.143 994.433 226.702 628.933 767.731 199.004 25.7742 286.21 97.9176
internal_count=9281 5489 3792 2981 2648 2825 2664 730 1849 1934 811 94 976 333
is_linear=0
shrinkage=0.05


Tree=69
num_leaves=15
num_cat=0
split_feature=2 2 11 19 15 25 8 8 20 20 9 8 14 2
split_gain=138.005 34.2035 19.1159 19.8147 17.2192 13.4761 11.9945 11.6083 10.8554 9.69167 7.37838 7.3505 11.6328 8.66688
threshold=-15.499999999999998 46.500000000000007 0.90000000000000013 0.48333333333333339 1.5000000000000002 1.0000000180025095e-35 1.4222222222222223 1.2361111111111114 30.500000000000004 78.500000000000014 0.90000000000000013 0.64583333333333337 0.35416666666666669 -24.499999999999996
decision_type=2 2 2 2 2 2 2 2 2 2 2 2 2 2
left_child=2 6 11 8 5 -3 7 -2 -4 -5 -8 12 -1 -13
right_child=1 4 3 9 -6 -7 10 -9 -10 -11 -12 13 -14 -15
leaf_value=-0.019674766267282377 0.0022156294707804899 0.013990685077681973 0.042652515418671266 -0.026612303482723684 -0.015867039551780839 0.031362935291315779 -0.021083033319170639 0.027142097353277175 -0.0076411483509697467 0.01589408681067965 0.018574663839383287 -0.032230756855886666 0.0092483517340830289 -0.0070032569166405441
leaf_weight=381.04058116383385 1004.1800275484566 477.85468496615067 30.695257914019749 52.360074553522281 38.674994312226772 147.45308362005744 79.046399150625803 48.063609067350626 15.582582760718649 17.005557553027757 12.81300085945986 208.59042124741245 37.418284045066684 42.053409288986586
leaf_count=1774 3162 1617 78 219 73 249 298 118 71 94 41 1172 161 154
internal_value=-0.000486945 0.00711058 -0.0179851 0.000740032 0.0161296 0.0181387 0.00186249 0.00338364 0.0258085 -0.0160427 -0.0153571 -0.0212251 -0.0170607 -0.0280626
internal_weight=2592.83 1808.09 784.746 115.643 663.983 625.308 1144.1 1052.24 46.2778 69.3656 91.8594 669.103 418.459 250.644
internal_count=9281 5558 3723 462 1939 1866 3619 3280 149 313 339 3261 1935 1326
is_linear=0
shrinkage=0.05


Tree=70
num_leaves=14
num_cat=0
split_feature=14 14 8 5 21 2 15 2 9 10 13 14 11
split_gain=13.1347 10.8428 10.0313 12.9769 8.85865 8.22775 7.80059 12.0009 7.68505 5.57725 5.53727 2.32645 1.49741
threshold=-1.8285714285714281 -1.6833333333333331 -0.64583333333333315 1.0000000180025095e-35 491.50000000000006 146.50000000000003 1.0000000180025095e-35 -75.499999999999986 0.36666666666666675 1.1000000000000003 0.89444444444444449 -1.9499999999999997 -0.89999999999999991
decision_type=2 2 2 2 2 2 2 2 2 2 2 2 2
left_child=2 6 3 8 5 -3 10 -8 -1 -6 -2 12 -4
right_child=1 4 11 -5 9 -7 7 -9 -10 -11 -12 -13 -14
leaf_value=-0.013819889164377337 -0.017820327734004729 0.002374691036330475 -0.034142817580090336 0.060331973624663353 -0.00050293946068633542 -0.033527413308763965 -0.0051451381248655073 0.073546734144509504 0.037842722219571474 -0.0364017607282308 0.037322926037382576 -0.0035079240840017664 0.00081503637877313601
leaf_weight=63.51872293651104 11.095746043254623 2056.5921514825895 50.984847639221698 6.6656509991735211 19.903359786141664 15.069793423754161 6.8403863834682879 13.836907008313572 7.0949896338861427 23.556774680619128 6.2828541793860486 8.8790173826273513 2.9102656338363877
leaf_count=249 54 8136 417 12 90 96 31 39 18 78 18 35 8
internal_value=0.00113584 0.00210525 -0.0136416 -0.00144126 0.00161992 0.00209507 0.0282194 0.0482471 -0.00810327 -0.0204548 0.00278951 -0.0283246 -0.0321836
internal_weight=2293.23 2153.18 140.053 77.2794 2115.12 2071.66 38.0559 20.6773 70.6137 43.4601 17.3786 62.7741 53.8951
internal_count=9281 8542 739 279 8400 8232 142 70 267 168 72 460 425
is_linear=0
shrinkage=0.05


Tree=71
num_leaves=15
num_cat=0
split_feature=2 2 8 8 13 0 13 15 11 7 25 18 11 11
split_gain=115.788 37.3714 18.7122 16.2799 17.4537 14.4463 12.5758 12.2564 13.023 10.8296 12.4002 10.6222 7.00989 6.771
threshold=10.500000000000002 -37.499999999999993 -1.3166666666666664 -1.2928571428571427 0.89444444444444449 137.50000000000003 0.41428571428571431 1.5000000000000002 1.5500000000000003 1.8819444444444446 1.0000000180025095e-35 3.5000000000000004 -0.44999999999999996 -3.6999999999999997
decision_type=2 2 2 2 2 2 2 2 2 2 2 2 2 2
left_child=1 9 6 5 -5 -4 -2 8 -3 10 -1 -9 -11 -8
right_child=2 7 3 4 -6 -7 13 11 -10 12 -12 -13 -14 -15
leaf_value=0.015756433393848527 0.021888734767094686 -0.00017057571921233274 0.07245876426338152 0.0093312184593202906 -0.01318253361108458 -0.0085782126549892156 0.017511879324171978 0.023804821239747604 -0.022692275173054843 0.035738252618932285 -0.0020316012844677988 0.0038224615339916171 0.01707846766517087 -0.030066171503257362
leaf_weight=442.4512428867165 12.3235997086158 703.61640763643663 10.255263779778035 95.486644971533678 798.98826536012348 10.194483799394218 6.997766804881393 89.641426348825917 69.685553728835657 90.424202827853151 124.87183940468822 254.98219435056672 124.24762823549099 212.30760960956104
leaf_count=1491 28 2216 30 261 2585 32 9 200 269 326 251 363 373 847
internal_value=-0.000438995 0.00713067 -0.0129821 -0.00973991 -0.0107658 0.0333111 -0.0256703 0.00125744 -0.00223325 0.0155082 0.0118357 0.00908846 0.0250908 -0.0284527
internal_weight=3046.47 1899.92 1146.55 914.925 894.475 20.4497 231.629 1117.93 773.302 781.995 567.323 344.624 214.672 219.305
internal_count=9281 5489 3792 2908 2846 62 884 3048 2485 2441 1742 563 699 856
is_linear=0
shrinkage=0.05


Tree=72
num_leaves=15
num_cat=0
split_feature=5 1 11 25 8 0 0 1 6 20 13 11 6 11
split_gain=58.0465 37.1215 34.4653 22.9789 21.1855 17.4238 16.7086 20.3975 16.2121 12.7633 10.3223 9.71653 8.99343 7.45639
threshold=-0.44999999999999996 74.500000000000014 -0.36666666666666664 1.0000000180025095e-35 -2.316666666666666 78.500000000000014 25.500000000000004 16.500000000000004 0.73214285714285732 1707.0000000000002 0.41428571428571431 -0.89999999999999991 0.23611111111111113 1.5500000000000003
decision_type=2 2 2 2 2 2 2 2 2 2 2 2 2 2
left_child=2 3 4 8 11 13 -4 -8 -2 -7 -6 -1 -5 -3
right_child=1 5 6 12 10 9 7 -9 -10 -11 -12 -13 -14 -15
leaf_value=0.010655213133973379 -0.0015505901810289849 -0.02643106546757534 -0.02288723325438017 0.06033709173074895 -0.028202152175761237 -0.009227709174723096 0.042852863481995525 0.015005571699191625 -0.029721343121850808 0.058495813208364916 -0.0036285639463066407 0.051073453903821842 0.013273518225469802 0.0017840554118127808
leaf_weight=58.071118607302196 691.55454592721071 277.5713502948056 23.879441236378625 10.011382023221811 49.707023003546055 378.22016777045792 76.761197329964489 456.9253908614628 54.210893902578391 6.0834061205387107 279.67788632563315 19.605712113436311 169.17213850177359 25.071054409723729
leaf_count=144 2280 1604 47 26 186 1419 266 1353 159 9 858 71 776 83
internal_value=-0.000510345 -0.00631662 0.00918327 0.000219631 -0.00186659 -0.0151122 0.0172483 0.0190929 -0.00364212 -0.00799365 -0.0074262 0.0214399 0.0162511 -0.0240791
internal_weight=2576.52 1611.89 964.628 924.949 407.062 686.946 557.566 533.687 745.765 384.304 329.385 77.6768 179.184 302.642
internal_count=9281 6356 2925 3241 1259 3115 1666 1619 2439 1428 1044 215 802 1687
is_linear=0
shrinkage=0.05


Tree=73
num_leaves=11
num_cat=0
split_feature=1 5 7 0 13 21 20 7 11 11
split_gain=12.1745 9.10584 7.74636 7.01098 6.66063 5.56255 10.4053 7.8244 5.04901 2.30988
threshold=151.50000000000003 -3.3666666666666658 1.8660714285714286 1.5000000000000002 3.8166666666666669 37.500000000000007 361.50000000000006 0.95000000000000007 0.36666666666666675 -1.4499999999999997
decision_type=2 2 2 2 2 2 2 2 2 2
left_child=1 9 5 -3 -5 7 -7 -2 -4 -1
right_child=2 3 8 4 -6 6 -8 -9 -10 -11
leaf_value=0.0021280896463207006 0.013928812367031411 -0.033152310548795909 -0.035952847663691299 0.0033686069925220373 -0.028334356149782289 -0.027707562684371176 0.011366411798734292 -0.010155261446806174 0.017398429170714536 -0.032036661912026365
leaf_weight=5.7609621076844659 61.107962283596862 12.4080636940198 34.247494839248247 1982.7407631997485 15.685313730617052 54.679152586555574 23.674889164511114 72.726247822807636 4.3332023579860097 22.720412033784669
leaf_count=22 210 70 163 7880 60 261 93 325 29 168
internal_value=0.0011738 0.00245532 -0.00919631 0.00286066 0.00310323 -0.00535155 -0.0158438 0.000826058 -0.0295462 -0.0251187
internal_weight=2290.08 2039.32 250.769 2010.83 1998.43 212.188 78.354 133.834 38.5807 28.4814
internal_count=9281 8200 1081 8010 7940 889 354 535 192 190
is_linear=0
shrinkage=0.05


Tree=74
num_leaves=15
num_cat=0
split_feature=2 2 8 14 1 14 15 20 21 1 7 3 18 1
split_gain=104.734 34.0686 17.8495 27.3584 16.4609 13.4891 11.5407 12.9628 11.2572 10.7154 10.3163 19.3856 9.96104 8.43927
threshold=10.500000000000002 -37.499999999999993 -1.3166666666666664 -0.47222222222222215 26.500000000000004 -1.4142857142857139 1.5000000000000002 4.5000000000000009 64.500000000000014 153.50000000000003 1.8819444444444446 0.90000000000000013 3.5000000000000004 127.50000000000001
decision_type=2 2 2 2 2 2 2 2 2 2 2 2 2 2
left_child=1 10 5 8 -5 9 7 -3 -4 -2 11 -1 -8 -12
right_child=2 6 3 4 -6 -7 12 -9 -10 -11 13 -13 -14 -15
leaf_value=0.01248141402736914 0.022563457832880187 -0.0096335802112493246 0.02415214996613604 -0.022593852538701019 -0.0073785331396580729 -0.0303233798889204 0.023073614403249263 0.003418788853541372 -0.008110321474251881 -0.031538794322563818 0.015324352310249478 -0.057034935557977076 0.0036794358039642754 0.035837255140518769
leaf_weight=553.35243177891243 23.630681967828423 334.01320159621537 77.522108459146693 271.69547209178563 519.90220208198298 190.18574263714254 89.131146971369162 438.58720770967193 40.326912546530366 13.547363065299576 120.31342562183272 9.2164587803417799 254.73089486779645 90.343209810205735
leaf_count=1720 39 860 197 984 1609 824 200 1625 118 21 418 22 363 281
internal_value=-0.000452142 0.00675946 -0.0124396 -0.00927944 -0.012629 -0.0249621 0.00116431 -0.00222275 0.0130948 0.00240838 0.0148199 0.0112345 0.00877335 0.024273
internal_weight=3026.5 1889.69 1136.81 909.447 791.598 227.364 1116.46 772.6 117.849 37.178 773.226 562.569 343.862 210.657
internal_count=9281 5489 3792 2908 2593 884 3048 2485 315 60 2441 1742 563 699
is_linear=0
shrinkage=0.05


Tree=75
num_leaves=15
num_cat=0
split_feature=15 1 0 11 4 14 12 4 15 0 13 0 1 7
split_gain=57.0617 33.4431 32.0485 27.1387 26.2083 25.775 18.8864 17.3686 16.7597 14.0314 11.632 9.56207 23.6844 9.49816
threshold=1.0000000180025095e-35 59.500000000000007 158.50000000000003 -0.22499999999999998 0.63333333333333341 -0.94999999999999984 0.58571428571428574 0.45000000000000007 3.5000000000000004 78.500000000000014 0.89444444444444449 91.500000000000014 91.500000000000014 0.5277777777777779
decision_type=2 2 2 2 2 2 2 2 2 2 2 2 2 2
left_child=1 7 9 11 6 -4 -5 -1 -6 -3 -9 13 -13 -2
right_child=3 2 5 4 8 -7 -8 10 -10 -11 -12 12 -14 -15
leaf_value=0.036424472675774582 0.039413639702344669 -0.020200827782054686 -0.00670227735087588 0.030840857194906965 -0.0041048610777288212 0.02660519432310568 -0.02046463591698218 -0.029376583795142897 -0.030058125950912635 -0.0024144657471731009 0.012783107088377245 0.038349202717964902 -0.017299030666245763 -0.027402662775808991
leaf_weight=79.880287631531246 4.5408662128029382 149.65566613257397 90.992123194213491 82.310739635839127 539.83464886120055 156.99673663044814 21.979442681651562 15.892605134111362 69.519611432217062 424.55205181450583 528.41620497044642 20.951463452773169 147.29059342446271 229.60638569429284
leaf_count=330 12 1037 199 143 1461 433 44 79 157 1719 2127 53 431 1056
internal_value=-0.000523305 0.00602706 -0.000593871 -0.00901489 -0.0031423 0.0143861 0.0198889 0.0147433 -0.00711839 -0.00708588 0.0114914 -0.019384 -0.0101539 -0.0259235
internal_weight=2562.42 1446.39 822.197 1116.03 713.644 247.989 104.29 624.189 609.354 574.208 544.309 402.389 168.242 234.147
internal_count=9281 5924 3388 3357 1805 632 187 2536 1618 2756 2206 1552 484 1068
is_linear=0
shrinkage=0.05


Tree=76
num_leaves=12
num_cat=0
split_feature=14 14 1 20 20 0 1 0 10 21 7
split_gain=11.8623 10.338 12.4374 8.57088 8.55608 8.26048 9.01493 8.15581 6.73637 6.25152 4.96328
threshold=-1.8285714285714281 -1.6833333333333331 113.50000000000001 892.50000000000011 492.50000000000006 179.50000000000003 207.50000000000003 177.50000000000003 1.2916666666666667 290.50000000000006 0.5634920634920636
decision_type=2 2 2 2 2 2 2 2 2 2 2
left_child=3 2 -2 5 7 8 -7 -3 -1 -4 -6
right_child=1 4 9 -5 10 6 -8 -9 -10 -11 -12
leaf_value=-0.02434086565860704 0.079216159426176963 0.002743621891766735 1.3545712429806158e-05 0.043208108265868024 0.022467422255651077 -0.011092430118283444 0.051698432313746684 -0.013132107296613599 0.030679271260726688 0.055795180418222068 -0.026532510397259221
leaf_weight=103.18331911717542 8.0383538944879529 1986.0991377633763 24.842834791983481 5.4872412201948455 5.0759481263812622 15.58262176718563 7.7274633646011344 83.260185584309511 4.9674313819850786 5.3537296405993393 37.726668389164843
leaf_count=612 26 7865 103 31 32 60 9 335 27 13 168
internal_value=0.00119514 0.00210801 0.0275479 -0.0130142 0.00163231 -0.0157071 0.0107879 0.00209642 -0.02151 0.0115352 -0.0202272
internal_weight=2287.34 2150.4 38.2349 136.948 2112.16 131.461 23.3101 2069.36 108.151 30.1966 42.8026
internal_count=9281 8542 142 739 8400 708 69 8200 639 116 200
is_linear=0
shrinkage=0.05


Tree=77
num_leaves=15
num_cat=0
split_feature=2 2 8 1 18 8 5 1 6 11 8 13 13 1
split_gain=95.4789 31.26 16.8547 24.776 16.1226 12.5249 14.88 12.3258 14.8482 11.0913 12.2161 10.5162 10.1115 9.29152
threshold=10.500000000000002 -30.499999999999996 -1.3166666666666664 66.500000000000014 2.5000000000000004 0.68333333333333346 0.90000000000000013 149.50000000000003 1.0000000180025095e-35 3.2250000000000005 1.5277777777777779 0.43650793650793651 0.89444444444444449 124.50000000000001
decision_type=2 2 2 2 2 2 2 2 2 2 2 2 2 2
left_child=1 5 7 12 -5 6 -1 11 -9 10 -3 -2 -4 -7
right_child=2 9 3 4 -6 13 -8 8 -10 -11 -12 -13 -14 -15
leaf_value=0.010844027055611728 0.032385615159454421 -0.0012270722926470696 0.013958667078956696 -0.0050936520728386645 0.019436392348693845 0.013273112217479994 -0.017953316773117654 -0.032126893723867511 0.020329017944997283 -0.047143594996003305 0.015402724500121543 -0.033087750920037733 -0.016332676321586161 0.029210824691703909
leaf_weight=457.83663221623283 5.5280638885451472 854.75007772922982 28.043970247963443 214.08942163386382 96.215114771388471 221.24189632094931 48.695221657166258 23.252527134842239 29.362415726995096 11.153154208441263 125.75584664195776 164.98348364362027 565.98262014694046 161.35186331497971
leaf_count=1433 18 2323 83 694 159 774 155 57 55 31 310 754 1972 463
internal_value=-0.000461393 0.00643277 -0.0119619 -0.00889841 0.00253424 0.0132349 0.00803584 -0.024261 -0.0029268 0.000321737 0.000914226 -0.0307595 -0.0148732 0.0200662
internal_weight=3008.24 1880.78 1127.46 904.331 310.305 889.126 506.532 223.126 52.6149 991.659 980.506 170.512 594.027 382.594
internal_count=9281 5489 3792 2908 853 2825 1588 884 112 2664 2633 772 2055 1237
is_linear=0
shrinkage=0.05


Tree=78
num_leaves=15
num_cat=0
split_feature=19 8 1 15 0 11 5 1 20 6 5 3 1 11
split_gain=52.8618 30.9599 30.6432 20.5457 15.8023 14.6084 12.858 16.1818 12.0735 10.5737 10.1776 10.0489 8.88456 6.58485
threshold=0.5277777777777779 -1.5277777777777775 61.500000000000007 3.5000000000000004 77.500000000000014 0.36666666666666675 -3.3666666666666658 53.500000000000007 72.500000000000014 0.41428571428571431 -1.0000000180025095e-35 0.77500000000000013 183.50000000000003 -0.63333333333333319
decision_type=2 2 2 2 2 2 2 2 2 2 2 2 2 2
left_child=1 6 3 -3 -4 9 12 -8 10 13 -7 -10 -1 -2
right_child=5 2 4 -5 -6 8 7 -9 11 -11 -12 -13 -14 -15
leaf_value=0.040966966628489782 -0.021759020090068849 0.0078486072850190974 -0.017078642946294298 -0.032156156674634659 -0.0021911031209816234 0.014192870778716225 0.035406363909187104 0.0034950002903714377 0.0049307172811521027 -0.032268188413975177 -0.02083055310146192 0.065175912128779157 -0.015530561367499704 -0.00041374896943573462
leaf_weight=68.758143924875185 89.296163745690137 925.77490299165947 249.98693827452371 32.231061056256294 619.77043910516659 27.633386997855268 52.097556258668192 160.61041822715197 23.523689428926446 145.96231376187643 74.420737328124233 9.0496732022147608 7.0763400971190995 61.106131877982989
leaf_count=224 406 3041 1319 38 2089 67 212 464 75 796 288 37 21 204
internal_value=-0.000543743 0.00270664 0.000297261 0.00646535 -0.00649054 -0.016485 0.0178978 0.0114634 -0.00275571 -0.0226747 -0.011253 0.02326 0.0354964 -0.0131798
internal_weight=2547.3 2116.31 1827.76 958.006 869.757 430.992 288.542 212.708 134.627 296.365 102.054 32.5734 75.8345 150.402
internal_count=9281 7408 6487 3079 3408 1873 921 676 467 1406 355 112 245 610
is_linear=0
shrinkage=0.05


Tree=79
num_leaves=14
num_cat=0
split_feature=14 14 1 8 5 21 2 9 21 7 1 11 2
split_gain=11.1119 9.54981 11.1146 9.28161 11.4405 7.86911 7.47042 7.05407 6.24589 5.67207 2.79143 1.34535 0.623707
threshold=-1.8285714285714281 -1.6833333333333331 119.50000000000001 -0.64583333333333315 1.0000000180025095e-35 491.50000000000006 146.50000000000003 0.36666666666666675 290.50000000000006 1.0500000000000003 121.50000000000001 -0.89999999999999991 -43.499999999999993
decision_type=2 2 2 2 2 2 2 2 2 2 2 2 2
left_child=3 2 -2 4 7 6 -3 -1 -4 -7 12 -12 -5
right_child=1 5 8 10 -6 9 -8 -9 -10 -11 11 -13 -14
leaf_value=-0.013077298698145593 0.069060161150192534 0.0023406064414108227 -0.0025197854838615885 0.014528139084208278 0.055934035958907426 0.013761633650877018 -0.032958473920769303 0.036132805341164996 0.05266108981515482 -0.029055164062153468 -0.033399982037868224 0 -0.011233600605144903
leaf_weight=62.139316574146505 10.084620345849542 2054.4552797338692 23.069505697581921 3.5103130494826473 6.9199582734145215 9.1855611647479218 14.085163617273791 7.2216938245110205 5.5130301830358794 32.918070632265881 48.457711217459291 3.063759818673133 3.8473300454788832
leaf_count=249 32 8136 97 23 12 55 96 18 13 113 409 10 18
internal_value=0.00122172 0.00210032 0.0264158 -0.0126258 -0.000978554 0.00164019 0.00208202 -0.00744189 0.0093749 -0.0194955 -0.0273636 -0.0314077 0.000726698
internal_weight=2284.47 2149.31 38.6672 135.16 76.281 2110.64 2068.54 69.361 28.5825 42.1036 58.8791 51.5215 7.35764
internal_count=9281 8542 142 739 279 8400 8232 267 110 168 460 419 41
is_linear=0
shrinkage=0.05


Tree=80
num_leaves=15
num_cat=0
split_feature=2 2 2 25 1 19 11 3 13 25 13 4 2 8
split_gain=86.9226 28.7865 16.0943 14.1707 18.452 11.4571 10.8093 10.5391 9.89556 9.40688 8.20495 13.8478 7.65257 4.8549
threshold=10.500000000000002 -37.499999999999993 83.500000000000014 1.0000000180025095e-35 9.5000000000000018 0.57518796992481214 3.2250000000000005 0.63333333333333341 0.73214285714285732 1.0000000180025095e-35 1.0500000000000003 0.77500000000000013 -101.49999999999999 -1.0000000180025095e-35
decision_type=2 2 2 2 2 2 2 2 2 2 2 2 2 2
left_child=1 8 3 4 -2 -5 7 -3 12 -10 11 -4 -1 -12
right_child=2 6 10 5 -6 -7 -8 -9 9 -11 13 -13 -14 -15
leaf_value=0.035176200067443562 -0.027361841317048743 -0.00061894648299703179 -0.034498171943510902 -0.0242946262068694 -0.0028479196429514321 0.02557739276991099 -0.046036091056237662 0.012685305810764533 0.013510417728891683 -0.0021072860108663472 -0.034302498528865577 0.037756483065224195 0.015791876278542404 -0.013543732093057557
leaf_weight=75.443420331808738 86.018235502764583 926.95315040508285 12.202574598952198 175.55907257052604 661.30567757284734 11.426760507747529 11.080173730035311 176.19127993553411 386.14218914706726 127.36600037338212 118.36173147778027 12.31164252606686 169.3684765829239 40.508543975651264
leaf_count=302 277 2481 64 483 2198 23 33 534 1292 289 564 30 558 153
internal_value=-0.000468565 0.00611495 -0.0114984 -0.00881394 -0.00570899 -0.0211005 0.000992848 0.00151101 0.0136232 0.00963046 -0.0250262 0.00165148 0.0219047 -0.0291586
internal_weight=2990.24 1872.54 1117.69 934.31 747.324 186.986 1114.22 1103.14 758.32 513.508 183.384 24.5142 244.812 158.87
internal_count=9281 5489 3792 2981 2475 506 3048 3015 2441 1581 811 94 860 717
is_linear=0
shrinkage=0.05


Tree=81
num_leaves=15
num_cat=0
split_feature=2 2 11 19 25 7 0 0 0 18 13 6 7 2
split_gain=102.567 25.3363 18.0006 18.5005 14.0054 13.7394 12.9706 11.8603 23.7316 9.34368 8.5886 6.24925 13.124 8.99354
threshold=-15.499999999999998 56.500000000000007 0.90000000000000013 0.48333333333333339 1.0000000180025095e-35 0.81666666666666676 150.50000000000003 150.50000000000003 139.50000000000003 2.5000000000000004 1.0500000000000003 0.58571428571428574 2.5857142857142867 -16.499999999999996
decision_type=2 2 2 2 2 2 2 2 2 2 2 2 2 2
left_child=2 4 11 9 5 -2 -6 8 -3 -4 -9 12 -1 -13
right_child=1 7 3 -5 6 -7 -8 10 -10 -11 -12 13 -14 -15
leaf_value=-0.017134237607489625 0.0096200183796571158 0.017987941861492416 -0.0023089600338370444 -0.014614587863319381 0.0059612309264281292 -0.0039402221660555506 0.031515945423859174 0.0052521619158538042 -0.011208694056022109 0.043390795989614067 0.031923819717471269 -0.029081672233874978 0.055947142148449258 0.02999641599907716
leaf_weight=428.94082559476374 246.52253989467863 245.62755434750579 17.526803194312379 66.566310891066678 208.25402488920372 759.90290581982117 64.80932041502092 40.072725259233266 95.95579010550864 28.526543346699327 133.78342660039198 186.14189684262965 5.2511444870033293 5.8136278705205759
leaf_count=2135 709 790 98 313 792 2386 109 125 286 51 361 1079 28 19
internal_value=-0.00055685 0.00589533 -0.0162268 0.00212066 0.00211599 -0.000607445 0.0121375 0.015245 0.0097628 0.0262129 0.02587 -0.0195329 -0.0161124 -0.0271203
internal_weight=2533.7 1794.93 738.767 112.62 1279.49 1006.43 273.063 515.439 341.583 46.0533 173.856 626.147 434.192 191.956
internal_count=9281 5558 3723 462 3996 3095 901 1562 1076 149 486 3261 2163 1098
is_linear=0
shrinkage=0.05


Tree=82
num_leaves=12
num_cat=0
split_feature=14 14 1 20 20 20 0 18 11 21 7
split_gain=10.2371 9.0236 9.89626 7.8965 7.79749 7.66343 7.6615 8.55742 5.8367 5.1762 4.66785
threshold=-1.8285714285714281 -1.6833333333333331 113.50000000000001 892.50000000000011 492.50000000000006 129.50000000000003 179.50000000000003 1.0000000180025095e-35 -2.0999999999999996 290.50000000000006 0.5634920634920636
decision_type=2 2 2 2 2 2 2 2 2 2 2
left_child=3 2 -2 6 5 -3 8 -8 -1 -4 -6
right_child=1 4 9 -5 10 -7 7 -9 -10 -11 -12
leaf_value=-0.02923337880191423 0.0700705996397709 0.00096105068402993856 0.00026178076018006959 0.041191675342732041 0.021556269132765364 0.010466350563474024 -0.020711293746407473 0.037569903751471297 -0.0041614127132287102 0.050221681560517407 -0.025798834947968158
leaf_weight=67.716100562596694 8.6081791359465551 1829.029536349175 24.665860145352784 5.6168421958573154 5.1465664274292058 239.18981128477026 10.822541498811917 12.485685349674894 36.377938009740319 5.6383326291106632 36.659083803649992
leaf_count=441 26 7133 103 31 32 1067 36 33 198 13 168
internal_value=0.00124048 0.00207771 0.0256401 -0.0121624 0.00162888 0.00206728 -0.0148561 0.0105642 -0.020642 0.0110243 -0.0194849
internal_weight=2281.96 2148.94 38.9124 133.019 2110.02 2068.22 127.402 23.3082 104.094 30.3042 41.8057
internal_count=9281 8542 142 739 8400 8200 708 69 639 116 200
is_linear=0
shrinkage=0.05


Tree=83
num_leaves=15
num_cat=0
split_feature=2 2 5 1 25 14 15 3 1 20 14 2 5 0
split_gain=79.3278 26.5178 15.8925 21.9754 17.7773 13.6022 12.008 11.9083 11.8637 15.7519 10.7568 8.87327 8.68703 6.5249
threshold=10.500000000000002 -30.499999999999996 -0.77499999999999991 44.500000000000007 1.0000000180025095e-35 -1.4142857142857139 1.5000000000000002 0.63333333333333341 187.50000000000003 6.5000000000000009 1.9500000000000002 4.5000000000000009 -3.6333333333333329 155.50000000000003
decision_type=2 2 2 2 2 2 2 2 2 2 2 2 2 2
left_child=1 8 5 7 -5 12 10 -4 9 -1 -3 -8 -2 -7
right_child=2 6 3 4 -6 13 11 -9 -10 -11 -12 -13 -14 -15
leaf_value=0.0026668724152074125 -0.025271981676162882 -0.0020683251990485261 -0.018173003547681851 0.0091107054371771124 -0.018429057892632477 -0.016349655424429808 0.0047923234127975473 0.014679347940399174 0.029874601913753185 0.01684124110485603 -0.031327959204764728 0.028639647229233491 0.02420055626579791 -0.02993225144345743
leaf_weight=369.88017977797426 11.770809316891244 648.3529598627938 303.91138368018437 258.9195134176407 74.609122559428215 261.69613500218838 264.51410564803518 29.416346301557496 84.858792466460727 419.33224543812685 32.068780909408815 45.094737164676189 28.039839346893132 140.55516457033809
leaf_count=978 15 2070 1089 813 171 1019 433 120 231 1616 104 57 55 510
internal_value=-0.000475961 0.00582087 -0.0110612 -0.00616153 0.00289854 -0.0184106 0.000210403 -0.0152236 0.0121624 0.0102162 -0.00349864 0.00836282 0.00918968 -0.0211706
internal_weight=2973.02 1864.1 1108.92 666.856 333.529 442.062 990.031 333.328 874.071 789.212 680.422 309.609 39.8106 402.251
internal_count=9281 5489 3792 2193 984 1599 2664 1209 2825 2594 2174 490 70 1529
is_linear=0
shrinkage=0.05


Tree=84
num_leaves=15
num_cat=0
split_feature=2 5 25 13 8 14 19 2 4 20 4 2 12 6
split_gain=93.9766 24.2357 22.8139 16.2058 15.0559 14.1134 17.3773 12.9364 10.7576 9.27547 8.76902 8.38515 9.05498 7.566
threshold=-15.499999999999998 -0.44999999999999996 1.0000000180025095e-35 2.2928571428571431 1.9500000000000002 0.35416666666666669 0.23611111111111113 131.50000000000003 1.1000000000000003 32.500000000000007 1.7750000000000001 -93.499999999999986 0.11805555555555557 0.41428571428571431
decision_type=2 2 2 2 2 2 2 2 2 2 2 2 2 2
left_child=5 3 4 7 -3 11 8 -2 -7 -5 -4 -1 -13 -8
right_child=1 2 10 9 -6 6 13 -9 -10 -11 -12 12 -14 -15
leaf_value=-0.034594454826580592 0.0079955850731969532 -0.001700160730548771 0.0067057813762901146 0.042555635252910423 -0.029889129187978144 0.063318078308150227 0.009547611088791071 0.039011395091586194 0.0075364954972174519 0.0053952234241774677 0.027591336406147311 -0.0052537047854856449 -0.021187265222058105 -0.018206868821993683
leaf_weight=81.147578913834877 669.97847298334818 738.3365094952751 131.23066008230671 62.223468335345387 49.679124752175994 11.702965792268513 30.809443878591992 34.608296185964718 28.898136872681789 23.741913767298684 82.287453325116076 122.54429528716719 344.11175590252969 107.24584853468696
leaf_count=585 1920 2373 456 133 142 57 149 137 137 81 316 605 1707 483
internal_value=-0.000567315 0.00558031 0.000406945 0.0121192 -0.00351925 -0.0157264 -0.00346472 0.00957925 0.0248708 0.0325302 0.0148692 -0.0197027 -0.017034 -0.0119529
internal_weight=2518.55 1792.09 1001.53 790.552 788.016 726.46 178.656 704.587 40.6011 85.9654 213.518 547.804 466.656 138.055
internal_count=9281 5558 3287 2271 2515 3723 826 2057 194 214 772 2897 2312 632
is_linear=0
shrinkage=0.05


Tree=85
num_leaves=14
num_cat=0
split_feature=1 0 12 7 0 14 9 20 6 1 12 4 12
split_gain=9.44088 7.43871 7.65863 7.23881 6.59493 6.28988 9.31358 6.23116 4.57983 3.42062 1.61354 0.977001 0.00408054
threshold=151.50000000000003 184.50000000000003 0.29285714285714287 1.8660714285714286 1.5000000000000002 -0.52777777777777768 0.29166666666666669 124.50000000000001 1.0000000180025095e-35 182.50000000000003 0.47222222222222227 3.5500000000000003 0.31666666666666671
decision_type=2 2 2 2 2 2 2 2 2 2 2 2 2
left_child=1 4 8 5 -1 6 -2 -6 -3 -7 11 -5 -4
right_child=3 2 12 10 7 9 -8 -9 -10 -11 -12 -13 -14
leaf_value=-0.032638871477332368 -0.006029652335430514 0.037059411204284402 -0.020653343165104001 -0.035398683307982091 0.0018628265432739162 -0.026151979806516925 0.022927870022068864 0.0096196535950414542 -0.014446482625708915 0.014413616712878051 0.00048997115146859501 -0.0049064104357335568 -0.034580465301556548
leaf_weight=11.999535013688726 128.34098678716691 7.3501103105954808 8.3623372900765407 27.931395449209962 1673.9555149805965 38.404142654966563 34.354814183083363 306.17455630458426 7.9433956970460713 5.1689793734694822 3.8844454778591162 3.7055898993858127 21.856626865861472
leaf_count=70 590 31 39 140 6651 160 99 1274 21 40 22 30 114
internal_value=0.00126142 0.00237279 -0.0173826 -0.008055 0.00283513 -0.00437041 0.000157178 0.00306899 0.0107558 -0.0210122 -0.0286086 -0.0322401 -0.0316717
internal_weight=2279.43 2037.64 45.5125 241.79 1992.13 206.269 162.696 1980.13 15.2935 43.5731 35.5214 31.637 30.219
internal_count=9281 8200 205 1081 7995 889 689 7925 52 200 192 170 153
is_linear=0
shrinkage=0.05


Tree=86
num_leaves=15
num_cat=0
split_feature=2 2 2 6 1 11 7 3 3 1 13 12 8 10
split_gain=71.6582 24.1852 14.8973 13.8903 13.5124 10.1169 9.81713 17.8551 9.65466 8.18904 7.85855 13.4101 4.69954 1.63096
threshold=10.500000000000002 -37.499999999999993 83.500000000000014 0.78888888888888908 27.500000000000004 3.4500000000000006 1.8819444444444446 0.90000000000000013 0.63333333333333341 127.50000000000001 1.0500000000000003 0.38750000000000007 -1.0000000180025095e-35 1.7750000000000001
decision_type=2 2 2 2 2 2 2 2 2 2 2 2 2 2
left_child=1 6 3 4 -2 8 7 -1 -3 -8 11 -4 -12 -5
right_child=2 5 10 13 -6 -7 9 -9 -10 -11 12 -13 -14 -15
leaf_value=0.010198725755146703 -0.019059944842026028 -0.00074190174563807754 -0.028263186183926731 0.054660413275398126 -0.0051765931010363704 -0.047315774509273635 0.013134775625272439 -0.056440867189264103 0.011976663574014397 0.033918343248361994 -0.033379069988361917 0.044323136124481945 -0.012704008546382812 0.016648879302193834
leaf_weight=535.05836741102394 237.54017528623808 925.1783953756094 14.02429067483172 7.5085222029592824 672.06159371964168 9.8015391852240992 116.03842333960347 9.2415186979342234 176.76628926687408 83.327367282588966 111.93836514605209 10.027091339812612 39.803942233324051 6.8109871838241816
leaf_count=1720 840 2482 68 23 2095 30 418 22 536 281 564 26 153 23
internal_value=-0.000487873 0.00550385 -0.0105973 -0.00803377 -0.00882464 0.00082753 0.0124775 0.00895667 0.0013028 0.0219724 -0.0239207 0.00235999 -0.0281072 0.0391738
internal_weight=2955.13 1855.41 1099.71 923.921 909.602 1111.75 743.666 544.3 1101.94 199.366 175.794 24.0514 151.742 14.3195
internal_count=9281 5489 3792 2981 2935 3048 2441 1742 3018 699 811 94 717 46
is_linear=0
shrinkage=0.05


Tree=87
num_leaves=15
num_cat=0
split_feature=15 1 0 11 4 1 12 4 15 8 16 0 1 8
split_gain=43.9385 26.1085 23.3424 23.0029 22.5313 20.0584 18.4445 14.9527 14.8426 13.4078 10.3991 8.4325 21.1635 10.8283
threshold=1.0000000180025095e-35 59.500000000000007 158.50000000000003 -0.22499999999999998 0.63333333333333341 182.50000000000003 0.58571428571428574 0.45000000000000007 3.5000000000000004 -1.9499999999999997 1.0000000180025095e-35 91.500000000000014 91.500000000000014 -0.94999999999999984
decision_type=2 2 2 2 2 2 2 2 2 2 2 2 2 2
left_child=1 7 9 11 6 -4 -5 -1 -6 -3 -9 13 -13 -2
right_child=3 2 5 4 8 -7 -8 10 -10 -11 -12 12 -14 -15
leaf_value=0.033594618311679661 0.025433303903755634 0.022808155260571283 0.017635420185711067 0.029417595940960491 -0.0037265034411180504 -0.024822540375126809 -0.021400371598715745 0.014989698499645286 -0.028787310572706639 -0.0083942689641926232 0.00042133154991332147 0.036510951928764017 -0.01630201464810882 -0.026935552375403474
leaf_weight=75.952780670952052 9.5033214276190829 35.812396565452218 212.90008002973627 82.060526018613018 531.99752871028613 30.994791702425573 21.844164820853621 353.99841703876154 65.665711319539696 525.08287870715139 188.21523538010661 20.863922143820673 142.14007889578352 207.65665485325735
leaf_count=330 28 156 540 143 1461 92 44 1684 157 2600 522 53 431 1040
internal_value=-0.000575217 0.00519525 -0.00073646 -0.00816834 -0.00278375 0.01214 0.0185842 0.0129145 -0.00653179 -0.00635609 0.00995196 -0.0180588 -0.00933025 -0.0245148
internal_weight=2504.69 1422.96 804.79 1081.73 701.568 243.895 103.905 618.166 597.663 560.895 542.214 380.164 163.004 217.16
internal_count=9281 5924 3388 3357 1805 632 187 2536 1618 2756 2206 1552 484 1068
is_linear=0
shrinkage=0.05


Tree=88
num_leaves=12
num_cat=0
split_feature=21 17 19 1 8 7 1 9 10 1 4
split_gain=9.19727 7.41983 14.9109 23.5844 15.0792 14.3699 13.5578 8.87058 1.3639 2.39086 2.54672
threshold=565.00000000000011 1.0000000180025095e-35 0.4494949494949495 135.50000000000003 -0.70714285714285696 1.8944444444444446 11.500000000000002 0.45000000000000007 0.90000000000000013 161.50000000000003 1.2250000000000003
decision_type=2 2 2 2 2 2 2 2 2 2 2
left_child=1 5 4 -4 -3 6 -1 -7 9 10 -2
right_child=8 2 3 -5 -6 7 -8 -9 -10 -11 -12
leaf_value=-0.033885284476918819 0.037091470683111159 -0.0098252984943473353 0.0085959898339086037 0.050775120144090004 0.0052002760126954387 -0.018498586146334147 0.0029538215283005727 0.0010524494405157166 -0.034317919332207646 -0.029087838143969841 -0.018442740157220371
leaf_weight=24.736268644453958 3.1348956685978937 223.05283963028342 221.51831328577828 38.231099837692454 653.66184758453164 165.0364267154946 831.12782959645847 88.297739869216457 17.634114467422478 7.5571456485195085 3.1187306132633239
leaf_count=235 28 939 565 86 1904 898 4029 426 89 61 21
internal_value=0.00127307 0.00165632 0.00449488 0.0149942 0.00136495 -0.00124895 0.00184496 -0.0116872 -0.0251499 -0.0115794 0.00998241
internal_weight=2277.11 2245.66 1136.46 259.749 876.715 1109.2 855.864 253.334 31.4449 13.8108 6.25363
internal_count=9281 9082 3494 651 2843 5588 4264 1324 199 110 49
is_linear=0
shrinkage=0.05


Tree=89
num_leaves=15
num_cat=0
split_feature=2 2 10 10 5 5 4 1 20 7 17 9 20 2
split_gain=65.0586 27.6705 18.7558 16.2047 15.6952 12.9237 11.8696 11.2729 13.8145 19.2796 6.77003 5.7315 3.78301 5.95781
threshold=-30.499999999999996 51.500000000000007 0.77500000000000013 2.9000000000000004 1.2250000000000003 0.55000000000000016 0.77500000000000013 192.50000000000003 6.5000000000000009 1.8944444444444446 3.5000000000000004 0.63333333333333341 5.5000000000000009 -56.499999999999993
decision_type=2 2 2 2 2 2 2 2 2 2 2 2 2 2
left_child=7 3 6 4 -2 -4 -3 8 9 -1 -10 -5 -9 -14
right_child=1 2 5 11 -6 -7 -8 12 10 -11 -12 -13 13 -15
leaf_value=-0.0045677708764487032 -0.0031626319009172414 -0.015362144293787159 -0.024352093694206194 -0.0042422120915140546 0.011459824606976038 1.2167590543740123e-06 0.035684269566409417 0.042947660621629608 0.016600274631676695 0.020653890485575494 -0.025798020466453214 -0.032620912418606721 0.034485028467961205 -0.008892334237593405
leaf_weight=271.95016574673355 1358.5042004361749 19.094205323723145 317.01967766566668 26.872589850681834 211.08437415095977 65.24204393918626 25.38782027293928 33.025953465490602 409.8659122165991 103.82840896549169 8.6874747946858388 56.484104190370999 18.956617199000906 12.30615616776049
leaf_count=688 3795 76 1382 89 647 227 61 70 1630 314 14 179 76 33
internal_value=-0.000494635 -0.00527662 -0.0166137 -0.0023384 -0.00118692 -0.0201934 0.0138063 0.0110748 0.00940979 0.00242408 0.0156489 -0.0236902 0.0311113 0.0175088
internal_weight=2938.31 2079.69 426.744 1652.95 1569.59 382.262 44.482 858.621 794.332 375.779 418.553 83.3567 64.2887 31.2628
internal_count=9281 6456 1746 4710 4442 1609 137 2825 2646 1002 1644 268 179 109
is_linear=0
shrinkage=0.05


Tree=90
num_leaves=13
num_cat=0
split_feature=15 13 0 1 8 19 1 14 20 0 5 5
split_gain=40.9978 27.0407 31.8316 19.244 18.2132 17.8799 15.436 9.6054 12.2065 8.38783 6.094 4.07668
threshold=1.5000000000000002 1.2928571428571431 150.50000000000003 58.500000000000007 -2.3874999999999997 0.23611111111111113 98.500000000000014 -0.3166666666666666 167.50000000000003 171.50000000000003 1.0000000180025095e-35 0.90000000000000013
decision_type=2 2 2 2 2 2 2 2 2 2 2 2
left_child=1 4 3 -3 9 -2 -6 11 -9 -1 -4 -7
right_child=5 2 10 -5 6 7 -8 8 -10 -11 -12 -13
leaf_value=0.046226051174055087 0.030499853446851369 0.0086084555045046873 0.030301376071072184 -0.0063082502360170866 0.00085055757484754158 -0.030891670762956559 -0.013532547483088329 -0.013402605145959305 0.026348603124113936 0.0086811019887320616 0.0027029420550207348 -0.0094428899060769924
leaf_weight=18.778931755456142 20.882299415767193 685.29687621048652 155.99730489403009 314.43863004189916 347.56411388021661 113.04003639513394 399.81782904441934 296.84244730265345 19.657671325374395 64.967055759392679 23.622120761778206 29.795586893567815
leaf_count=83 18 2376 426 1469 1470 408 1852 763 51 144 68 153
internal_value=-0.000591006 0.00254351 0.00741038 0.00391021 -0.00435708 -0.0137024 -0.00684492 -0.0157847 -0.0108427 0.0176052 0.0267346 -0.026549
internal_weight=2490.7 2010.48 1179.35 999.736 831.128 480.218 747.382 459.336 316.5 83.746 179.619 142.836
internal_count=9281 7888 4339 3845 3549 1393 3322 1375 814 227 494 561
is_linear=0
shrinkage=0.05


Tree=91
num_leaves=14
num_cat=0
split_feature=14 14 8 3 1 9 20 20 20 7 1 21 3
split_gain=8.94171 8.80562 8.76524 10.6749 8.48464 7.10931 7.05332 6.74211 5.92575 4.37945 2.76224 3.04936 0.752814
threshold=-1.8285714285714281 -1.6833333333333331 -0.64583333333333315 0.45000000000000007 119.50000000000001 0.36666666666666675 492.50000000000006 129.50000000000003 4.5000000000000009 0.5634920634920636 121.50000000000001 3.5000000000000004 0.36666666666666675
decision_type=2 2 2 2 2 2 2 2 2 2 2 2 2
left_child=2 4 3 5 -2 -1 7 -3 -6 -8 11 -4 -12
right_child=1 6 10 -5 8 -7 9 -9 -10 -11 12 -13 -14
leaf_value=-0.011430011090335583 0.061329024440648063 0.00097890879060039712 -0.029064278371528501 0.061092002343168465 0.043760581822742985 0.038953910775716361 0.020687705624548854 0.0098722351755135638 -0.0047181483132072745 -0.025075166875207101 -0.018078827673108939 0.028615033055471667 -0.035190117505684369
leaf_weight=62.285704499110579 10.690307395532725 1825.2037417208194 3.2434632141957982 5.5019500160124144 7.9751972788944867 6.8602339336648575 5.2065009651705614 240.66021124977851 20.166043520905077 35.480940166860819 14.294802234740926 3.9599924127105623 33.486184335139114
leaf_count=254 32 7133 10 8 24 17 32 1067 86 168 111 31 308
internal_value=0.00127875 0.00205317 -0.0114171 -0.000131561 0.025353 -0.00587588 0.00160947 0.00202162 0.00987931 -0.0187435 -0.0263732 0.00165749 -0.0306489
internal_weight=2275.02 2145.38 129.632 74.6479 38.8315 69.1459 2106.55 2065.86 28.1412 40.6874 54.9844 7.20346 47.781
internal_count=9281 8542 739 279 142 271 8400 8200 110 200 460 41 419
is_linear=0
shrinkage=0.05


Tree=92
num_leaves=15
num_cat=0
split_feature=8 14 14 8 11 5 11 15 20 14 21 11 8 15
split_gain=36.8874 29.876 21.6216 20.5886 15.7592 13.5349 13.4095 11.6069 9.62457 9.575 6.66146 7.04254 5.11614 0.595827
threshold=0.68333333333333346 -0.47222222222222215 1.0000000180025095e-35 -1.2361111111111109 -3.4499999999999997 -0.89999999999999991 3.4500000000000006 1.0000000180025095e-35 182.50000000000003 -2.2249999999999996 331.50000000000006 -2.0999999999999996 -1.4142857142857139 1.5000000000000002
decision_type=2 2 2 2 2 2 2 2 2 2 2 2 2 2
left_child=1 3 10 4 -1 12 8 -7 -4 -5 11 -2 -3 -12
right_child=2 5 6 9 -6 7 -8 -9 -10 -11 13 -13 -14 -15
leaf_value=0.021211988634785812 0.039670950599525794 -0.026661211233260276 0.0055910972269646586 0.0258636847506587 -0.015732079234967833 -0.010819523092707893 -0.038296443531571744 0.00020733153081220997 -0.01864187302880765 0.0062420075224549672 0.045517134128373798 0.013219141870044127 -0.013110408505533605 0.02346624033551406
leaf_weight=33.598194741876796 27.661452263244428 106.59008900000481 516.67323954531457 71.256939671235159 173.12776918383315 524.71240246202797 18.690057840547524 435.36510293465108 43.44917300902307 467.88935722515453 22.504893198027279 252.85310566134285 219.40430155862123 9.1531813689507526
leaf_count=61 147 611 1536 273 453 2153 40 927 136 1312 51 859 702 20
internal_value=-0.000490041 -0.00421084 0.00798507 0.00374247 -0.00963045 -0.00882667 0.00224501 -0.00581897 0.00367254 0.00888767 0.0185708 0.015977 -0.0176244 0.0402085
internal_weight=2922.93 2031.94 890.985 745.872 206.726 1286.07 578.812 960.078 560.122 539.146 312.173 280.515 325.994 31.6581
internal_count=9281 6492 2789 2099 514 4393 1712 3080 1672 1585 1077 1006 1313 71
is_linear=0
shrinkage=0.05


Tree=93
num_leaves=15
num_cat=0
split_feature=2 5 25 7 10 14 16 7 16 1 6 21 2 12
split_gain=75.7345 19.9862 20.9305 14.451 13.4893 13.0995 15.2075 13.7831 12.6931 11.7215 9.72719 8.95674 8.28964 9.23464
threshold=-15.499999999999998 -0.44999999999999996 1.0000000180025095e-35 3.0500000000000003 1.7750000000000001 0.35416666666666669 1.5000000000000002 1.6833333333333336 1.5000000000000002 46.500000000000007 0.41428571428571431 301.50000000000006 -93.499999999999986 0.11805555555555557
decision_type=2 2 2 2 2 2 2 2 2 2 2 2 2 2
left_child=5 4 3 -3 9 12 10 -8 -6 -2 -7 -4 -1 -14
right_child=1 2 11 -5 8 6 7 -9 -10 -11 -12 -13 13 -15
leaf_value=-0.033993103345330025 0.018631601299636501 -0.0023504193850618538 0.011375510094887336 -0.04083084712639088 0.024265354799352337 0.013624481593611577 0.060088494558687179 -1.5386282787249044e-06 -0.018053725629487094 0.0020837842640403863 -0.017681241101992502 0.055206487067499803 -0.0037594111627313738 -0.020136048932985602
leaf_weight=74.411072772112675 145.46145058528055 760.63899294624571 202.30725902691483 24.240821270737797 216.58743142115418 31.326113946270198 15.239405710017307 22.739802947733551 18.439059743657708 401.79585388221312 105.8462101718178 11.560562023427336 118.09187236824073 330.36277808708837
leaf_count=585 446 2442 749 73 672 198 39 50 28 1125 539 23 605 1707
internal_value=-0.000594375 0.00487501 0.000180419 -0.00359568 0.0108544 -0.014544 -0.0026567 0.0249047 0.0208616 0.00651729 -0.0104489 0.014014 -0.0185038 -0.0158527
internal_weight=2479.05 1781.03 998.748 784.88 782.284 698.017 175.152 37.9792 235.026 547.257 137.172 213.868 522.866 448.455
internal_count=9281 5558 3287 2515 2271 3723 826 89 700 1571 737 772 2897 2312
is_linear=0
shrinkage=0.05


Tree=94
num_leaves=11
num_cat=0
split_feature=21 5 21 8 2 14 2 2 2 2
split_gain=8.50314 7.73162 8.60869 7.56262 20.4266 12.0791 3.02946 1.96761 4.19796 0.0535369
threshold=565.00000000000011 -3.3666666666666658 358.50000000000006 -1.7071428571428569 89.500000000000014 -1.8285714285714281 129.50000000000003 9.5000000000000018 44.500000000000007 -77.499999999999986
decision_type=2 2 2 2 2 2 2 2 2 2
left_child=1 2 6 4 -3 -5 -1 9 -9 -2
right_child=7 3 -4 5 -6 -7 -8 8 -10 -11
leaf_value=-0.032905216412739788 -0.013994133974345516 0.025149495133835749 0.035117688134512673 -0.016898878526621509 -0.025751698586904112 0.0021594105824748731 0.0059891970443948367 0.029331248727011552 -0.032719391746728964 -0.034402093810592713
leaf_weight=33.103130433417391 3.2201984247658428 92.039472186355852 5.4579119889531276 85.713267964427359 24.046592711354606 1997.1457627259078 5.2940316841704762 4.1169942083070037 4.8055033483542502 18.453866807976741
leaf_count=182 27 353 7 573 196 7726 45 26 14 132
internal_value=0.0012788 0.00164305 -0.0188984 0.0020634 0.014433 0.001365 -0.0273998 -0.0244703 -0.0035137 -0.0323414
internal_weight=2273.4 2242.8 43.8551 2198.95 116.086 2082.86 38.3972 30.5966 8.9225 21.6741
internal_count=9281 9082 234 8848 549 8299 227 199 40 159
is_linear=0
shrinkage=0.05


Tree=95
num_leaves=15
num_cat=0
split_feature=8 1 8 1 25 14 10 9 13 15 7 3 1 10
split_gain=34.4153 32.0003 22.6072 20.3307 26.4001 19.6448 15.4682 14.6397 13.054 12.0962 5.76901 5.33621 12.0521 5.61545
threshold=0.68333333333333346 28.500000000000004 -1.4722222222222221 124.50000000000001 1.0000000180025095e-35 -1.8285714285714281 1.0000000180025095e-35 0.90000000000000013 0.64583333333333337 3.5000000000000004 1.5857142857142861 0.77500000000000013 21.500000000000004 0.77500000000000013
decision_type=2 2 2 2 2 2 2 2 2 2 2 2 2 2
left_child=1 11 6 4 9 -4 -3 10 -6 -2 -5 13 -13 -1
right_child=3 2 5 7 8 -7 -8 -9 -10 -11 -12 12 -14 -15
leaf_value=0.0090846524190121656 0.0060942656490485109 0.037232618365901256 0.021461615815513903 0.0064858848533650305 0.041190958703262143 -0.00052164239924088211 -0.017353184650837083 -0.042201875051583113 -0.017634824059606868 0.027968508081962537 0.029823125894845655 0.044119029835887384 -0.041140899994259218 -0.021396049907398691
leaf_weight=15.157437444431705 471.06461702671368 12.694705851958132 109.07252179202624 33.96357386931777 9.0764140846440551 1319.697558259475 255.62444674188737 7.4453587295720345 150.2255284980638 72.451463768258691 142.8272793762153 9.2008524427656067 5.9803225058130911 294.76940283161821
leaf_count=40 1447 33 421 92 25 3931 875 16 609 114 486 32 19 1141
internal_value=-0.000491168 -0.00409431 -0.00133383 0.00771256 0.00381411 0.0011669 -0.0146234 0.0224564 -0.0140159 0.00906532 0.0254296 -0.0184406 0.00975671 -0.0198648
internal_weight=2909.25 2022.2 1697.09 887.054 702.818 1428.77 268.319 184.236 159.302 543.516 176.791 325.108 15.1812 309.927
internal_count=9281 6492 5260 2789 2195 4352 908 594 634 1561 578 1232 51 1181
is_linear=0
shrinkage=0.05


Tree=96
num_leaves=15
num_cat=0
split_feature=2 25 5 11 8 19 0 6 17 5 20 8 8 0
split_gain=70.0744 19.1354 24.3906 17.0567 16.3607 15.0048 13.8702 16.629 12.7229 9.99797 9.44465 9.14081 10.2542 6.92883
threshold=-16.499999999999996 1.0000000180025095e-35 -0.29166666666666657 0.90000000000000013 1.7750000000000001 0.48333333333333339 150.50000000000003 0.15476190476190474 3.5000000000000004 0.55000000000000016 78.500000000000014 0.64583333333333337 0.5634920634920636 167.50000000000003
decision_type=2 2 2 2 2 2 2 2 2 2 2 2 2 2
left_child=3 2 8 11 -4 9 7 -3 -2 -5 -7 12 -1 -8
right_child=1 6 4 5 -6 10 13 -9 -10 -11 -12 -13 -14 -15
leaf_value=-0.015147770903576491 0.0057710068504075269 -0.024786452222754603 -0.0023560154830670329 -0.006088653054030467 -0.029480186013527011 -0.023581866226967368 0.04891341267065577 0.012914024441917627 0.025540423069505758 0.04232679142736967 0.02010221663386098 -0.026471167390753322 0.020186154369396563 0.02055706009681706
leaf_weight=340.65506350086071 606.37362952355761 32.067781041841954 650.79451506538317 15.838717469247056 59.889791981724557 45.649191510281526 32.804130767239258 251.62745577224996 93.507913413457572 29.330452920403332 15.863465848495251 200.4501444316702 20.882052433036733 71.111971388105303
leaf_count=1764 2091 75 2112 54 175 214 51 858 128 89 93 1305 142 130
internal_value=-0.000595295 0.00454204 0.00183006 -0.0144042 -0.00468702 0.00385565 0.0143683 0.00856286 0.00845211 0.0254773 -0.0120949 -0.01788 -0.0130431 0.0299371
internal_weight=2466.85 1798.18 1410.57 668.669 710.684 106.682 387.611 283.695 699.882 45.1692 61.5127 561.987 361.537 103.916
internal_count=9281 5620 4506 3661 2287 450 1114 933 2219 143 307 3211 1906 181
is_linear=0
shrinkage=0.05


Tree=97
num_leaves=11
num_cat=0
split_feature=21 5 21 17 7 13 2 2 2 2
split_gain=7.98021 7.31806 8.13974 6.77308 13.4666 11.821 2.98161 1.93886 3.96518 0.0598616
threshold=565.00000000000011 -3.3666666666666658 358.50000000000006 1.0000000180025095e-35 1.8944444444444446 3.4142857142857146 129.50000000000003 9.5000000000000018 44.500000000000007 -77.499999999999986
decision_type=2 2 2 2 2 2 2 2 2 2
left_child=1 2 6 4 -3 -5 -1 9 -9 -2
right_child=7 3 -4 5 -6 -7 -8 8 -10 -11
leaf_value=-0.032549392658813611 -0.0135058639994384 0.0022595010502669374 0.033589478678247756 0.0054046371159975105 -0.010986187441854048 -0.036180662292853036 0.0061493239328578274 0.028330486701855968 -0.032203148394591742 -0.033953745631209502
leaf_weight=32.3529798364616 3.1563475591829073 832.50088852376211 5.5333961735013864 1101.6468650945462 248.20708007054054 16.343112687347457 5.2662995107239103 4.171077252365647 4.6472608181647956 17.967851285589862
leaf_count=182 27 4160 7 3328 1324 36 45 26 14 132
internal_value=0.00127782 0.00162728 -0.0185183 0.00203318 -0.000785369 0.00476047 -0.0269836 -0.0239323 -0.00309222 -0.031873
internal_weight=2271.79 2241.85 43.1527 2198.7 1080.71 1117.99 37.6193 29.9425 8.81834 21.1242
internal_count=9281 9082 234 8848 5484 3364 227 199 40 159
is_linear=0
shrinkage=0.05


Tree=98
num_leaves=15
num_cat=0
split_feature=2 2 10 10 5 5 8 8 5 19 13 1 25 14
split_gain=51.6029 23.1616 17.4688 14.6724 13.3603 11.5979 11.3694 10.4898 14.4343 10.7834 10.009 8.37108 13.94 9.4601
threshold=-30.499999999999996 51.500000000000007 0.77500000000000013 2.9000000000000004 1.2250000000000003 0.55000000000000016 -0.94999999999999984 0.68333333333333346 0.90000000000000013 0.14835164835164832 0.78888888888888908 124.50000000000001 1.0000000180025095e-35 2.4722222222222228
decision_type=2 2 2 2 2 2 2 2 2 2 2 2 2 2
left_child=7 3 6 4 -2 -4 -3 8 9 -1 -10 12 -9 -13
right_child=1 2 5 -5 -6 -7 -8 11 10 -11 -12 13 -14 -15
leaf_value=-0.010687781537898457 -0.0028342969842378115 -0.011508472858078255 -0.023001361688993267 -0.022590478861819006 0.01068667722018193 0.0002052971332941354 0.038345016076422878 0.016492959824133853 0.010999654185546947 0.011248533878675668 -0.036840400605516674 0.028695151512718356 -0.015163030506548852 -0.027082966845459147
leaf_weight=64.838705325499177 1350.861306399107 21.426859104190953 303.28449476748938 81.963797417702153 210.18366692657582 64.873299230355769 22.432548530516215 167.48525575140957 15.729173983330837 373.27985106979031 31.377456478425302 137.47475053096423 42.821736426325515 7.1878042890457428
leaf_count=242 3795 83 1382 268 647 227 54 617 53 1191 102 454 157 9
internal_value=-0.000493791 -0.00476352 -0.0153505 -0.00209787 -0.00100492 -0.0189091 0.0141648 0.00993682 0.00512653 0.00797377 -0.0208658 0.0164653 0.0099824 0.0257225
internal_weight=2895.22 2055.03 412.017 1643.01 1561.04 368.158 43.8594 840.195 485.225 438.119 47.1066 354.97 210.307 144.663
internal_count=9281 6456 1746 4710 4442 1609 137 2825 1588 1433 155 1237 774 463
is_linear=0
shrinkage=0.05


Tree=99
num_leaves=13
num_cat=0
split_feature=15 1 0 1 19 14 14 21 4 20 21 14
split_gain=35.3398 24.2623 28.0505 25.5776 16.3392 12.3985 8.90931 11.5097 5.2694 4.00003 6.23818 0.790052
threshold=1.5000000000000002 181.50000000000003 150.50000000000003 59.500000000000007 0.23611111111111113 0.21111111111111114 -0.3166666666666666 199.50000000000003 2.5500000000000003 30.500000000000004 69.500000000000014 -0.94999999999999984
decision_type=2 2 2 2 2 2 2 2 2 2 2 2
left_child=1 2 3 -1 -2 -4 8 -8 -6 11 -11 -3
right_child=4 9 5 -5 6 -7 7 -9 -10 10 -12 -13
leaf_value=0.0066716494728716455 0.029104245288480764 -0.037869272719933927 0.0089106571261147113 -0.0061019554632592002 -0.02839711790845937 0.028838171922945344 -0.012981114987639847 0.023355063677287607 0.0090388337376518246 0.0098822048750511413 -0.028152467773083997 -0.01261751746078732
leaf_weight=834.08828680211445 21.045050852000713 35.549357422220055 204.62372960074572 737.30284583434695 126.21143882011529 127.73337028478272 288.18417650402989 22.571898774360307 9.4837075212271866 17.484770769719034 24.985860599728767 5.4858072529896154
leaf_count=3033 18 132 567 3589 506 347 758 56 55 81 113 26
internal_value=-0.000599942 0.00230915 0.00347343 0.000674975 -0.0129552 0.0166478 -0.0150097 -0.0102593 -0.0256972 -0.0239017 -0.0125118 -0.0349929
internal_weight=2454.75 1987.25 1903.75 1571.39 467.496 332.357 446.451 310.756 135.695 83.5058 42.4706 41.0352
internal_count=9281 7888 7536 6622 1393 914 1375 814 561 352 194 158
is_linear=0
shrinkage=0.05


Tree=100
num_leaves=14
num_cat=0
split_feature=1 2 11 11 8 1 14 11 11 0 1 1 8
split_gain=7.36003 6.39377 9.6572 6.58226 12.4444 11.8875 6.11642 8.3443 5.46729 5.33623 9.62941 6.19361 2.73148
threshold=151.50000000000003 -122.49999999999999 -1.0000000180025095e-35 -0.36666666666666664 -0.94999999999999984 61.500000000000007 -4.3166666666666655 -4.7749999999999995 -1.0999999999999999 194.50000000000003 183.50000000000003 201.50000000000003 0.58571428571428574
decision_type=2 2 2 2 2 2 2 2 2 2 2 2 2
left_child=1 2 8 5 -5 -3 7 -2 -1 11 -11 -8 -4
right_child=6 3 12 4 -6 -7 9 -9 -10 10 -12 -13 -14
leaf_value=0.038864322759169304 -0.028421952809422037 -0.0069878719851468084 0.10552138252134352 -0.012708144659130852 0.0018228400235798855 0.0098886604763799985 -0.0082373337662292757 0.059746194948158138 -0.032051880152698456 -0.013999572648240194 0.049726015935808165 -0.036165134990673649 0.03254834311932514
leaf_weight=3.6614362985128546 3.3393028596765362 131.62491151608992 2.913673667353577 166.27841242175782 1234.9312354167923 486.50499706319533 180.39039938346832 6.5181822328595427 5.4979835458798343 12.762731840193739 9.4518831560853851 21.686253709369339 4.3559312863508239
leaf_count=35 42 492 9 860 4749 1993 865 27 22 37 30 80 40
internal_value=0.00128344 0.00225176 0.0324283 0.00198784 8.70816e-05 0.0062814 -0.00708792 0.0295512 -0.00217621 -0.0088444 0.0138731 -0.0114224 0.0716241
internal_weight=2269.92 2035.77 16.429 2019.34 1401.21 618.13 234.149 9.85749 9.15942 224.291 22.2146 202.077 7.2696
internal_count=9281 8200 106 8094 5609 2485 1081 69 57 1012 67 945 49
is_linear=0
shrinkage=0.05


Tree=101
num_leaves=14
num_cat=0
split_feature=2 2 2 6 10 10 25 8 5 8 10 5 10
split_gain=46.7887 17.2123 12.7909 13.7246 13.7636 11.6825 10.2948 7.25233 11.085 6.7831 4.82018 4.90809 1.1811
threshold=10.500000000000002 -52.499999999999993 103.50000000000001 0.78888888888888908 2.2250000000000005 3.9000000000000004 1.0000000180025095e-35 0.68333333333333346 0.90000000000000013 2.5357142857142865 0.55000000000000016 0.36666666666666675 1.7750000000000001
decision_type=2 2 2 2 2 2 2 2 2 2 2 2 2
left_child=1 7 3 4 -2 6 -3 8 -1 -9 -4 -12 -5
right_child=2 5 10 12 -6 -7 -8 9 -10 -11 11 -13 -14
leaf_value=0.010158467922889939 -0.005395581668469024 0.0043299336949413087 0.022556336497524008 0.05283281415821009 -0.022517971720662146 -0.042878583062888137 -0.0061752024929599362 0.021234714063155122 -0.023545262718791787 -0.01560635779853317 -0.03494688122908772 -0.0052124468495188571 0.019041221783647765
leaf_weight=241.95102459890768 819.46903423406184 1012.0677701597451 3.9558874336071304 7.6752426091115904 136.60992120753508 13.715728663955813 301.71841203013901 208.80463480541948 26.095411910559051 12.428915809723547 70.266228107560892 18.229323432664387 7.0444420763524249
leaf_count=864 2747 2746 11 26 509 35 930 785 92 37 406 68 25
internal_value=-0.000498531 0.00437444 -0.008826 -0.00710959 -0.00786832 0.00141225 0.00191071 0.0123819 0.00678337 0.0190816 -0.0265269 -0.0290044 0.0392192
internal_weight=2880.03 1816.78 1063.25 970.799 956.079 1327.5 1313.79 489.28 268.046 221.234 92.4514 88.4956 14.7197
internal_count=9281 5489 3792 3307 3256 3711 3676 1778 956 822 485 474 51
is_linear=0
shrinkage=0.05


Tree=102
num_leaves=14
num_cat=0
split_feature=5 14 13 0 1 6 11 1 0 4 4 5 1
split_gain=28.4211 21.5924 20.6212 16.2604 22.6158 14.8264 13.9699 8.35036 8.05565 9.94186 5.07418 3.50324 4.23196
threshold=-0.44999999999999996 -0.4142857142857142 0.41428571428571431 25.500000000000004 28.500000000000004 0.76388888888888895 2.291666666666667 4.5000000000000009 180.50000000000003 1.5500000000000003 1.1000000000000003 -2.8999999999999995 98.500000000000014
decision_type=2 2 2 2 2 2 2 2 2 2 2 2 2
left_child=2 8 11 10 -5 6 -3 -7 9 -2 -4 -1 -13
right_child=1 5 3 4 -6 7 -8 -9 -10 -11 -12 12 -14
leaf_value=0.0057011214633151154 -0.026159981967056923 -0.0019114034949535277 -0.038562759156885479 0.027938892057368055 0.0059640155913355383 0.031167037974118891 0.017964979090297106 -0.024075128858544983 0.021489040642792025 -0.0071183423741943697 0 0.0079298297347025395 -0.032079777418938707
leaf_weight=9.3944735375698638 171.51927215151954 1024.065552963526 22.047712817904539 140.76833324076142 684.79391319293063 6.45128239551559 95.73890406312421 93.641838687588461 12.234579450450836 116.79444228461944 13.708766666240988 7.0888557303114785 44.883658777864184
leaf_count=27 897 3950 56 484 2127 24 256 399 24 806 27 23 181
internal_value=-0.000619148 -0.004821 0.00629717 0.00830336 0.00974631 -0.00185329 -0.000193077 -0.0201921 -0.016804 -0.0185149 -0.0242351 -0.0214622 -0.0264816
internal_weight=2443.13 1520.45 922.686 861.319 825.562 1219.9 1119.8 100.093 300.548 288.314 35.7565 61.367 51.9725
internal_count=9281 6356 2925 2694 2611 4629 4206 423 1727 1703 83 231 204
is_linear=0
shrinkage=0.05


Tree=103
num_leaves=13
num_cat=0
split_feature=14 14 8 3 1 17 9 13 0 1 11 2
split_gain=7.14703 8.32891 7.93684 9.6318 7.35198 6.46314 6.34629 5.97972 3.74745 2.71043 1.43947 0.638157
threshold=-1.8285714285714281 -1.6833333333333331 -0.64583333333333315 0.45000000000000007 113.50000000000001 7.5000000000000009 0.36666666666666675 3.8166666666666669 105.50000000000001 121.50000000000001 -0.89999999999999991 -43.499999999999993
decision_type=2 2 2 2 2 2 2 2 2 2 2 2
left_child=2 4 3 6 -2 7 -1 -3 -6 11 -11 -4
right_child=1 5 9 -5 8 -7 -8 -9 -10 10 -12 -13
leaf_value=-0.010701255161050371 0.061612861272538268 0.0015428978758060641 0.016591744092411112 0.057610403567607951 -0.010848936051226429 0.034759885345617719 0.036583142787365387 -0.02830568607852085 0.024623604207037672 -0.032061392471169098 0.0025150462389285783 -0.0098350757768575769
leaf_weight=60.818272083357442 9.1478423241060209 2075.1686606032308 3.3547949589556083 5.6767551221419117 10.98195309971925 13.548599772155283 7.002159195020794 15.903095980640499 18.748959774035029 41.280024139763555 2.8042663428932419 3.6797399431234217
leaf_count=254 26 8305 23 8 64 17 17 78 52 409 10 18
internal_value=0.00128606 0.00196648 -0.0103004 0.000212915 0.024613 0.00153426 -0.00528606 0.00130008 0.0114315 -0.0252262 -0.029744 0.0026421
internal_weight=2268.12 2143.5 124.616 73.4972 38.8788 2104.62 67.8204 2091.07 29.7309 51.1188 44.0843 7.03453
internal_count=9281 8542 739 279 142 8400 271 8383 116 460 419 41
is_linear=0
shrinkage=0.05


Tree=104
num_leaves=13
num_cat=0
split_feature=1 0 1 11 15 0 20 20 25 7 7 21
split_gain=29.2155 27.4028 21.7581 19.0486 18.6948 14.6808 10.4762 19.7542 11.4353 9.49117 12.4389 6.02885
threshold=16.500000000000004 58.500000000000007 151.50000000000003 -4.0999999999999988 3.5000000000000004 87.500000000000014 191.50000000000003 335.50000000000006 1.0000000180025095e-35 1.1339285714285716 1.4365079365079367 125.50000000000001
decision_type=2 2 2 2 2 2 2 2 2 2 2 2
left_child=4 6 3 -3 9 -4 8 -8 -2 11 -11 -1
right_child=1 2 5 -5 -6 -7 7 -9 -10 10 -12 -13
leaf_value=-0.036548355325651614 0.012164774720866259 0.058606078445655463 0.033662281943134885 -0.0061524065368520394 0.029966470246177091 0.0042940814423053295 -0.033344082290242189 0.024606395857955779 -0.0036401503261806628 0.010706174652203726 -0.018150636108026807 0.0086337207990922118
leaf_weight=74.032304017280694 720.93547675083391 10.452095713117158 48.98464542790316 1268.6229868462542 21.135157518088818 293.79228549171239 38.1251406254014 22.575871595181525 134.98877218179405 46.084342699614353 180.2883367879549 7.6172018156503318
leaf_count=331 2295 29 161 4191 22 742 155 67 535 205 504 44
internal_value=-0.000488012 0.00132944 -0.00257363 -0.00557395 -0.014481 0.00859121 0.00823614 -0.0116607 0.00966499 -0.0176341 -0.0122328 -0.0322193
internal_weight=2867.63 2538.48 1621.85 1279.08 329.157 342.777 916.625 60.701 855.924 308.022 226.373 81.6495
internal_count=9281 8175 5123 4220 1106 903 3052 222 2830 1084 709 375
is_linear=0
shrinkage=0.05


Tree=105
num_leaves=15
num_cat=0
split_feature=2 25 11 2 2 1 16 17 3 6 6 14 4 17
split_gain=56.9786 17.5572 15.7848 14.2641 13.0902 11.8256 11.2249 11.7997 11.1698 10.0674 8.98991 10.634 5.80971 4.09022
threshold=-16.499999999999996 1.0000000180025095e-35 0.90000000000000013 116.50000000000001 37.500000000000007 170.50000000000003 1.0000000180025095e-35 2.5000000000000004 0.22500000000000003 0.15476190476190474 0.58571428571428574 0.35416666666666669 2.5500000000000003 2.5000000000000004
decision_type=2 2 2 2 2 2 2 2 2 2 2 2 2 2
left_child=2 3 10 8 5 -3 7 -4 -2 -6 11 -1 -8 -12
right_child=1 4 6 -5 9 -7 12 -9 -10 -11 13 -13 -14 -15
leaf_value=-0.015275568200783657 0.0049218135969050468 0.0026103548643368855 -0.017491366675900438 0.022787076974285121 0.0032487885096081984 0.049934465860341934 0.033530628773579672 0.054258694762742532 -0.0042411823784092436 0.031798116932980028 -0.028591254749059703 0.012725388018350504 -0.0045960292177199919 0.0074297767337202824
leaf_weight=343.56360844627488 642.44684442493599 212.97090577101335 53.749726729700342 72.684724787948653 42.624299997230992 13.112650751485488 32.911286035436206 5.400022964924573 687.34420126129407 117.63445473345928 151.70844236586709 36.65753756207414 13.545901963720096 7.6933861561119548
leaf_count=1947 2016 765 310 280 71 40 93 8 2210 238 1062 185 39 17
internal_value=-0.000612716 0.00398025 -0.0133403 0.00137273 0.013405 0.00558494 0.00426635 -0.0100647 0.000182247 0.024303 -0.0167968 -0.0125366 0.0224458 -0.0267861
internal_weight=2434.05 1788.82 645.23 1402.48 386.342 226.084 105.607 59.1497 1329.79 160.259 539.623 380.221 46.4572 159.402
internal_count=9281 5620 3661 4506 1114 805 450 318 4226 309 3211 2132 132 1079
is_linear=0
shrinkage=0.05


Tree=106
num_leaves=10
num_cat=0
split_feature=21 5 21 17 16 2 2 2 2
split_gain=7.39958 6.7519 7.34631 6.11932 5.79822 2.96512 1.90776 3.77698 0.080457
threshold=565.00000000000011 -3.3666666666666658 358.50000000000006 7.5000000000000009 3.5000000000000004 129.50000000000003 9.5000000000000018 44.500000000000007 -77.499999999999986
decision_type=2 2 2 2 2 2 2 2 2
left_child=1 2 5 4 -3 -1 8 -8 -2
right_child=6 3 -4 -5 -6 -7 7 -9 -10
leaf_value=-0.032023890293761244 -0.01263526585600183 0.0013614371679492457 0.03103929473925722 0.034375543473944371 0.017949018769632227 0.0069062346737185296 0.027649318647160994 -0.0317170561089423 -0.033488189419659059
leaf_weight=31.226323346490972 3.0350908924592686 2129.0925311769824 5.6162859103642395 13.513057626783846 53.098609711974859 5.1539817508310071 4.2061985932523367 4.495882039424032 17.419610422104601
leaf_count=182 27 8760 7 16 72 45 26 14 132
internal_value=0.00127546 0.00160841 -0.0180048 0.00199385 0.00177538 -0.0263377 -0.0233178 -0.00261442 -0.0313602
internal_weight=2266.86 2237.7 41.9966 2195.7 2182.19 36.3803 29.1568 8.70208 20.4547
internal_count=9281 9082 234 8848 8832 227 199 40 159
is_linear=0
shrinkage=0.05


Tree=107
num_leaves=15
num_cat=0
split_feature=1 5 25 0 11 3 11 13 1 6 1 19 16 0
split_gain=27.0337 28.5116 24.7073 21.6036 19.6081 18.9492 14.1207 10.7107 9.53149 7.66134 12.6891 6.8994 4.35402 3.38763
threshold=16.500000000000004 -0.44999999999999996 1.0000000180025095e-35 17.500000000000004 -3.8999999999999995 0.77500000000000013 -1.8999999999999997 1.9500000000000002 121.50000000000001 0.61250000000000016 10.500000000000002 0.89444444444444449 1.0000000180025095e-35 18.500000000000004
decision_type=2 2 2 2 2 2 2 2 2 2 2 2 2 2
left_child=5 3 6 -2 -5 9 -3 12 -4 11 -11 -1 -7 -9
right_child=1 2 8 4 -6 7 -8 13 -10 10 -12 -13 -14 -15
leaf_value=-0.024854455348003623 0.053972930423461088 0.027482768381895763 -0.012453926362795294 0.031281573625217163 -0.0090939959060278575 0.0089461629289794668 0.0067317527501755186 -0.015222638502903086 0.0039401955407732557 0.035587927346930351 -0.03707267822367398 0.015819034105252896 0.048846076603592012 0.01750264768536643
leaf_weight=223.20156658405904 13.532780518988146 87.11857285205042 237.25407364370767 30.276397912530228 771.21154201548779 13.084933481877671 1250.5272278982447 31.670353362336755 139.98619286704343 14.104911614907907 8.966068478417581 10.132983802119268 15.718082539737223 9.4019032374490035
leaf_count=842 31 405 850 78 2512 67 4014 66 285 31 22 20 25 33
internal_value=-0.000488441 0.00125856 0.00491876 -0.00643334 -0.00752549 -0.014012 0.00810649 0.00892202 -0.00636285 -0.0202918 0.00677511 -0.0230068 0.0317961 -0.00737465
internal_weight=2856.19 2529.91 1714.89 815.021 801.488 326.281 1337.65 69.8753 377.24 256.406 23.071 233.335 28.803 41.0723
internal_count=9281 8175 5554 2621 2590 1106 4419 191 1135 915 53 862 92 99
is_linear=0
shrinkage=0.05


Tree=108
num_leaves=15
num_cat=0
split_feature=2 25 5 8 11 1 2 5 16 17 6 8 8 5
split_gain=52.7557 16.0942 19.3925 15.3419 15.0236 13.186 12.3275 12.6968 10.4375 11.0662 9.49853 8.91939 10.0141 7.51313
threshold=-16.499999999999996 1.0000000180025095e-35 -0.29166666666666657 1.7750000000000001 0.90000000000000013 28.500000000000004 37.500000000000007 -2.8999999999999995 1.0000000180025095e-35 2.5000000000000004 0.15476190476190474 0.64583333333333337 0.5634920634920636 0.55000000000000016
decision_type=2 2 2 2 2 2 2 2 2 2 2 2 2 2
left_child=4 2 5 -4 11 -2 7 -3 9 -6 -8 12 -1 -10
right_child=1 6 3 -5 8 -7 10 -9 13 -11 -12 -13 -14 -15
leaf_value=-0.013697671768142751 0.01909836335441964 0.050477987188152267 -0.0022865259939089206 -0.028822412985928275 -0.017059077983689358 0.0032106474693121036 0.0029647043447722093 0.0021356484874873855 -0.01474199686408474 0.052010679573177489 0.030746121507685211 -0.025226823920461688 0.021630361414428621 0.032080457205005762
leaf_weight=325.1607132863719 174.17895404761657 13.541619227849877 647.59152295219246 58.574307430011686 53.117970327322837 519.84099811606575 42.493177787051536 213.05232177383732 10.287080417969262 5.4943854622542849 116.95148564991541 185.7985700374411 20.389702714979649 36.564454045263119
leaf_count=1764 555 39 2112 175 310 1664 71 766 33 8 238 1305 142 99
internal_value=-0.000610389 0.00379328 0.00129374 -0.00453231 -0.0129568 0.00722694 0.0128196 0.00525573 0.00421049 -0.00973666 0.023438 -0.0163752 -0.0115423 0.021602
internal_weight=2423.04 1786.22 1400.19 706.166 636.813 694.02 386.039 226.594 105.464 58.6124 159.445 531.349 345.55 46.8515
internal_count=9281 5620 4506 2287 3661 2219 1114 805 450 318 309 3211 1906 132
is_linear=0
shrinkage=0.05


Tree=109
num_leaves=11
num_cat=0
split_feature=21 5 8 6 14 21 2 2 2 2
split_gain=7.01863 6.31581 7.38702 18.2782 9.86035 6.97107 2.93773 1.88055 3.57492 0.0796328
threshold=565.00000000000011 -3.3666666666666658 -1.7071428571428569 0.2678571428571429 -1.8285714285714281 358.50000000000006 129.50000000000003 9.5000000000000018 44.500000000000007 -77.499999999999986
decision_type=2 2 2 2 2 2 2 2 2 2
left_child=1 5 3 -3 -4 6 -1 9 -9 -2
right_child=7 2 4 -5 -6 -7 -8 8 -10 -11
leaf_value=-0.031645668358642569 -0.012368364758513831 0.0077241242253344227 -0.015673921963881187 0.075945470829948666 0.0019691382145795512 0.02993098861464882 0.0072402693476975285 0.026691132354207739 -0.031264721302078628 -0.033119921434164222
leaf_weight=30.445713460503612 3.0015290034934905 105.91267178423004 81.419333777972497 9.8998365834122506 1998.7767751087085 5.6667994451709083 5.1169149057241148 4.2610473240492848 4.3611395140178502 17.02496361813974
leaf_count=182 27 520 573 29 7726 7 45 26 14 132
internal_value=0.0012681 0.00158978 0.0019593 0.0141988 0.00126898 -0.0175538 -0.0258688 -0.0228904 -0.00230626 -0.0309837
internal_weight=2265.89 2237.24 2196.01 115.813 2080.2 41.2294 35.5626 28.6487 8.62219 20.0265
internal_count=9281 9082 8848 549 8299 234 227 199 40 159
is_linear=0
shrinkage=0.05


Tree=110
num_leaves=15
num_cat=0
split_feature=8 10 8 14 14 0 14 11 4 20 8 7 8 13
split_gain=25.1484 24.2798 22.0462 19.3988 15.6039 12.9443 15.5558 11.2943 10.1014 8.34606 6.78714 17.4292 6.74701 4.16941
threshold=0.68333333333333346 0.70833333333333337 -1.3666666666666665 -0.56349206349206338 1.0000000180025095e-35 182.50000000000003 -2.2249999999999996 3.4500000000000006 1.5500000000000003 182.50000000000003 1.5277777777777779 2.683333333333334 2.6333333333333337 0.41428571428571431
decision_type=2 2 2 2 2 2 2 2 2 2 2 2 2 2
left_child=1 5 8 -4 10 6 -1 9 -3 -6 11 -2 -12 -7
right_child=4 2 3 -5 7 13 -8 -9 -10 -11 12 -13 -14 -15
leaf_value=0.029505594659150661 0.014223319842606455 -0.025179190051543145 0.0085099566770157394 -0.0073309716070176743 0.0048868815936644527 8.6287646177038346e-05 0.0043158452473202463 -0.035808724402298812 0.028584656637704292 -0.017803007714345866 0.036458495560108613 -0.061861121885589357 -0.0064023268925722122 -0.033197153909922388
leaf_weight=72.306625680415891 220.73730745213106 181.53617494093487 235.15135076432489 1060.2406262573786 509.44807379145641 14.317177115008233 382.08726994832978 18.307942779618315 8.2848154450766724 42.974570028716698 57.2116053426289 6.7951206492725751 10.351021649083121 24.850175054743886
leaf_count=272 790 878 680 3507 1536 29 1043 40 26 136 217 17 53 57
internal_value=-0.000488487 -0.00359967 -0.0067931 -0.00444718 0.00661204 0.00599414 0.0083912 0.00176696 -0.0226689 0.00308375 0.0159282 0.0116685 0.0298214 -0.021207
internal_weight=2844.6 1978.77 1485.21 1295.39 865.826 493.561 454.394 570.731 189.821 552.423 295.095 227.532 67.5626 39.1674
internal_count=9281 6492 5091 4187 2789 1401 1315 1712 904 1672 1077 807 270 86
is_linear=0
shrinkage=0.05


Tree=111
num_leaves=15
num_cat=0
split_feature=2 15 20 11 19 25 13 4 2 20 0 18 19 4
split_gain=48.6801 15.3107 15.7591 14.1168 12.6051 11.5088 13.5453 11.2493 9.18989 9.12988 8.94552 8.81282 6.50764 7.97101
threshold=-16.499999999999996 1.0000000180025095e-35 198.50000000000003 0.90000000000000013 0.48333333333333339 1.0000000180025095e-35 1.788888888888889 0.77500000000000013 -2.4999999999999996 78.500000000000014 151.50000000000003 2.5000000000000004 0.20714285714285713 1.1000000000000003
decision_type=2 2 2 2 2 2 2 2 2 2 2 2 2 2
left_child=3 5 7 12 11 6 -2 -3 -4 -6 -7 -5 13 -1
right_child=1 2 8 4 9 10 -8 -9 -10 -11 -12 -13 -14 -15
leaf_value=0.010936129972876232 -8.3262559687103104e-05 0.0089415684503285596 0.06248813665392966 -0.0049323632014753663 -0.022618944602126656 0.0099431233689053662 0.013380888988082002 -0.0080437377493388345 0.01156526713858369 0.020676263920363421 0.029625261050761287 0.039761696088929925 -0.018405382092249546 -0.019162093533743471
leaf_weight=45.532961471937597 580.66670739895198 120.76518923533149 11.445173399522899 16.812094812863506 43.966507613367867 193.1201727243606 273.87169466761407 485.61448763887165 34.294988606590778 15.70867067214567 83.345035231090151 29.063368742354214 436.74273306428222 40.632045940845273
leaf_count=201 2258 224 27 94 214 722 1022 1131 81 93 155 49 2720 290
internal_value=-0.000609658 0.00360622 -0.00248738 -0.012566 0.00404402 0.00712321 0.00423663 -0.0046436 0.0254786 -0.0109867 0.01598 0.0235201 -0.0159297 -0.00325666
internal_weight=2411.58 1783.12 652.12 628.458 105.551 1131 854.538 606.38 45.7402 59.6752 276.465 45.8755 522.908 86.165
internal_count=9281 5620 1463 3661 450 4157 3280 1355 108 307 877 143 3211 491
is_linear=0
shrinkage=0.05


Tree=112
num_leaves=12
num_cat=0
split_feature=5 17 19 1 12 7 1 13 1 2 12
split_gain=6.44251 6.05456 13.884 24.1381 12.6749 12.2969 12.9691 7.82299 5.6795 2.99804 3.69106
threshold=-3.3666666666666658 1.0000000180025095e-35 0.4494949494949495 135.50000000000003 0.38750000000000007 1.8944444444444446 11.500000000000002 2.7888888888888892 183.50000000000003 129.50000000000003 0.38750000000000007
decision_type=2 2 2 2 2 2 2 2 2 2 2
left_child=8 5 4 -4 -3 6 -2 -7 9 -1 -11
right_child=1 2 3 -5 -6 7 -8 -9 -10 10 -12
leaf_value=-0.032216813023554024 -0.0334709141476573 -0.0081365946227568847 0.007916213895130279 0.050800783126310749 0.0050741124939192965 -0.012890838056345763 0.0029663227491377323 0.025196073729538766 0.019390121047676859 0.046939283521915023 -0.025386649951343928
leaf_weight=29.765300552389817 24.158892049686983 256.64699954912066 222.72515894868411 37.711387931369245 613.18039410997881 235.82759535260266 818.29554267623462 13.302162718668113 7.5091426135040811 2.1741008562967172 2.950451634125784
leaf_count=186 229 759 567 87 1982 1279 4047 76 24 9 36
internal_value=0.00127177 0.00164579 0.00421005 0.0143156 0.00116562 -0.00100619 0.00187705 -0.0107446 -0.0177992 -0.0262598 0.00713543
internal_weight=2264.25 2221.85 1130.26 260.437 869.827 1091.58 842.454 249.13 42.399 34.8899 5.12455
internal_count=9281 9026 3395 654 2741 5631 4276 1355 255 231 45
is_linear=0
shrinkage=0.05


Tree=113
num_leaves=14
num_cat=0
split_feature=2 2 10 10 5 5 8 1 8 17 24 9 8
split_gain=34.778 17.4707 15.8333 12.549 10.8357 10.1579 9.96599 9.74124 11.9445 13.9995 7.90493 5.55217 1.07933
threshold=-30.499999999999996 51.500000000000007 0.77500000000000013 2.9000000000000004 1.2250000000000003 0.55000000000000016 -0.94999999999999984 201.50000000000003 0.68333333333333346 3.5000000000000004 2.5000000000000004 0.63333333333333341 -1.9499999999999997
decision_type=2 2 2 2 2 2 2 2 2 2 2 2 2
left_child=7 3 6 4 -2 -4 -3 8 9 -1 -10 -5 -9
right_child=1 2 5 11 -6 -7 -8 12 10 -11 -12 -13 -14
leaf_value=0.0028052083516678689 -0.0023767264760791405 -0.0098282711850868985 -0.021064286220296786 -0.0015881335106446453 0.0098483521359077689 0.00089386492296355939 0.037383016670296886 0.011930163276069406 0.017865121669384552 -0.067511986625742579 -0.0016809805275988087 -0.029963909808981753 0.038727089214661226
leaf_weight=438.57698418956716 1338.8044518633396 20.635270321159624 284.36104922549566 25.870149236056022 208.55492852581665 63.96215711988043 22.261563266860321 6.3263426925986996 271.87714296660852 6.1912662573158732 63.061117512988858 53.83896254649153 27.146285247872584
leaf_count=1496 3795 83 1382 89 647 227 54 8 997 10 222 179 92
internal_value=-0.00049604 -0.00401495 -0.0134896 -0.00172686 -0.00072049 -0.0170268 0.0148519 0.00822587 0.00705759 0.00166591 0.0141761 -0.0209501 0.0343005
internal_weight=2831.47 2018.29 391.22 1627.07 1547.36 348.323 42.8968 813.179 779.707 444.768 334.938 79.7091 33.4726
internal_count=9281 6456 1746 4710 4442 1609 137 2825 2725 1506 1219 268 100
is_linear=0
shrinkage=0.05


Tree=114
num_leaves=15
num_cat=0
split_feature=2 2 8 14 18 13 14 0 8 13 10 0 8 3
split_gain=45.1677 13.2079 12.5121 14.4092 11.9563 11.8662 11.4235 9.97073 9.86526 17.0203 7.39402 5.25763 5.58429 4.7094
threshold=2.5000000000000004 -81.499999999999986 -0.94999999999999984 -0.89444444444444426 1.0000000180025095e-35 0.86607142857142871 1.1055555555555558 79.500000000000014 1.6125000000000003 2.0500000000000003 1.1000000000000003 98.500000000000014 2.5357142857142865 0.45000000000000007
decision_type=2 2 2 2 2 2 2 2 2 2 2 2 2 2
left_child=1 11 3 10 5 -4 -6 -5 9 -3 -2 12 -1 -10
right_child=2 8 4 7 6 -7 -8 -9 13 -11 -12 -13 -14 -15
leaf_value=-0.029619513772398187 0.005714861747235768 -0.007601691103951997 -0.02419507714065772 0.044583007304173673 -0.0048248489670768245 0.016229488018472332 0.0077808163139446501 0.014787323794091487 0.0075328967245695813 0.016074009000995617 -0.02238515596314538 0.030193412027178141 0.03580853811995495 -0.026037683962162179
leaf_weight=99.988118416047655 70.283976051025093 683.05716328858398 19.018533112946898 31.054647638229653 547.23694757261546 196.10510761791375 266.28728830080945 268.30148695793469 11.211995367193593 84.329318928532302 33.794234884670004 3.2110135416733092 2.4907024374115272 84.03319504664978
leaf_count=859 164 3335 108 65 1451 925 554 986 39 307 59 18 18 393
internal_value=-0.000616555 -0.00895426 0.00501992 0.0124738 0.00208238 0.0125371 -0.000688067 0.0180331 -0.00688428 -0.00497589 -0.00348784 -0.0255795 -0.0276503 -0.0219967
internal_weight=2400.4 968.322 1432.08 403.434 1028.65 215.124 813.524 299.356 862.632 767.386 104.078 105.69 102.479 95.2452
internal_count=9281 4969 4312 1274 3038 1033 2005 1051 4074 3642 223 895 877 432
is_linear=0
shrinkage=0.05


Tree=115
num_leaves=9
num_cat=0
split_feature=21 14 12 14 16 2 11 14
split_gain=6.5703 5.75533 6.65846 11.8411 6.85552 4.71972 0.506816 0.593601
threshold=928.50000000000011 2.9500000000000006 0.76388888888888895 1.1833333333333336 3.5000000000000004 -5.4999999999999991 -1.7749999999999997 -2.3874999999999997
decision_type=2 2 2 2 2 2 2 2
left_child=1 2 4 -4 -1 -3 7 -2
right_child=6 5 3 -5 -6 -7 -8 -9
leaf_value=0.00066005850929344969 -0.023759029009447791 0.011508059339285552 0.070038378142909072 0.0087415314357253606 0.019700892733613057 -0.039635582310583874 -0.035314862888042677 0.0081640537613257222
leaf_weight=2063.5518488986127 1.9871844740118834 5.7247354084393036 7.5822122970130286 108.94413898780476 47.415474966168404 14.000194750988156 11.733916671597397 1.7980145087931294
leaf_count=8596 32 31 45 370 65 70 55 17
internal_value=0.00126947 0.00150188 0.00174724 0.0133346 0.00109924 -0.0247119 -0.0301364 -0.0090131
internal_weight=2262.74 2247.22 2227.49 116.526 2110.97 19.7249 15.5191 3.7852
internal_count=9281 9177 9076 415 8661 101 104 49
is_linear=0
shrinkage=0.05


Tree=116
num_leaves=14
num_cat=0
split_feature=2 2 3 1 15 1 8 10 8 13 14 8 8
split_gain=31.6301 16.5906 12.8378 19.6429 13.4791 9.3924 11.7572 13.4659 7.85004 7.36854 12.6936 4.31722 0.769218
threshold=-30.499999999999996 83.500000000000014 0.77500000000000013 16.500000000000004 3.5000000000000004 201.50000000000003 -1.2678571428571426 0.55000000000000016 0.68333333333333346 1.0500000000000003 -0.11805555555555554 -1.0000000180025095e-35 -1.8166666666666664
decision_type=2 2 2 2 2 2 2 2 2 2 2 2 2
left_child=5 2 3 -2 -4 6 7 -1 -8 10 -3 -11 -7
right_child=1 9 4 -5 -6 12 8 -9 -10 11 -12 -13 -14
leaf_value=0.018129057516126975 -0.017735572895581288 -0.027017784649588178 0.0043775644525035906 -0.001865432911350978 0.043705847790592556 0.015044694322985908 0.0033120433839785128 -0.051785342786875778 0.013648740588929174 -0.030246881754064828 0.045639335595434538 -0.0094399151133601963 0.038185172535186857
leaf_weight=10.471645545098001 225.1953026970732 12.089329084614294 188.5488199070096 1423.6849960599793 23.756137760356069 7.2340335603803387 416.51613733603153 16.703154720598832 331.18732410058146 90.882514816592447 10.101613659411667 36.940807578270324 25.368953250930645
leaf_count=26 685 65 616 4313 31 9 1425 55 1219 564 29 153 91
internal_value=-0.000492304 -0.00384997 -0.00255217 -0.00404536 0.00898596 0.00785888 0.00671881 -0.0249795 0.00790937 -0.0197948 0.00638291 -0.0243925 0.0338
internal_weight=2818.68 2011.2 1861.19 1648.88 212.305 807.481 774.878 27.1748 747.703 150.014 22.1909 127.823 32.603
internal_count=9281 6456 5645 4998 647 2825 2725 81 2644 811 94 717 100
is_linear=0
shrinkage=0.05


Tree=117
num_leaves=13
num_cat=0
split_feature=15 1 5 19 1 11 21 20 14 19 10 14
split_gain=26.957 19.1424 23.7378 14.7386 14.3088 10.2994 13.8776 4.0569 6.22539 3.12898 2.4134 0.809583
threshold=1.5000000000000002 181.50000000000003 -3.7749999999999995 0.23611111111111113 59.500000000000007 -0.22499999999999998 4.5000000000000009 30.500000000000004 -1.6333333333333331 0.37980769230769235 1.1000000000000003 -0.94999999999999984
decision_type=2 2 2 2 2 2 2 2 2 2 2 2
left_child=1 2 10 -2 -4 9 -7 11 -9 -5 -1 -3
right_child=3 7 4 5 -6 6 -8 8 -10 -11 -12 -13
leaf_value=0.051592738682655986 0.028251223827513685 -0.037207052717389867 0.0067227407817588057 -0.0024762056079734134 -0.0021426670012807854 -0.019790873700927809 0.0022821330738091229 0.0031276965901311186 -0.037695705603615431 -0.027262758881797355 0.02530052459448652 -0.011459937334039869
leaf_weight=21.039902683347464 20.992853291332722 31.934378850768553 863.31468619900988 14.875829264521597 959.48134764505085 133.95656964357477 149.61219024349703 26.936733256152365 13.036559221684 126.68880158715183 22.709601515904069 5.2621964071877292
leaf_count=62 18 132 3175 26 4191 318 431 138 56 600 108 26
internal_value=-0.000617225 0.00192606 0.00294212 -0.0116887 0.00205482 -0.0137343 -0.00816039 -0.0223091 -0.0106591 -0.0247289 0.038927 -0.0340909
internal_weight=2389.84 1943.72 1866.55 446.126 1822.8 425.133 283.569 77.1699 39.9733 141.565 43.7495 37.1966
internal_count=9281 7888 7536 1393 7366 1375 749 352 194 626 170 158
is_linear=0
shrinkage=0.05


Tree=118
num_leaves=10
num_cat=0
split_feature=21 0 5 8 21 2 2 21 2
split_gain=6.32963 5.68721 5.69308 6.68016 6.48143 1.86826 3.38192 0.0947401 0.00374547
threshold=565.00000000000011 1.5000000000000002 -3.3666666666666658 -1.7071428571428569 358.50000000000006 9.5000000000000018 44.500000000000007 722.50000000000011 -48.499999999999993
decision_type=2 2 2 2 2 2 2 2 2
left_child=1 -1 4 -4 -3 7 -7 8 -2
right_child=5 2 3 -5 -6 6 -8 -9 -10
leaf_value=-0.032035651957186884 -0.0068805587151618067 -0.02509505734409704 0.013719464376655128 0.0014435411573150941 0.028867071727882387 0.026278915503735165 -0.030644978037927262 -0.034689595176810674 -0.021358541961943402
leaf_weight=11.507555743213741 2.7138933544047177 34.055390682042344 116.28571187582565 2066.370946202107 5.667912325821816 4.2808093414641899 4.1411293288692832 12.685834012459962 3.8497187164612177
leaf_count=72 20 227 549 8227 7 26 14 110 29
internal_value=0.00126752 0.00156854 0.00175912 0.00210584 -0.0167529 -0.0220662 -0.0014621 -0.0303165 -0.0177345
internal_weight=2261.56 2233.89 2222.38 2182.66 39.7233 27.6714 8.42194 19.2494 6.56361
internal_count=9281 9082 9010 8776 234 199 40 159 49
is_linear=0
shrinkage=0.05


Tree=119
num_leaves=14
num_cat=0
split_feature=2 2 25 3 2 1 20 8 13 14 0 8 8
split_gain=28.7235 15.5839 17.2068 11.1834 10.2401 9.1664 12.9328 11.7073 6.99696 11.8449 6.01693 5.46087 4.24453
threshold=-30.499999999999996 83.500000000000014 1.0000000180025095e-35 0.77500000000000013 45.500000000000007 192.50000000000003 6.5000000000000009 0.23611111111111113 1.0500000000000003 -0.11805555555555554 97.500000000000014 -1.0499999999999998 -1.0000000180025095e-35
decision_type=2 2 2 2 2 2 2 2 2 2 2 2 2
left_child=5 2 3 -2 -4 6 7 -1 9 -3 -8 -7 -10
right_child=1 8 4 -5 -6 11 10 -9 12 -11 -12 -13 -14
leaf_value=-0.011609320168860023 -0.0014842258524626036 -0.026581396304735196 -0.0082445243329542697 0.012474814773184333 -0.030743414999568341 0.0043308012312705379 0.01503099892775784 0.0067373148972479802 -0.029808940316906701 0.043626703664704086 -0.0015483475898571844 0.038329389709504537 -0.0090496419836167425
leaf_weight=147.53799944650382 1303.4647268144181 11.877418975695038 334.27117483649636 160.21365980058908 59.253505563479848 18.315144926775247 327.19102882605512 208.58626602229197 88.311514728644397 10.24420198984444 64.821442330488935 35.832446631742641 36.650650997995399
leaf_count=346 4001 65 1064 408 172 34 1442 656 564 29 202 145 153
internal_value=-0.000494077 -0.00369589 -0.00244675 4.77854e-05 -0.0117142 0.00749319 0.00602527 -0.000860699 -0.0193118 0.0061954 0.0122798 0.0272073 -0.0238802
internal_weight=2806.57 2004.29 1857.2 1463.68 393.525 802.284 748.137 356.124 147.084 22.1216 392.012 54.1476 124.962
internal_count=9281 6456 5645 4409 1236 2825 2646 1002 811 94 1644 179 717
is_linear=0
shrinkage=0.05


Tree=120
num_leaves=15
num_cat=0
split_feature=2 2 8 14 18 10 14 0 15 8 21 2 14 14
split_gain=39.071 12.3793 11.4887 13.5026 11.056 11.0257 10.3993 9.44262 8.50943 8.40026 7.03625 4.35765 2.49763 3.35865
threshold=2.5000000000000004 -93.499999999999986 -0.94999999999999984 -0.89444444444444426 1.0000000180025095e-35 2.5500000000000003 1.1055555555555558 79.500000000000014 3.5000000000000004 1.6125000000000003 118.00000000000001 -6.4999999999999991 0.76388888888888895 1.1833333333333336
decision_type=2 2 2 2 2 2 2 2 2 2 2 2 2 2
left_child=1 12 3 10 5 -4 -6 -5 9 -3 -2 -10 -1 -14
right_child=2 8 4 7 6 -7 -8 -9 11 -11 -12 -13 13 -15
leaf_value=-0.031594423098345106 -0.012847060682322898 -0.0036165076959621964 0.0080528369623216675 0.043073471516636819 -0.0048116798623914058 0.046133017439909996 0.0072196584734224543 0.014032259138518683 -0.028833930463226687 -0.020014992265798639 0.014439205631049374 0.0073462079054123167 0.036754958140120933 -0.026080674124157356
leaf_weight=63.333455658750609 69.202777293859981 730.1245015411987 194.58488036959898 30.970565158873796 546.26470268389676 20.273383826599456 266.22138528130017 265.30287739622872 57.954568087123334 86.820787539763842 34.539792473893613 9.0287859681993705 2.6681751171709029 4.0590789620764554
leaf_count=619 160 3664 927 65 1451 106 554 986 201 419 63 16 21 29
internal_value=-0.000617115 -0.00844802 0.00461549 0.0117955 0.00180621 0.0118662 -0.000859284 0.0172195 -0.00681758 -0.00538771 -0.00366358 -0.0238473 -0.0285629 0
internal_weight=2381.35 953.989 1427.36 400.016 1027.34 214.858 812.486 296.273 883.929 816.945 103.743 66.9834 70.0607 6.72725
internal_count=9281 4969 4312 1274 3038 1033 2005 1051 4300 4083 223 217 669 50
is_linear=0
shrinkage=0.05


Tree=121
num_leaves=8
num_cat=0
split_feature=21 0 14 12 2 4 14
split_gain=6.06283 5.393 5.46364 6.45572 4.59034 0.466429 0.534141
threshold=928.50000000000011 1.5000000000000002 2.9500000000000006 0.76388888888888895 -5.4999999999999991 0.90000000000000013 -1.8285714285714281
decision_type=2 2 2 2 2 2 2
left_child=1 -1 3 -3 -4 6 -2
right_child=5 2 4 -5 -6 -7 -8
leaf_value=-0.031645333650362893 -0.024408301208370363 0.001255342147174989 0.011454002081953995 0.013327542426504892 -0.039150615110576492 -0.035229830393683499 0.0047901824216136056
leaf_weight=11.211358301516155 2.0458158983383328 2099.334622204944 5.7249124108348068 116.07813752500806 13.633444060600594 10.6408056843793 2.2154512864071867
leaf_count=72 22 8594 31 410 70 59 23
internal_value=0.00125588 0.00147517 0.00165765 0.00189586 -0.024112 -0.0294958 -0.0102524
internal_weight=2260.88 2245.98 2234.77 2215.41 19.3584 14.9021 4.26127
internal_count=9281 9177 9105 9004 101 104 45
is_linear=0
shrinkage=0.05


Tree=122
num_leaves=14
num_cat=0
split_feature=2 2 25 15 2 1 8 11 13 4 2 8 8
split_gain=26.3543 14.6895 16.1758 12.3535 9.89826 8.81392 10.7232 7.52482 6.73502 11.3481 5.47007 4.16828 1.09237
threshold=-30.499999999999996 83.500000000000014 1.0000000180025095e-35 3.5000000000000004 45.500000000000007 201.50000000000003 -1.2678571428571426 -1.0999999999999999 1.0500000000000003 0.77500000000000013 -62.499999999999993 -1.0000000180025095e-35 -1.9499999999999997
decision_type=2 2 2 2 2 2 2 2 2 2 2 2 2
left_child=5 2 3 -2 -4 6 10 -8 9 -3 -1 -10 -7
right_child=1 8 4 -5 -6 12 7 -9 11 -11 -12 -13 -14
leaf_value=0.009483091828159651 -0.0011733039233706522 -0.031355651249349602 -0.0079722586993419119 0.017061911826076224 -0.030278281831764925 0.010620003179567088 0.016110299459970469 0.0043551631138057456 -0.029410357309441162 0.037632541868938996 -0.037969461941040131 -0.0087216039077849198 0.037647041399581041
leaf_weight=7.9594812933355596 1363.3019813377759 9.9580630373675394 333.66068367724074 98.659750470891595 58.087404610472731 6.1698637977242496 180.44439623825019 558.99906476004981 86.04344124783529 12.047572343260979 19.327645366778597 36.399480599910021 24.882972416467965
leaf_count=24 4289 64 1064 120 172 8 835 1809 564 30 57 153 92
internal_value=-0.000488198 -0.00355708 -0.00235208 6.46941e-05 -0.0113611 0.00718681 0.00609608 0.00724837 -0.018864 0.00619049 -0.0241052 -0.023421 0.0329319
internal_weight=2795.94 1998.16 1853.71 1461.96 391.748 797.783 766.731 739.443 144.449 22.0056 27.2871 122.443 31.0528
internal_count=9281 6456 5645 4409 1236 2825 2725 2644 811 94 81 717 100
is_linear=0
shrinkage=0.05


Tree=123
num_leaves=15
num_cat=0
split_feature=2 2 2 10 5 19 14 5 8 2 11 14 14 0
split_gain=35.9393 11.8615 11.0664 10.7501 10.1642 9.17917 10.5582 8.96375 5.37413 7.21005 3.73838 2.47018 3.17178 0.716135
threshold=2.5000000000000004 -93.499999999999986 122.50000000000001 4.4500000000000011 -3.7749999999999995 0.20714285714285713 1.7750000000000001 -2.0999999999999996 -0.4142857142857142 135.50000000000003 -1.2249999999999999 0.76388888888888895 1.1833333333333336 92.500000000000014
decision_type=2 2 2 2 2 2 2 2 2 2 2 2 2 2
left_child=1 11 3 4 -2 6 -3 -7 10 -10 -4 13 -13 -1
right_child=2 5 8 -5 -6 7 -8 -9 9 -11 -12 12 -14 -15
leaf_value=-0.032331230914705016 0.030273043109150233 -0.00053112276356134282 -0.0083835998817990368 0.047273346039235074 0.0022681561450946272 0.017076562919381939 0.041559833444293703 -0.010568809678135305 0.031315492512655599 -0.027693871361653029 0.037957533220725731 0.035311130524051597 -0.02561949799919723 -0.00030059876132561546
leaf_weight=58.944552361848764 32.269612799747847 182.27397752355319 4.2916214279830447 12.85343648935668 1314.722717172408 29.691690196050331 15.203460556222124 651.67475731711602 9.2636315533891338 9.429152063559739 41.806695960578509 2.733840014494489 3.987829988473095 2.1419406806817269
leaf_count=608 104 846 6 40 3903 93 42 3319 26 33 200 21 29 11
internal_value=-0.000616866 -0.00816521 0.00439761 0.00342165 0.00296473 -0.00658391 0.00287726 -0.00933353 0.0244419 0.00140087 0.0334507 -0.0281938 0 -0.0313116
internal_weight=2371.29 946.652 1424.64 1359.85 1346.99 878.844 197.477 681.366 64.7911 18.6928 46.0983 67.8082 6.72167 61.0865
internal_count=9281 4969 4312 4047 4007 4300 888 3412 265 59 206 669 50 619
is_linear=0
shrinkage=0.05


Tree=124
num_leaves=8
num_cat=0
split_feature=21 2 17 0 2 13 2
split_gain=5.82796 5.35517 5.46761 5.21739 1.82066 3.86283 0.0933825
threshold=565.00000000000011 146.50000000000003 7.5000000000000009 1.5000000000000002 9.5000000000000018 1.4722222222222225 -77.499999999999986
decision_type=2 2 2 2 2 2 2
left_child=1 2 3 -1 6 -6 -2
right_child=4 -3 -4 -5 5 -7 -8
leaf_value=-0.031358969792594706 -0.011128260512127799 -0.031276048750277466 0.032025556657179613 0.0016965538713988465 0.029686289211211393 -0.031444747101216773 -0.031976361163655452
leaf_weight=10.990555839031002 2.8440025616437223 11.351703541004097 13.804579488933085 2196.875025809044 4.0652290717698616 4.2633170940680429 15.754829616984354
leaf_count=72 27 96 16 8898 26 14 132
internal_value=0.00125255 0.00153786 0.00172177 0.00151562 -0.0214367 -0.00108654 -0.029774
internal_weight=2259.95 2233.02 2221.67 2207.87 26.9274 8.32855 18.5988
internal_count=9281 9082 8986 8970 199 40 159
is_linear=0
shrinkage=0.05


Tree=125
num_leaves=15
num_cat=0
split_feature=2 25 7 5 1 5 21 21 20 1 7 2 10 19
split_gain=24.0326 13.0489 16.6568 12.2989 11.5939 12.0227 12.4251 11.3673 15.7707 11.2222 2.30477 1.81725 1.04065 1.56779
threshold=10.500000000000002 1.0000000180025095e-35 0.5277777777777779 3.1000000000000005 4.5000000000000009 0.22500000000000003 85.500000000000014 359.50000000000006 195.00000000000003 149.50000000000003 0.84523809523809534 -1.0000000180025095e-35 1.5500000000000003 0.31009615384615391
decision_type=2 2 2 2 2 2 2 2 2 2 2 2 2 2
left_child=1 7 11 -4 12 9 -7 8 -1 -6 -9 -3 13 -2
right_child=4 2 3 -5 5 6 -8 10 -10 -11 -12 -13 -14 -15
leaf_value=0.0056462360579365798 0.017825192145211163 0.021812246627757707 -0.0092061262140092012 0.033977510966705947 -0.010835119714610521 -0.0015965770025459819 0.025829335257213145 0.0070763677719429931 -0.018224022466362743 0.009983510678988167 0.030733866863974498 0.057922259586112891 -0.032714402971249334 -0.02816130144646066
leaf_weight=1235.6440800356795 2.4891611324856049 9.8748678745469096 361.43517222692026 16.262026562239043 639.72411906177877 206.2469678921625 50.524341728072613 14.529314974322913 72.248304199194536 70.974115092307329 50.036895326338708 8.1944748598616552 43.554947344877291 2.9052175610559061
leaf_count=3873 20 24 1089 35 2547 712 170 44 244 150 160 20 170 23
internal_value=-0.000489495 0.00302993 -0.00495337 -0.00724881 -0.00661398 -0.00538872 0.00385983 0.00533759 0.0043109 -0.00873793 0.0256756 0.0406291 -0.0301379 -0.00669041
internal_weight=2784.64 1768.23 395.767 377.697 1016.42 967.47 256.771 1372.46 1307.89 710.698 64.5662 18.0693 48.9493 5.39438
internal_count=9281 5489 1168 1124 3792 3579 882 4321 4117 2697 204 44 213 43
is_linear=0
shrinkage=0.05


Tree=126
num_leaves=15
num_cat=0
split_feature=2 11 2 5 19 1 5 20 6 7 11 8 2 17
split_gain=33.6147 13.2553 11.7726 11.6117 11.0812 10.5916 9.00829 8.97978 8.60513 21.1231 8.40162 5.18591 6.81581 4.135
threshold=-16.499999999999996 0.90000000000000013 122.50000000000001 -3.7749999999999995 0.48333333333333339 181.50000000000003 0.55000000000000016 78.500000000000014 0.58571428571428574 2.6125000000000003 4.3000000000000016 -0.4142857142857142 135.50000000000003 2.5000000000000004
decision_type=2 2 2 2 2 2 2 2 2 2 2 2 2 2
left_child=1 8 3 5 6 -2 -3 -6 9 -1 -5 -4 -13 -10
right_child=2 4 11 10 7 -7 -8 -9 13 -11 -12 12 -14 -15
leaf_value=-0.011382213022443403 0.038421887401019782 -0.0066168941449703967 0.032872800038870185 0.0011102053755271044 -0.021211703293673154 -0.029928837055472637 0.039236405250889735 0.022441056136746015 -0.026785680374304378 0.10036769631231091 0.047088472987728856 0.030471064915638377 -0.026906668400739794 0.010374357060941898
leaf_weight=349.02057588729076 35.105715524987318 15.739881853689438 44.851277987356298 1654.00177666737 41.606966053601354 5.8722360321553415 29.910331492661498 15.275920398999004 132.80421753280098 3.2804091717698602 9.0032634723465872 9.2261307430453616 9.4652289662044478 7.2256520874798289
leaf_count=2111 121 54 206 5193 214 14 89 93 1062 21 27 26 33 17
internal_value=-0.000610263 -0.0108826 0.00284829 0.00204987 0.00539467 0.0280283 0.0235164 -0.00921719 -0.0142868 -0.0100464 0.00139028 0.023818 0.00127044 -0.0247728
internal_weight=2362.39 594.864 1767.53 1703.98 102.533 40.978 45.6502 56.8829 492.331 352.301 1663.01 63.5426 18.6914 140.03
internal_count=9281 3661 5620 5355 450 135 143 307 3211 2132 5220 265 59 1079
is_linear=0
shrinkage=0.05


Tree=127
num_leaves=8
num_cat=0
split_feature=21 16 16 13 17 11 14
split_gain=5.55524 5.27437 8.70438 12.5963 9.73807 0.565636 0.57804
threshold=928.50000000000011 5.5000000000000009 3.5000000000000004 1.4722222222222225 7.5000000000000009 -1.7749999999999997 -2.3874999999999997
decision_type=2 2 2 2 2 2 2
left_child=1 2 4 -4 -1 6 -2
right_child=5 -3 3 -5 -6 -7 -8
leaf_value=0.00086068580210863811 -0.022335902129841535 -0.038074134209581778 0.050377362648674831 0 0.045585561556392422 -0.034363500537014049 0.0097896466168882514
leaf_weight=2177.1843907180883 1.8059311185497793 7.4048651158809653 21.144015844911337 28.396787155419588 11.245309479534624 10.747863837401381 1.7110590476077039
leaf_count=9088 32 8 30 37 14 55 17
internal_value=0.00123442 0.00144028 0.00159021 0.0221105 0.00111351 -0.0288133 -0.00689235
internal_weight=2259.64 2245.38 2237.97 49.5408 2188.43 14.2649 3.51699
internal_count=9281 9177 9169 67 9102 104 49
is_linear=0
shrinkage=0.05


Tree=128
num_leaves=15
num_cat=0
split_feature=13 5 8 14 25 15 5 16 10 12 8 10 13 20
split_gain=19.2063 16.9391 14.876 14.3355 12.3705 12.1885 11.985 11.8967 11.556 10.5828 7.74498 5.87733 5.3378 1.86551
threshold=0.78888888888888908 -0.89999999999999991 -0.94999999999999984 -1.1833333333333331 1.0000000180025095e-35 3.5000000000000004 -0.63333333333333319 3.5000000000000004 1.0000000180025095e-35 0.10555555555555557 -1.3666666666666665 0.77500000000000013 1.1180555555555558 33.500000000000007
decision_type=2 2 2 2 2 2 2 2 2 2 2 2 2 2
left_child=2 3 8 12 5 -3 -6 9 13 -4 -5 -10 -2 -1
right_child=1 4 7 10 6 -7 -8 -9 11 -11 -12 -13 -14 -15
leaf_value=0.05124856685132493 0.0027929014512795627 0.00030928825980502955 0.0079694950000569146 -0.025160640484220106 0.023565766732935662 0.016674458516560124 -0.010467917796824952 -0.041904753778871276 -0.0030511613395696317 0.026007888962142778 -0.0095824427379342658 -0.026844134888959398 0.039643117414688539 0.011179948594660087
leaf_weight=8.1840265512000752 33.104732099920511 1357.1408704505302 194.38303623057436 125.87699521682225 26.743209035252221 123.26640882715583 378.86805964872474 8.2422918081283552 98.132282496197149 141.91581208829302 225.82018712069839 34.755936451023445 13.290823013405314 5.8081141402944914
leaf_count=23 91 4507 762 783 39 197 1267 5 226 481 747 89 35 29
internal_value=-0.000483803 -0.00241543 0.00847084 -0.0117742 -0.000432166 0.00168565 -0.00815924 0.0141423 -0.00480472 0.0156509 -0.0152278 -0.0094654 0.0140685 0.0368048
internal_weight=2775.53 2284.11 491.421 398.093 1886.02 1480.41 405.611 344.541 146.88 336.299 351.697 132.888 46.3956 13.9921
internal_count=9281 7666 1615 1656 6010 4704 1306 1248 367 1243 1530 315 126 52
is_linear=0
shrinkage=0.05


Tree=129
num_leaves=15
num_cat=0
split_feature=2 25 7 11 5 2 5 6 6 7 2 4 4 11
split_gain=31.2698 12.8702 15.3475 12.4198 10.9761 10.0308 10.3027 9.72913 8.40967 19.2492 4.80879 4.85829 4.1876 0.359086
threshold=-16.499999999999996 1.0000000180025095e-35 3.0500000000000003 0.90000000000000013 -0.29166666666666657 37.500000000000007 -2.8999999999999995 0.15476190476190474 0.58571428571428574 2.6125000000000003 -81.499999999999986 0.70833333333333337 1.1000000000000003 1.7083333333333337
decision_type=2 2 2 2 2 2 2 2 2 2 2 2 2 2
left_child=3 2 4 8 -2 6 -3 -7 9 -1 13 -12 -10 -5
right_child=1 5 -4 10 -6 7 -8 -9 12 -11 11 -13 -14 -15
leaf_value=-0.011038878697261084 0.0056467885450089796 0.045252661150443928 -0.03920605074314118 -0.033619077846083048 -0.0033248394486603467 -0.00039175930100192595 0.001322401224391808 0.028056155244357464 -0.00056162361235241143 0.093080133683409991 -0.033166328488489293 0.01170225009223947 -0.027637322366512375 -0.0071113708062977236
leaf_weight=345.44710895288154 683.44110662676394 13.265159346745348 22.938280102564022 6.375124008394776 677.71934594679624 40.185236066929065 213.65001989004668 113.99762153625488 16.662137705599889 3.4964167455327688 5.4660734876524648 87.84010075032711 120.32675959030166 2.9788586192298681
leaf_count=2111 2219 39 73 40 2214 71 766 238 104 21 29 360 975 21
internal_value=-0.000603286 0.00272302 0.00047631 -0.0105751 0.001177 0.0108471 0.00409973 0.0206547 -0.0139114 -0.00971831 0.0051508 0.00869692 -0.0244082 -0.0271625
internal_weight=2353.79 1765.2 1384.1 588.593 1361.16 381.098 226.915 154.183 485.932 348.944 102.66 93.3062 136.989 9.35398
internal_count=9281 5620 4506 3661 4433 1114 805 309 3211 2132 450 389 1079 61
is_linear=0
shrinkage=0.05


Tree=130
num_leaves=9
num_cat=0
split_feature=15 1 2 14 4 0 14 7
split_gain=5.65121 5.15085 8.63839 6.2006 8.26044 5.44319 3.08854 1.29649
threshold=10.500000000000002 151.50000000000003 -136.49999999999997 -0.52777777777777768 1.9000000000000001 1.5000000000000002 0.95000000000000007 1.8944444444444446
decision_type=2 2 2 2 2 2 2 2
left_child=1 2 7 4 -3 -4 -5 -1
right_child=-2 3 5 6 -6 -7 -8 -9
leaf_value=0.086438848622709452 0.051129170828506133 0.0033203207180685112 -0.0324945254294427 -0.025226712756849307 -0.026647411661063922 0.0019108188159988597 0.0096166870967705174 0.019767647172170309
leaf_weight=2.3278746673604465 4.6616094112396231 145.50645248708315 10.549688610306474 46.958767998905387 26.257759062486002 2014.2729168745282 6.5729434390086672 2.2210069061256945
leaf_count=25 5 669 66 203 159 8084 50 20
internal_value=0.00121637 0.00108834 0.00188727 -0.00606249 -0.00135966 0.00171314 -0.0207588 0.0642164
internal_weight=2259.33 2254.67 2029.37 225.296 171.764 2024.82 53.5317 4.54888
internal_count=9281 9276 8195 1081 828 8150 253 45
is_linear=0
shrinkage=0.05


Tree=131
num_leaves=15
num_cat=0
split_feature=2 10 5 2 1 1 8 5 1 13 10 11 20 6
split_gain=21.0205 13.6521 16.7094 12.1 9.41486 8.47084 10.1245 13.5378 7.81503 4.99509 7.20908 4.83211 0.784406 1.27744
threshold=-30.499999999999996 2.9000000000000004 0.22500000000000003 65.500000000000014 8.5000000000000018 201.50000000000003 0.68333333333333346 0.90000000000000013 124.50000000000001 3.6125000000000003 4.4500000000000011 1.9000000000000001 32.500000000000007 0.23611111111111113
decision_type=2 2 2 2 2 2 2 2 2 2 2 2 2 2
left_child=5 2 3 -2 -4 6 7 -1 -8 11 -11 -3 -7 -14
right_child=1 9 4 -5 -6 12 8 -9 -10 10 -12 -13 13 -15
leaf_value=0.0033801331376410618 -0.0037164280698863544 0.013726062274755244 -0.012412776996062941 -0.018039018233560623 0.0061441205024992786 0.039056734843106712 0.0057971321637273789 -0.025566928895480224 0.021873753305430621 0.03199979594955827 -0.030580374715797016 -0.028909443972496632 0 0.03221541524961833
leaf_weight=392.09211900865193 1028.7510925261304 6.4915559272048986 76.026847401983105 171.71414608182386 600.3522237460129 18.564184788381684 195.94172554940451 44.010378257953562 124.42362617043545 9.2541531365714054 7.3289392214501268 80.609599885996431 5.2264537978917343 5.942335210274905
leaf_count=1355 2942 41 241 997 1880 54 774 151 445 37 35 283 14 32
internal_value=-0.000478297 -0.00322577 -0.00224136 -0.0057826 0.00403565 0.00643185 0.00537067 0.00039562 0.0121052 -0.0208057 0.00389173 -0.0255554 0.0322146 0.0181561
internal_weight=2766.73 1980.53 1876.84 1200.47 676.379 786.201 756.468 436.102 320.365 103.684 16.5831 87.1012 29.733 11.1688
internal_count=9281 6456 6060 3939 2121 2825 2725 1506 1219 396 72 324 100 46
is_linear=0
shrinkage=0.05


Tree=132
num_leaves=15
num_cat=0
split_feature=2 2 2 10 5 19 12 5 8 2 1 12 7 0
split_gain=28.7882 11.0292 9.68326 9.67514 8.90828 8.3526 11.5969 8.07727 4.97793 6.45698 3.36182 1.5514 1.80453 0.984549
threshold=2.5000000000000004 -93.499999999999986 122.50000000000001 4.4500000000000011 -3.7749999999999995 0.20714285714285713 0.73214285714285732 -2.0999999999999996 -0.4142857142857142 135.50000000000003 71.500000000000014 0.31666666666666671 1.5857142857142861 89.500000000000014
decision_type=2 2 2 2 2 2 2 2 2 2 2 2 2 2
left_child=1 11 3 4 -2 6 -3 -7 10 -10 -4 13 -13 -1
right_child=2 5 8 -5 -6 7 -8 -9 9 -11 -12 12 -14 -15
leaf_value=-0.033579060581498538 0.0284695091008241 0.00014855749161229735 0.036765006614993975 0.045040544449723767 0.0019007857899892341 0.016499223483969785 0.053550650457545958 -0.0098117677060254507 0.029582521340483343 -0.026310754981491255 -0.006849515577414915 0.0056155470825231032 -0.025990634468642276 0.0012839914809463441
leaf_weight=45.17825366568286 31.373455194756389 186.30475143197691 38.989513488602825 12.5508780303644 1312.3741567699471 29.547373201930895 9.7655518690589798 637.34660780485137 9.1775505030527729 9.4826901878695917 4.4340421240776768 7.0542256406624828 9.4381918226426915 1.7546299546957005
leaf_count=503 104 855 197 40 3903 93 33 3319 26 33 9 64 89 13
internal_value=-0.000601688 -0.00745439 0.0038726 0.00297535 0.00254553 -0.00594929 0.00309193 -0.00861559 0.023037 0.00103102 0.032145 -0.027445 -0.0126378 -0.0321718
internal_weight=2344.77 926.39 1418.38 1356.3 1343.75 862.964 196.07 666.894 62.0838 18.6602 43.4236 63.4253 16.4924 46.9329
internal_count=9281 4969 4312 4047 4007 4300 888 3412 265 59 206 669 153 516
is_linear=0
shrinkage=0.05


Tree=133
num_leaves=8
num_cat=0
split_feature=21 16 16 13 17 9 14
split_gain=5.28572 5.11941 7.78746 11.1949 8.96423 0.279063 0.498824
threshold=928.50000000000011 5.5000000000000009 3.5000000000000004 1.4722222222222225 7.5000000000000009 1.0000000180025095e-35 -1.8285714285714281
decision_type=2 2 2 2 2 2 2
left_child=1 2 4 -4 -1 6 -2
right_child=5 -3 3 -5 -6 -7 -8
leaf_value=0.00085713247412318801 -0.024163291965191562 -0.037775498137915087 0.047004738932780767 0 0.043402017156406528 -0.033566023818363162 0.0043067838021393192
leaf_weight=2175.4209889620834 2.2030419178772718 7.2960432320833197 21.728912003338337 28.44220195710659 11.458736240863798 9.7255295639624801 2.0045915311202398
leaf_count=9088 32 8 30 37 14 62 10
internal_value=0.00121054 0.00140932 0.00155617 0.0208434 0.00110208 -0.0284246 -0.0114171
internal_weight=2258.28 2244.35 2237.05 50.1711 2186.88 13.9332 4.20763
internal_count=9281 9177 9169 67 9102 104 42
is_linear=0
shrinkage=0.05


Tree=134
num_leaves=15
num_cat=0
split_feature=2 14 4 21 25 11 8 14 8 14 9 10 4 0
split_gain=19.0783 12.1561 13.7526 13.9434 11.6953 14.1452 12.875 11.742 8.93812 7.45598 7.15909 6.95769 5.57527 2.12915
threshold=41.500000000000007 0.35416666666666669 0.77500000000000013 4.5000000000000009 1.0000000180025095e-35 -3.3666666666666658 -0.29285714285714276 2.1555555555555563 2.354166666666667 2.5500000000000003 0.63333333333333341 0.77500000000000013 0.22500000000000003 194.50000000000003
decision_type=2 2 2 2 2 2 2 2 2 2 2 2 2 2
left_child=4 2 12 -4 5 13 -7 10 11 -9 -6 -3 -2 -1
right_child=1 8 3 -5 7 6 -8 9 -10 -11 -12 -13 -14 -15
leaf_value=0.035035151675838261 0.00049932821993381796 0.038666599620840451 0.026235968255100401 -0.0057162959386944569 -0.0053249916915110631 -0.0040890113630650043 0.0053365224230828351 0.044773805178791135 0.032432588165381644 -0.0085918701908445534 -0.027517013762665896 -0.020168047706566737 -0.025868149995752428 0.0035568618721237666
leaf_weight=38.550374385144096 30.345729160355404 4.1846810206770888 61.379506442870479 74.377989063505083 431.24708640394965 511.77019561373163 1231.2057324075722 17.419506256352182 7.8141099251806727 9.5000618440099043 38.978479467798024 236.56666870415211 55.842933853040449 6.9135737959295502
leaf_count=197 178 23 141 323 1221 1481 3954 28 13 32 198 1254 228 10
internal_value=-0.000478226 -0.00963706 -0.00109473 0.0087798 0.00140842 0.00329588 0.00256539 -0.00536451 -0.0172096 0.0261285 -0.00722966 -0.018969 -0.016628 0.0305355
internal_weight=2756.1 470.512 221.946 135.757 2285.59 1788.44 1742.98 497.145 248.565 26.9196 470.226 240.751 86.1887 45.4639
internal_count=9281 2160 870 464 7121 5642 5435 1479 1290 60 1419 1277 406 207
is_linear=0
shrinkage=0.05


Tree=135
num_leaves=13
num_cat=0
split_feature=15 1 8 19 1 11 4 13 20 14 19 14
split_gain=20.4115 15.6563 14.0936 13.388 12.3315 9.42936 10.8095 5.98337 3.97657 6.25671 2.92239 0.826169
threshold=1.5000000000000002 181.50000000000003 -1.9499999999999997 0.23611111111111113 43.500000000000007 -0.22499999999999998 0.77500000000000013 0.41428571428571431 30.500000000000004 -1.6333333333333331 0.37980769230769235 -0.94999999999999984
decision_type=2 2 2 2 2 2 2 2 2 2 2 2
left_child=1 2 7 -2 -4 10 -7 -1 11 -10 -5 -3
right_child=3 8 4 5 -6 6 -8 -9 9 -11 -12 -13
leaf_value=-0.016085465903548864 0.027530945221393807 -0.036698156524247738 0.0066685930970630794 -0.0018698777800828714 -0.0021368306668809469 0.015572464051078306 -0.011438809011381919 0.020025593179726135 0.0045899266919466166 -0.037321515046373238 -0.02609595861400256 -0.010402881007021809
leaf_weight=11.604655813425778 21.02387123554945 28.947775506065227 639.68324556585867 14.599633831530808 1046.0487913992547 42.994400158524513 232.1584174616728 139.05300133256242 25.841217944282107 12.317972784163429 116.94024525480927 5.0303983440971924
leaf_count=33 18 132 2299 26 4629 71 678 575 138 56 600 26
internal_value=-0.000595221 0.0016163 0.00252096 -0.0104557 0.00120356 -0.0124944 -0.00715891 0.0171234 -0.0210646 -0.00941919 -0.0234792 -0.0333568
internal_weight=2336.24 1908.53 1836.39 427.717 1685.73 406.693 275.153 150.658 72.1374 38.1592 131.54 33.9782
internal_count=9281 7888 7536 1393 6928 1375 749 608 352 194 626 158
is_linear=0
shrinkage=0.05


Tree=136
num_leaves=8
num_cat=0
split_feature=15 21 14 11 1 10 1
split_gain=5.11433 6.40275 4.86279 5.43423 4.38229 1.68745 2.35046
threshold=10.500000000000002 562.50000000000011 2.9500000000000006 3.1000000000000005 74.500000000000014 0.90000000000000013 161.50000000000003
decision_type=2 2 2 2 2 2 2
left_child=1 2 3 -1 -4 6 -3
right_child=-2 5 4 -5 -6 -7 -8
leaf_value=0.0012885861767106474 0.048053057871356983 0.015235191896378619 -0.03530527799473291 0.021411726116033526 0.019564500461919699 -0.031998686007494469 -0.025843966561078388
leaf_weight=2172.759470339457 4.8135598301887503 5.6302407247712853 14.895244875573555 33.122741637693252 3.8845432940870515 16.632803055574186 6.2728810498374514
leaf_count=8886 5 49 42 87 57 93 62
internal_value=0.00119489 0.00107129 0.00137985 0.00160258 -0.0232875 -0.0220468 -0.00635095
internal_weight=2258.01 2253.2 2224.66 2205.88 18.7798 28.5359 11.9031
internal_count=9281 9276 9072 8973 99 204 111
is_linear=0
shrinkage=0.05


Tree=137
num_leaves=15
num_cat=0
split_feature=1 25 5 11 3 1 18 2 14 14 6 1 19 10
split_gain=19.1416 17.4244 16.7533 15.1079 14.7414 11.6164 11.4235 11.0496 12.3184 6.93839 6.48124 12.2927 6.41262 4.39409
threshold=16.500000000000004 1.0000000180025095e-35 -0.77499999999999991 -3.8999999999999995 0.77500000000000013 189.50000000000003 6.5000000000000009 45.500000000000007 2.1555555555555563 0.58571428571428574 0.61250000000000016 10.500000000000002 0.89444444444444449 0.77500000000000013
decision_type=2 2 2 2 2 2 2 2 2 2 2 2 2 2
left_child=4 2 3 -2 10 -4 9 8 -3 -6 12 -12 -1 -9
right_child=1 7 5 -5 6 -7 -8 13 -10 -11 11 -13 -14 -15
leaf_value=-0.022479440237444109 0.042064723453346664 -0.0058567007873091756 0.0054069895104163533 -0.0063147676250839531 0.041405074581213341 0.037943276781370799 0.051706289570403768 0.0078431468924389219 0.029854557016065653 -0.0080220803020769425 0.035344295570971844 -0.03650091171129774 0.016911490096037759 -0.028425082042941831
leaf_weight=209.03778199420776 15.693835442187263 442.17252115631709 1375.9069064583746 473.37718772364315 7.2301172784063956 27.086473942967132 11.371043175458906 8.8181643090210837 24.518885268247686 50.489289406803437 14.019505301839674 8.8525373575976101 10.021179591538383 68.907786332070827
leaf_count=842 50 1264 4617 1827 26 141 10 23 42 155 31 22 20 211
internal_value=-0.000474109 0.00101681 0.00328687 -0.00466945 -0.0121355 0.00606528 0.00809494 -0.00685494 -0.00391 -0.00114583 -0.017943 0.00696326 -0.0205861 -0.0241995
internal_weight=2747.5 2436.48 1892.06 489.071 311.021 1402.99 69.0904 544.417 466.691 57.7194 241.931 22.872 219.059 77.726
internal_count=9281 8175 6635 1877 1106 4758 191 1540 1306 181 915 53 862 234
is_linear=0
shrinkage=0.05


Tree=138
num_leaves=15
num_cat=0
split_feature=2 11 19 2 5 20 5 8 8 4 16 11 8 2
split_gain=25.1055 11.5933 10.0737 9.9478 9.62854 8.72652 8.4539 8.31985 11.0326 7.64741 7.47983 5.74924 4.86788 6.15363
threshold=-16.499999999999996 0.90000000000000013 0.48333333333333339 122.50000000000001 -3.7749999999999995 78.500000000000014 0.55000000000000016 0.64583333333333337 0.5634920634920636 3.1000000000000005 1.0000000180025095e-35 -3.6999999999999997 -0.4142857142857142 135.50000000000003
decision_type=2 2 2 2 2 2 2 2 2 2 2 2 2 2
left_child=1 7 6 4 11 -4 -3 8 -1 -9 -6 -2 -5 -14
right_child=3 2 5 12 10 -7 -8 9 -10 -11 -12 -13 13 -15
leaf_value=-0.010598442679579401 -0.01658433950858363 -0.0066230457641907924 -0.02065414016199639 0.031396495073079317 0.0038864925693549383 0.022553029297218932 0.037747580974446908 -0.026422124401806215 0.02834317327241322 0.0071319157156855472 -0.0029264114881361949 0.033705137977987201 0.028511489851975338 -0.026137156596536246
leaf_weight=295.1082418867154 6.0254367776215068 15.686617180472238 40.672662830271292 41.891826941515319 967.81895275344141 15.227671623462809 30.247020832961425 138.31646570179146 18.367615239461884 18.65585175176966 688.06350715225562 33.570661102770828 9.1146839293651301 9.4898117806296778
leaf_count=1764 10 54 214 206 3733 93 89 1158 142 147 1487 125 26 33
internal_value=-0.00059571 -0.00968275 0.00553565 0.00236679 0.00164607 -0.0086068 0.0226699 -0.0129923 -0.00821795 -0.0223827 0.00105247 0.0257093 0.0221292 0.000469834
internal_weight=2328.26 572.282 101.834 1755.97 1695.48 55.9003 45.9336 470.448 313.476 156.972 1655.88 39.5961 60.4963 18.6045
internal_count=9281 3661 450 5620 5355 307 143 3211 1906 1305 5220 135 265 59
is_linear=0
shrinkage=0.05


Tree=139
num_leaves=8
num_cat=0
split_feature=11 1 10 11 7 2 18
split_gain=4.93779 7.27526 5.18105 5.35329 19.9585 12.8128 2.92624
threshold=-3.8999999999999995 207.50000000000003 1.0000000180025095e-35 -0.36666666666666664 1.8944444444444446 -122.49999999999999 2.5000000000000004
decision_type=2 2 2 2 2 2 2
left_child=1 -1 6 4 -4 -5 -2
right_child=2 -3 3 5 -6 -7 -8
leaf_value=-0.035711689084190673 -0.036688865505267544 0.0264588410847467 0.0081959876055584125 0.04739473366969859 -0.016131404213684968 -0.00057431049688335106 0.0097504493976807039
leaf_weight=18.368613391125113 12.651548283261947 5.3166135819628826 655.49072018457809 13.054807314183561 95.677043345873244 1453.2163098017045 3.8304695289116344
leaf_count=143 157 12 2528 69 527 5827 18
internal_value=0.00118156 -0.0210472 0.0014288 0.00164395 0.00507341 -0.000111805 -0.0256698
internal_weight=2257.61 23.6852 2233.92 2217.44 751.168 1466.27 16.482
internal_count=9281 155 9126 8951 3055 5896 175
is_linear=0
shrinkage=0.05


Tree=140
num_leaves=14
num_cat=0
split_feature=1 0 13 18 21 6 12 1 6 5 14 11 19
split_gain=17.6619 17.7656 13.2039 12.9645 11.9644 11.419 11.8476 13.2554 11.1763 8.8189 7.66442 7.54737 6.89387
threshold=16.500000000000004 18.500000000000004 0.78888888888888908 4.5000000000000009 129.50000000000003 0.68333333333333346 0.89444444444444449 14.500000000000002 0.13392857142857142 2.5500000000000003 2.9500000000000006 -0.44999999999999996 0.61250000000000016
decision_type=2 2 2 2 2 2 2 2 2 2 2 2 2
left_child=5 4 8 -4 9 10 7 -7 -3 -2 11 -1 -6
right_child=1 2 3 -5 12 6 -8 -9 -10 -11 -12 -13 -14
leaf_value=0.023087638654196822 0.020285241016348342 -0.0058559007500527758 -0.0045392592109693604 0.0066603601749070235 0.0026428248604059902 0.026217662812162069 -0.039010309993965535 -0.031756669387314668 0.011915196020732379 -0.012996765137313513 0.039014206783705888 -0.020272757550660384 -0.047093873149914665
leaf_weight=9.5965242768870649 207.68148547667079 119.95741406141315 1411.5121545480797 315.02903380896896 16.909398537361998 48.425443185260519 11.294236694811842 11.348763110581784 327.53056871838635 21.136869757901877 5.005810154718346 222.60364436003147 10.533692079479804
leaf_count=31 744 291 5264 525 111 129 31 19 1126 69 16 880 45
internal_value=-0.000465814 0.000964061 -0.000503763 -0.00249018 0.0133895 -0.0117211 0.0057454 0.0147869 0.00713774 0.0171459 -0.0169773 -0.018368 -0.0172567
internal_weight=2738.57 2430.29 2174.03 1726.54 256.261 308.274 71.0684 59.7742 447.488 228.818 237.206 232.2 27.4431
internal_count=9281 8175 7206 5789 969 1106 179 148 1417 813 927 911 156
is_linear=0
shrinkage=0.05


Tree=141
num_leaves=13
num_cat=0
split_feature=2 2 10 2 25 19 12 17 8 14 7 14
split_gain=23.2923 10.3969 8.98343 8.54307 8.23874 7.43784 10.2089 8.64217 4.70585 2.50124 2.29113 1.09819
threshold=2.5000000000000004 -93.499999999999986 4.4500000000000011 122.50000000000001 1.0000000180025095e-35 0.20714285714285713 0.73214285714285732 1.0000000180025095e-35 -0.4142857142857142 0.35416666666666669 1.5857142857142861 -3.9499999999999997
decision_type=2 2 2 2 2 2 2 2 2 2 2 2
left_child=1 9 3 4 -2 6 -3 -7 -5 11 -11 -1
right_child=2 5 -4 8 -6 7 -8 -9 -10 10 -12 -13
leaf_value=0.0049259533157905823 0.00019116384515277464 0.00034122376729087156 0.043507932707349851 0.030851843238981675 0.0098910544023123916 -0.0040872021457216351 0.049973276231862297 -0.016570067959327632 0.00028392757652185668 0.018227531413960895 -0.025016756189540308 -0.032711235095894874
leaf_weight=1.5257580625475373 1064.929546178726 185.41700061055599 12.867127849371171 40.483081215061247 274.93713095318526 453.42015025176806 9.9892539505381119 200.43413709080778 18.581137728062458 5.0831406986690109 5.1205866093514487 48.165484357858077
leaf_count=34 3318 855 43 203 689 2754 33 658 59 37 47 551
internal_value=-0.000589404 -0.0068289 0.0034271 0.00302405 0.00219118 -0.00538342 0.00314541 -0.00794083 0.0214835 -0.0268176 -0.00332359 -0.0313826
internal_weight=2320.95 909.156 1411.8 1398.93 1339.87 849.261 195.406 653.854 59.0642 59.895 10.2037 49.6912
internal_count=9281 4969 4312 4269 4007 4300 888 3412 262 669 84 585
is_linear=0
shrinkage=0.05


Tree=142
num_leaves=8
num_cat=0
split_feature=21 16 16 17 14 11 14
split_gain=4.87025 4.89591 7.16173 8.14053 6.71557 0.607926 0.557001
threshold=928.50000000000011 5.5000000000000009 3.5000000000000004 7.5000000000000009 0.76388888888888895 -1.7749999999999997 -2.3874999999999997
decision_type=2 2 2 2 2 2 2
left_child=1 2 3 -1 -4 6 -2
right_child=5 -3 4 -5 -6 -7 -8
leaf_value=0.00081600845686665563 -0.02122450747968661 -0.037344329516970233 0.035783775786688315 0.040996135291692416 -0.000344938576071171 -0.033652016880628501 0.010828117851881184
leaf_weight=2174.4885693648248 1.6683068284764888 7.1380464583635321 28.078620120882988 11.686535738408564 22.543681535869837 10.070958142518064 1.6562623608624552
leaf_count=9088 32 8 37 14 30 55 17
internal_value=0.00115944 0.00134696 0.00148929 0.00105173 0.0199027 -0.0278164 -0.00528866
internal_weight=2257.33 2243.94 2236.8 2186.18 50.6223 13.3955 3.32457
internal_count=9281 9177 9169 9102 67 104 49
is_linear=0
shrinkage=0.05


Tree=143
num_leaves=13
num_cat=0
split_feature=1 0 15 13 18 7 5 16 7 7 1 11
split_gain=16.5747 16.4529 13.6844 12.3212 12.0217 10.7828 8.53562 10.6123 7.68824 13.2031 6.88818 2.01427
threshold=16.500000000000004 18.500000000000004 3.5000000000000004 0.78888888888888908 4.5000000000000009 1.6125000000000003 2.5500000000000003 1.0000000180025095e-35 1.1339285714285716 1.4365079365079367 39.500000000000007 1.9000000000000001
decision_type=2 2 2 2 2 2 2 2 2 2 2 2
left_child=2 6 8 5 -5 -3 7 -2 11 -10 -8 -1
right_child=1 3 -4 4 -6 -7 10 -9 9 -11 -12 -13
leaf_value=-0.032420812999126546 0.026521173429342116 0.0039481405926453045 0.027307524470391475 -0.0043767817156555189 0.0064099412268329775 0.027450778501793002 0.018094139913520265 0.0050224584498096796 0.01472330743392816 -0.015705706612602635 -0.035270472812675015 -0.0081305641442297998
leaf_weight=58.124272559944075 115.61277053819504 390.63317349844147 20.295527927577496 1409.2406446948298 314.98484992142767 55.024829443544149 8.8768652240978572 115.52816301654093 43.856445842771791 172.52941604761872 14.766673744656144 11.593258687644264
leaf_count=310 607 1167 22 5264 525 250 24 282 205 504 56 65
internal_value=-0.000455636 0.000928758 -0.0113946 -0.000482625 -0.00240077 0.00691614 0.0129233 0.0158652 -0.014243 -0.00947608 -0.0151108 -0.0286244
internal_weight=2731.07 2424.67 306.399 2169.88 1724.23 445.658 254.784 231.141 286.103 216.386 23.6435 69.7175
internal_count=9281 8175 1106 7206 5789 1417 969 889 1084 709 80 375
is_linear=0
shrinkage=0.05


Tree=144
num_leaves=15
num_cat=0
split_feature=2 11 25 8 0 6 13 19 20 6 14 20 0 2
split_gain=21.6698 10.8593 10.8405 14.2749 10.0573 15.291 9.57314 9.20292 8.26301 8.11722 10.2226 7.22145 6.82718 4.2691
threshold=-16.499999999999996 0.90000000000000013 1.0000000180025095e-35 1.9500000000000002 150.50000000000003 0.15476190476190474 1.788888888888889 0.48333333333333339 78.500000000000014 0.58571428571428574 0.35416666666666669 30.500000000000004 167.50000000000003 -24.499999999999996
decision_type=2 2 2 2 2 2 2 2 2 2 2 2 2 2
left_child=1 9 3 6 5 -4 -2 11 -9 10 -1 -3 -6 -11
right_child=2 7 4 -5 12 -7 -8 8 -10 13 -12 -13 -14 -15
leaf_value=-0.011182998751013348 -0.001743691947640862 0.035197970322710666 -0.02752077740453392 -0.026896822934383176 0.042342682942797236 0.0089795608602264276 0.0074785719742642802 -0.020055215604326378 0.022012144606760778 -0.027436088131509509 0.017334096742148492 -0.0062234586475124476 0.013746876670935524 -0.0033086156999119574
leaf_weight=299.85738513540127 924.58892095182091 31.315999682643451 31.372640867950395 46.297940675867721 31.621892364113592 250.02200173190795 403.08791312808171 39.744272462441586 15.342858695425091 103.64666843353189 34.06897882145131 14.930186304845845 64.944793096743524 23.176518838910852
leaf_count=1947 3082 76 75 144 51 858 1280 214 93 963 185 67 130 116
internal_value=-0.00057878 -0.00911369 0.0021603 9.15611e-05 0.00964737 0.00480939 0.00105598 0.00562791 -0.00806591 -0.0123718 -0.00821553 0.0218709 0.0235002 -0.0231264
internal_weight=2314.02 562.083 1751.94 1373.97 377.961 281.395 1327.68 101.333 55.0871 460.75 333.926 46.2462 96.5667 126.823
internal_count=9281 3661 5620 4506 1114 933 4362 450 307 3211 2132 143 181 1079
is_linear=0
shrinkage=0.05


Tree=145
num_leaves=8
num_cat=0
split_feature=15 21 0 7 20 21 18
split_gain=4.70313 5.88035 4.685 5.08824 1.70375 4.33437 0.282949
threshold=10.500000000000002 562.50000000000011 1.5000000000000002 3.0500000000000003 1066.5000000000002 1180.5000000000002 1.0000000180025095e-35
decision_type=2 2 2 2 2 2 2
left_child=1 2 -1 -4 6 -6 -3
right_child=-2 4 3 -5 5 -7 -8
leaf_value=-0.030620544196383867 0.045617617165958274 -0.015606270049965227 0.0011156480791780492 0.017434356151549778 0.04400798147428886 -0.028307634521921511 -0.033425155734169217
leaf_weight=10.414771614014169 4.933678686618804 7.7821138475555989 2166.0996984167141 47.911152807471808 2.4529757697600862 4.1771393790841103 13.358009200193917
leaf_count=72 5 87 8802 198 20 34 63
internal_value=0.00114034 0.00102049 0.00131253 0.00147875 -0.0214308 5.32003e-05 -0.0280927
internal_weight=2257.13 2252.2 2224.43 2214.01 27.7702 6.63012 21.1401
internal_count=9281 9276 9072 9000 204 54 150
is_linear=0
shrinkage=0.05


Tree=146
num_leaves=14
num_cat=0
split_feature=1 25 0 11 6 12 1 2 14 5 14 11 20
split_gain=15.3793 15.7046 16.1017 14.1323 10.7354 11.0182 12.4392 10.0053 11.6858 8.86176 7.53775 7.10959 4.31948
threshold=16.500000000000004 1.0000000180025095e-35 30.500000000000004 -3.8999999999999995 0.68333333333333346 0.89444444444444449 14.500000000000002 45.500000000000007 2.1555555555555563 2.5500000000000003 3.0500000000000003 -0.44999999999999996 4.5000000000000009
decision_type=2 2 2 2 2 2 2 2 2 2 2 2 2
left_child=4 2 9 -4 10 6 -6 8 -3 -2 11 -1 -9
right_child=1 7 3 -5 5 -7 -8 12 -10 -11 -12 -13 -14
leaf_value=0.022533384626705899 0.014827363291689731 -0.0057473855968368775 0.038822701672938609 0.00013588384937330338 0.025655619974538486 -0.037636008168427965 -0.030550994332436372 -0.011255372329406771 0.029094768424635715 -0.012228473613461287 0.039740802558892639 -0.019464066481772884 -0.035746548723608711
leaf_weight=9.6436208008090016 335.47354960441589 440.45598410209641 22.99188869446516 1488.6681397343054 48.374695773352869 11.106333684059789 11.327156167244537 39.030132136307657 24.430748112790752 32.305206438410096 4.9141301809577262 218.95279516308801 36.236296789720654
leaf_count=31 1203 1264 104 5234 129 31 19 112 42 94 14 882 122
internal_value=-0.000451447 0.000880634 0.00304216 0.00075288 -0.0110272 0.00591155 0.0145816 -0.00662278 -0.00384711 0.0124105 -0.0161882 -0.0175801 -0.0234261
internal_weight=2723.91 2419.59 1879.44 1511.66 304.319 70.8082 59.7019 540.153 464.887 367.779 233.511 228.596 75.2664
internal_count=9281 8175 6635 5338 1106 179 148 1540 1306 1297 927 913 234
is_linear=0
shrinkage=0.05


Tree=147
num_leaves=13
num_cat=0
split_feature=2 2 10 8 0 18 8 7 6 12 7 0
split_gain=20.1012 9.8237 8.52075 8.25103 14.1238 9.56873 7.3401 20.4117 6.69225 1.59242 1.74416 1.044
threshold=2.5000000000000004 -93.499999999999986 4.4500000000000011 -0.94999999999999984 79.500000000000014 1.0000000180025095e-35 1.6125000000000003 2.3875000000000006 0.5634920634920636 0.31666666666666671 1.5857142857142861 89.500000000000014
decision_type=2 2 2 2 2 2 2 2 2 2 2 2
left_child=1 9 3 4 -2 -5 7 -3 -8 11 -11 -1
right_child=2 6 -4 5 -6 -7 8 -9 -10 10 -12 -13
leaf_value=-0.033039953776044316 0.041000291271637658 -0.0050180897680795452 0.042506311922705133 0.0098092747585275999 0.0060873681596372679 -0.0021114051051231717 0.025640758301952522 0.038063617567605297 -0.022370226321579308 0.0067115568703318687 -0.024968026222164937 0.0034460310863964499
leaf_weight=40.029065845650621 30.71650364191737 722.04413943237159 12.642256939900106 212.04321028583217 352.88373683963437 800.7087151184096 7.0151717704720786 27.567518686701078 83.954173255246133 6.8650817985762833 8.7623204839474038 1.6121424068696786
leaf_count=503 67 3737 43 1022 1195 1985 27 103 433 64 89 13
internal_value=-0.000572762 -0.00641754 0.00315005 0.00275999 0.00899533 0.000386749 -0.00502726 -0.00337847 -0.0183749 -0.0263016 -0.0111839 -0.0314625
internal_weight=2306.84 897.85 1408.99 1396.35 383.6 1012.75 840.581 749.612 90.9693 57.2686 15.6274 41.6412
internal_count=9281 4969 4312 4269 1262 3007 4300 3840 460 669 153 516
is_linear=0
shrinkage=0.05


Tree=148
num_leaves=7
num_cat=0
split_feature=16 16 17 18 19 19
split_gain=4.66045 6.65016 7.4648 7.09702 5.96343 4.48623
threshold=5.5000000000000009 3.5000000000000004 7.5000000000000009 8.5000000000000018 0.31009615384615391 0.13392857142857142
decision_type=2 2 2 2 2 2
left_child=1 2 3 -1 5 -3
right_child=-2 4 -4 -5 -6 -7
leaf_value=0.0011702093073823929 -0.036947184927006035 0.025284373588275302 0.038770616585492697 -0.013987455062943556 0.038501842890944243 -0.012555913760989476
leaf_weight=2107.7874664528936 7.0026170015335074 12.882306981831791 11.899324998259543 79.13224121183157 21.316187389194965 16.886421486735344
leaf_count=9093 8 17 14 99 21 29
internal_value=0.00112359 0.00126066 0.000839611 0.000613312 0.0189237 0.00394638
internal_weight=2256.91 2249.9 2198.82 2186.92 51.0849 29.7687
internal_count=9281 9273 9206 9192 67 46
is_linear=0
shrinkage=0.05


Tree=149
num_leaves=15
num_cat=0
split_feature=1 0 3 5 11 25 21 6 13 15 6 1 19 21
split_gain=14.2588 14.4201 12.9865 11.9199 13.9478 11.5829 11.269 8.85966 8.55729 6.96033 5.47608 10.9226 6.21725 4.02862
threshold=16.500000000000004 18.500000000000004 0.77500000000000013 -0.44999999999999996 -3.8999999999999995 1.0000000180025095e-35 129.50000000000003 0.29285714285714287 1.9500000000000002 4.5000000000000009 0.61250000000000016 10.500000000000002 0.89444444444444449 4.5000000000000009
decision_type=2 2 2 2 2 2 2 2 2 2 2 2 2 2
left_child=2 6 10 4 -3 -5 7 -2 13 -8 12 -12 -1 -4
right_child=1 3 8 5 -6 -7 9 -9 -10 -11 11 -13 -14 -15
leaf_value=-0.0207129545258561 -0.038420808503223963 0.028889961006667478 0.046459090410267405 0.0047343165431634662 -0.0068998091815638879 -0.0059597864428215241 -0.0059372267226486322 0.017595309274722457 -0.0063532430794900662 -0.072621872602536455 0.033276617090729779 -0.03456905590134822 0.01820756171790203 0.0079569281027758506
leaf_weight=201.05632653814973 6.3247040762798852 27.261331330286339 14.627478576148862 1079.4928932268522 725.55681103403913 329.43992812169017 23.51349910104182 218.40736466704402 40.196904177195393 3.8068532124161711 14.037062453222463 8.7841655615484324 9.929966942407189 13.541225121007299
leaf_count=842 9 78 36 3666 2509 953 151 804 99 5 31 22 20 56
internal_value=-0.000445389 0.000836053 -0.0106672 -0.000483454 -0.00556054 0.0022278 0.0121299 0.0158335 0.00836161 -0.0176419 -0.0162645 0.00659719 -0.0187803 0.0290291
internal_weight=2715.98 2413.8 302.173 2161.75 752.818 1408.93 252.052 224.732 68.3656 27.3204 233.808 22.8212 210.986 28.1687
internal_count=9281 8175 1106 7206 2587 4619 969 813 191 156 915 53 862 92
is_linear=0
shrinkage=0.05


Tree=150
num_leaves=15
num_cat=0
split_feature=2 19 21 8 12 25 7 0 19 13 0 17 21 21
split_gain=18.7093 10.1261 10.9807 15.1735 11.7538 9.76081 13.6249 9.27232 13.0668 8.04932 6.4309 5.62495 5.92968 2.41416
threshold=-16.499999999999996 0.37980769230769235 30.500000000000004 -0.4365079365079364 1.0000000180025095e-35 1.0000000180025095e-35 3.0500000000000003 150.50000000000003 0.23611111111111113 1.788888888888889 167.50000000000003 1.0000000180025095e-35 333.50000000000006 282.50000000000006
decision_type=2 2 2 2 2 2 2 2 2 2 2 2 2 2
left_child=1 2 3 -1 -4 6 9 8 -7 -2 -9 12 -3 -13
right_child=5 11 4 -5 -6 7 -8 10 -10 -11 -12 13 -14 -15
leaf_value=-0.023521511905509142 -0.0019306268058739543 -0.0074735156739444853 0.067870061647545818 0.022317409524514838 -0.019718505289374369 0.018517959766199656 -0.038075674146593907 0.040788566490998053 -0.0037417394956137649 0.0064041742196810766 0.012942612405137494 -0.027081938928497751 -0.031927814689576874 0.0015529787043255302
leaf_weight=22.355110698263161 929.12669626751449 277.5910179525381 3.0950226011918849 78.74551565857837 60.205774749396369 103.262981292326 22.088384651171509 31.40712949866429 177.94365664443467 419.50365853088442 64.351510409265757 76.309706718777306 26.595892483950593 7.6566512160934499
leaf_count=84 3106 2348 19 306 372 240 73 51 693 1327 130 326 179 27
internal_value=-0.000562737 -0.00857544 0.00179206 0.0120016 -0.0143693 0.00197119 5.93806e-06 0.00908506 0.00445127 0.000661108 0.0224544 -0.0129727 -0.00972562 -0.0244244
internal_weight=2300.24 552.555 164.401 101.101 63.3008 1747.68 1370.72 376.965 281.207 1348.63 95.7586 388.153 304.187 83.9664
internal_count=9281 3661 781 390 391 5620 4506 1114 933 4433 181 2880 2527 353
is_linear=0
shrinkage=0.05


Tree=151
num_leaves=14
num_cat=0
split_feature=1 14 11 11 13 6 1 12 1 19 14 14 1
split_gain=4.69703 6.3663 6.51212 5.80308 11.0033 18.9282 17.9177 9.29007 11.0033 9.39148 4.9408 7.45602 5.55103
threshold=151.50000000000003 -4.3166666666666655 -4.7749999999999995 -0.36666666666666664 0.78888888888888908 0.13392857142857142 61.500000000000007 0.58571428571428574 4.5000000000000009 0.23611111111111113 -0.35416666666666657 -1.8285714285714281 182.50000000000003
decision_type=2 2 2 2 2 2 2 2 2 2 2 2 2
left_child=3 2 -2 4 5 -1 -6 8 -5 -9 11 -3 -12
right_child=1 10 -4 7 6 -7 -8 9 -10 -11 12 -13 -14
leaf_value=0.021180980536847763 -0.025682121285471655 -0.016488913027883811 0.057695883858727606 0.036993534870248278 -0.0066810574747058404 -0.012089896510654783 0.016968242314607633 -0.0016573243782720037 -0.0040271280481563197 0.01125502736802577 -0.028303620417769113 0.0047828550870388058 0.027696356468578456
leaf_weight=57.255652001185808 2.6239577617961913 67.187420020170975 6.4765862300991994 15.661570104944984 108.11393876199145 159.31586359959329 300.29890242870897 269.18772012737463 831.6759852701216 292.45140158978757 39.467392571794335 102.73643809359055 4.0784097215509965
leaf_count=166 42 408 27 41 416 709 1245 937 3479 1207 174 388 42
internal_value=0.00110639 -0.00576822 0.032998 0.00186358 0.00586952 -0.00321407 0.0106946 8.02087e-05 -0.00322032 0.00506544 -0.00759035 -0.00364595 -0.0224425
internal_weight=2256.53 222.57 9.10054 2033.96 624.984 216.572 408.413 1408.98 847.338 561.639 213.47 169.924 43.5458
internal_count=9281 1081 69 8200 2536 875 1661 5664 3520 2144 1012 796 216
is_linear=0
shrinkage=0.05


Tree=152
num_leaves=14
num_cat=0
split_feature=13 2 5 7 13 25 10 7 16 4 14 20 15
split_gain=13.7062 14.6889 12.9966 12.2777 11.8787 8.4917 12.4746 10.664 6.85966 7.68139 6.15455 4.73036 2.91825
threshold=0.78888888888888908 50.500000000000007 0.55000000000000016 1.6125000000000003 1.8660714285714286 1.0000000180025095e-35 1.1000000000000003 0.84523809523809534 3.5000000000000004 1.2916666666666667 -1.2928571428571427 352.50000000000006 3.5000000000000004
decision_type=2 2 2 2 2 2 2 2 2 2 2 2 2
left_child=3 5 10 8 -4 7 -7 -2 9 -1 -3 12 -5
right_child=1 2 4 11 -6 6 -8 -9 -10 -11 -12 -13 -14
leaf_value=0.0011721836116051628 -0.0088729692237827073 0.039121507037995946 0.024371741825471076 0.033901237417183573 -0.018556090043908131 -0.019177137743396216 -0.00070980712487327276 0.003135947644191707 -0.038708484675919204 0.018016687280607794 -0.017736491023698148 -0.010344131056433614 -0.0043925988735420583
leaf_weight=311.71011046343483 215.29007915733382 3.8835632443660861 40.874807677231729 58.006331128999591 25.172594203730114 134.19374668132514 284.71214924327796 1267.382907176856 8.2325100898742658 85.787951046368107 260.84879307803931 7.1665699577424666 4.9496519416570655
leaf_count=929 698 11 143 334 90 338 989 3960 5 314 1437 20 13
internal_value=-0.000442092 -0.00208668 -0.0117949 0.00725084 0.00790338 -0.000389988 -0.00666918 0.00138403 0.00386695 0.0048562 -0.0167395 0.0264301 0.0307908
internal_weight=2708.21 2232.36 330.78 475.853 66.0474 1901.58 418.906 1482.67 405.731 397.498 264.732 70.1226 62.956
internal_count=9281 7666 1681 1615 233 5985 1327 4658 1248 1243 1448 367 347
is_linear=0
shrinkage=0.05


Tree=153
num_leaves=15
num_cat=0
split_feature=2 11 25 7 6 6 0 19 20 6 7 18 13 0
split_gain=17.3094 10.2663 9.02895 12.937 8.85577 20.0551 13.7725 8.25265 7.86356 7.82252 16.8892 7.69492 7.56013 4.80516
threshold=-16.499999999999996 0.90000000000000013 1.0000000180025095e-35 3.0500000000000003 0.15476190476190474 0.23611111111111113 179.50000000000003 0.48333333333333339 78.500000000000014 0.58571428571428574 2.6125000000000003 2.5000000000000004 1.788888888888889 140.50000000000003
decision_type=2 2 2 2 2 2 2 2 2 2 2 2 2 2
left_child=1 9 3 12 6 -6 -4 11 -9 10 -1 -3 -2 -11
right_child=2 7 4 -5 5 -7 -8 8 -10 13 -12 -13 -14 -15
leaf_value=-0.0088050664163116851 -0.0018953979075654324 -0.0052712064344902325 -0.026469704777537958 -0.037451463538538163 0.042024565058853082 0.006810662280642173 0.01837647945200294 -0.019162843296758776 0.022100406792768038 -0.023863152158499393 0.086727260597267181 0.036354658561459412 0.0061857531690445279 0.038644226345597346
leaf_weight=322.98947343821055 928.07159519591369 16.78745407378301 39.319104377645999 21.691755415813532 47.114516649628058 261.19921186508145 28.724989102920517 38.418407121731434 15.30478933942504 118.96720305641065 3.6913298529689191 29.5316356071271 419.17659653990995 2.2293832373979958
leaf_count=2111 3106 94 96 73 87 868 63 214 93 1066 21 49 1327 13
internal_value=-0.000556898 -0.00830304 0.00187543 -8.53402e-06 0.00872315 0.0123265 -0.0074734 0.00609823 -0.00712726 -0.0115374 -0.00744896 0.0213699 0.000617949 -0.0223656
internal_weight=2293.22 547.92 1745.3 1368.94 376.358 308.314 68.0441 100.042 53.7232 447.877 326.681 46.3191 1347.25 121.197
internal_count=9281 3661 5620 4506 1114 955 159 450 307 3211 2132 143 4433 1079
is_linear=0
shrinkage=0.05


Tree=154
num_leaves=8
num_cat=0
split_feature=21 16 16 14 0 11 14
split_gain=4.4534 4.49166 5.8993 6.00147 4.37655 0.884092 0.544346
threshold=928.50000000000011 5.5000000000000009 3.5000000000000004 0.76388888888888895 1.5000000000000002 -2.0999999999999996 -2.8785714285714281
decision_type=2 2 2 2 2 2 2
left_child=1 2 4 -4 -1 6 -2
right_child=5 -3 3 -5 -6 -7 -8
leaf_value=-0.030252592240891846 -0.017447380405166229 -0.036493162031176203 0.032730950016718746 -0.0011329453387371351 0.0011617313365019277 -0.033006324964366028 0.017578943002876976
leaf_weight=10.134635835362131 1.2147946134209635 6.8396100848913184 28.801399473100901 22.713551726192236 2174.3245156914927 10.407409498933701 1.2220492043998081
leaf_count=72 23 8 37 30 9030 64 17
internal_value=0.00109084 0.00126693 0.00140093 0.0179675 0.000999923 -0.0271663 0
internal_weight=2255.66 2242.81 2235.97 51.515 2184.46 12.8443 2.43684
internal_count=9281 9177 9169 67 9102 104 40
is_linear=0
shrinkage=0.05


Tree=155
num_leaves=9
num_cat=0
split_feature=16 2 16 13 14 6 0 0
split_gain=13.0509 13.2137 10.9899 10.3804 8.29232 7.49994 6.44806 4.18034
threshold=5.5000000000000009 51.500000000000007 3.5000000000000004 0.89444444444444449 -2.2249999999999996 0.61250000000000016 124.50000000000001 29.500000000000004
decision_type=2 2 2 2 2 2 2 2
left_child=1 2 4 6 -1 -5 -3 -4
right_child=-2 3 7 5 -6 -7 -8 -9
leaf_value=0.013904646816599748 0.056068800525503407 0.057311635563617985 -0.0049162039105068549 -0.014305553739508443 0.00048796419408414081 0.025077006658056511 0.0045500025694239152 -0.034681271526963306
leaf_weight=120.68469864997314 9.1784792244434339 6.3421855017077169 21.121626496315002 297.96749886247562 2175.2738729487755 11.622678504791109 29.706201320979744 28.267516151070595
leaf_count=503 8 21 20 1573 6969 40 111 36
internal_value=-0.000436485 -0.000651828 0.000692624 -0.00976478 0.00120112 -0.012735 0.015264 -0.0224014
internal_weight=2700.16 2690.99 2345.35 345.639 2295.96 309.59 36.0484 49.3891
internal_count=9281 9273 7528 1745 7472 1613 132 56
is_linear=0
shrinkage=0.05


Tree=156
num_leaves=14
num_cat=0
split_feature=15 21 19 1 0 12 1 14 7 24 20 14 14
split_gain=15.176 13.9699 18.0619 12.6404 11.9789 13.521 9.95389 9.50206 9.4924 10.0902 4.00171 6.38295 0.845077
threshold=1.5000000000000002 4.5000000000000009 0.23611111111111113 181.50000000000003 150.50000000000003 1.0000000180025095e-35 79.500000000000014 0.21111111111111114 0.68333333333333346 2.5000000000000004 30.500000000000004 -1.6333333333333331 -0.94999999999999984
decision_type=2 2 2 2 2 2 2 2 2 2 2 2 2
left_child=3 8 -3 4 5 -1 -4 -6 -2 -10 12 -12 -5
right_child=1 2 6 10 7 -7 -8 -9 9 -11 11 -13 -14
leaf_value=0.031481594080355731 0.017703961913329395 0.054205134288619221 0.0031215163927708275 -0.036173565130677328 0.0044034319460980942 -0.00040839003984364928 -0.019651871879120656 0.022680518113562496 -0.028771008003711348 0.0020399120415479891 0.006439511086631676 -0.036876503571926761 -0.0094130283950847222
leaf_weight=33.004876052815234 14.903960226103662 12.953531615436075 142.19910692184931 26.427167459507476 195.73029791237786 1467.8945143478632 71.053121713572182 112.0981049858965 136.4005274787196 32.417097687954083 24.810811751696747 11.664417592459356 4.8612191640131632
leaf_count=336 21 11 418 132 567 6286 415 347 392 136 138 56 26
internal_value=-0.000545204 -0.00924993 -0.000891823 0.00135763 0.00215892 0.000310038 -0.00449928 0.0111273 -0.0194532 -0.0228479 -0.0196779 -0.00789349 -0.032591
internal_weight=2286.42 409.927 226.206 1876.49 1808.73 1500.9 213.252 307.828 183.722 168.818 67.7636 36.4752 31.2884
internal_count=9281 1393 844 7888 7536 6622 833 914 549 528 352 194 158
is_linear=0
shrinkage=0.05


Tree=157
num_leaves=10
num_cat=0
split_feature=13 17 19 1 8 7 1 18 13
split_gain=4.45189 4.9591 11.7272 17.2125 12.296 9.85013 12.0369 6.66961 2.2276
threshold=3.8166666666666669 1.0000000180025095e-35 0.4494949494949495 135.50000000000003 -0.70714285714285696 1.8944444444444446 11.500000000000002 2.5000000000000004 4.5277777777777786
decision_type=2 2 2 2 2 2 2 2 2
left_child=1 5 4 -4 -3 6 -1 -7 -2
right_child=8 2 3 -5 -6 7 -8 -9 -10
leaf_value=-0.033125977305590491 -0.036651947264561488 -0.0094889656685078448 0.0071890087167348661 0.042194940564067474 0.0041744583792001381 -0.0056263039168519078 0.0023616319686554687 -0.025913017504122671 0.005520252673125235
leaf_weight=23.586208506429102 10.619261162646579 218.18610859126784 223.40582090022508 40.962677035713568 660.26956403243821 186.72616762248799 836.89724436306278 51.469118355453247 3.6977606585132881
leaf_count=232 47 939 567 89 1905 1140 4139 192 31
internal_value=0.00106701 0.00125217 0.00355777 0.0127704 0.000768194 -0.00114258 0.00134577 -0.0101208 -0.0257841
internal_weight=2255.82 2241.5 1142.82 264.368 878.456 1098.68 860.483 238.195 14.317
internal_count=9281 9203 3500 656 2844 5703 4371 1332 78
is_linear=0
shrinkage=0.05


Tree=158
num_leaves=13
num_cat=0
split_feature=1 0 15 18 1 0 21 6 7 7 21 20
split_gain=12.8459 12.518 12.3419 10.7714 13.123 12.2131 10.6594 8.45378 7.068 12.939 6.40878 6.21642
threshold=16.500000000000004 18.500000000000004 3.5000000000000004 4.5000000000000009 133.50000000000003 151.50000000000003 129.50000000000003 0.23611111111111113 1.1339285714285716 1.4365079365079367 125.50000000000001 703.00000000000011
decision_type=2 2 2 2 2 2 2 2 2 2 2 2
left_child=2 6 8 4 -3 -5 7 -2 10 -10 -1 -8
right_child=1 3 -4 5 -6 -7 11 -9 9 -11 -12 -13
leaf_value=-0.03245001551070277 -0.037892341934884249 -0.005126990123465242 0.026756122702849317 0.0092685109464106918 0.0039306385729990668 -0.035881811137469292 -0.027076390128302697 0.016769873547809611 0.015659033526646562 -0.01466422023996323 0.016925843947621932 0.036879966491019593
leaf_weight=59.080591363366693 6.3389845686033359 1176.3511072268593 20.037189207971096 351.2943095639348 604.12952543277061 14.632311212830244 23.711230382090438 215.4533390950528 43.309900958440267 169.38136843137909 6.6184649507049462 3.5334882810711852
leaf_count=331 7 4684 22 563 1927 32 150 806 205 504 44 6
internal_value=-0.00042894 0.0007893 -0.0101943 -0.000441646 -0.00205039 0.00735659 0.0113779 0.0150221 -0.012958 -0.00842177 -0.0272218 -0.0175925
internal_weight=2693.87 2395.44 298.428 2146.41 1780.48 365.927 249.037 221.792 278.39 212.691 65.6991 27.2447
internal_count=9281 8175 1106 7206 6611 595 969 813 1084 709 375 156
is_linear=0
shrinkage=0.05


Tree=159
num_leaves=15
num_cat=0
split_feature=2 2 2 5 14 21 20 20 8 21 1 21 14 7
split_gain=15.1617 9.12139 7.31934 7.81398 9.40161 7.03665 11.2266 8.79037 4.68359 6.11593 3.44392 3.42428 2.56043 2.14559
threshold=2.5000000000000004 -93.499999999999986 122.50000000000001 -3.7749999999999995 -1.4142857142857139 329.50000000000006 198.50000000000003 964.00000000000011 -0.4142857142857142 4.5000000000000009 71.500000000000014 330.50000000000006 0.35416666666666669 1.5857142857142861
decision_type=2 2 2 2 2 2 2 2 2 2 2 2 2 2
left_child=1 12 3 11 -5 6 -3 -7 10 -10 -4 -2 -1 -14
right_child=2 5 8 4 -6 7 -8 -9 9 -11 -12 -13 13 -15
leaf_value=-0.030560771938519721 0.034233503659936396 -0.0047064290431656879 0.034925429228081138 -0.021355755936263526 0.0021177374917973864 -0.029576339775534411 0.01999320816482841 0.028814056869650911 0.032320775857843605 -0.023382479973463141 -0.010130726993787467 -0.0070063284212368918 0.019019173933050453 -0.023678958758301852
leaf_weight=43.87867837457452 24.966946194763299 724.27150833440828 34.392272752942517 43.114941672945861 1270.5357355865417 46.386788768286351 48.080780313757714 6.560263487044721 7.312866905238482 11.090058631496502 4.1867583449929944 5.6314413824584326 5.0027095032273774 4.7407588016358204
leaf_count=585 95 3783 197 130 3808 213 268 36 19 40 9 14 37 47
internal_value=-0.000546418 -0.00569271 0.00267978 0.00192392 0.00132786 -0.0043699 -0.00313849 -0.0218489 0.0200843 -0.000464736 0.029777 0.0265038 -0.0255079 -0.00156082
internal_weight=2280.15 878.921 1401.23 1344.25 1313.65 825.299 772.352 52.9471 56.982 18.4029 38.579 30.5984 53.6221 9.74347
internal_count=9281 4969 4312 4047 3938 4300 4051 249 265 59 206 109 669 84
is_linear=0
shrinkage=0.05


Tree=160
num_leaves=14
num_cat=0
split_feature=1 14 11 1 8 14 12 1 20 0 1 1 6
split_gain=4.28317 5.93971 5.94763 5.40648 15.0734 11.1631 13.8112 11.0285 5.54231 4.84935 6.85495 5.21779 3.29169
threshold=151.50000000000003 -4.3166666666666655 -4.7749999999999995 42.500000000000007 -0.76388888888888873 1.6833333333333336 0.58571428571428574 15.500000000000002 3.5000000000000004 194.50000000000003 183.50000000000003 201.50000000000003 0.23611111111111113
decision_type=2 2 2 2 2 2 2 2 2 2 2 2 2
left_child=3 2 -2 4 12 6 -5 -6 -7 11 -11 -3 -1
right_child=1 9 -4 5 7 8 -8 -9 -10 10 -12 -13 -14
leaf_value=-0.02600765662127957 -0.025294028499466627 -0.0070912238965789064 0.054822547045361894 0.0025978499075392939 0.0084933009341351361 0.011510080179164188 0.017930790292836972 -0.004988393377046838 -0.024272832994076815 -0.010921763799381744 0.043593193447558125 -0.035113527751305683 0.0027710341514513306
leaf_weight=69.429871008149348 2.5372030828730203 172.638648107677 6.6069798016687837 1107.4422433859436 267.07016892614774 12.884770637261679 168.6811040174216 348.18974118726328 49.891391643526731 11.502380140882453 9.779623619746415 17.674264124943875 10.998098070034755
leaf_count=436 42 865 27 4640 862 51 554 1391 209 37 30 80 57
internal_value=0.00104238 -0.005552 0.0317979 0.00176266 -0.0018065 0.00362088 0.00464096 0.000859872 -0.0167847 -0.00733159 0.014737 -0.00988971 -0.0220252
internal_weight=2255.33 220.739 9.14418 2034.59 695.688 1338.9 1276.12 615.26 62.7762 211.595 21.282 190.313 80.428
internal_count=9281 1081 69 8200 2746 5454 5194 2253 260 1012 67 945 493
is_linear=0
shrinkage=0.05


Tree=161
num_leaves=15
num_cat=0
split_feature=25 2 11 8 7 2 14 6 4 8 10 8 19 11
split_gain=12.2049 14.9751 11.7915 12.2759 8.91217 10.8879 8.22071 11.7491 6.96993 2.93017 1.98622 1.57094 7.14684 0.825018
threshold=1.0000000180025095e-35 103.50000000000001 -3.8999999999999995 -1.7071428571428569 0.5277777777777779 26.500000000000004 2.1555555555555563 0.58571428571428574 3.4500000000000006 -1.2361111111111109 0.77500000000000013 1.0000000180025095e-35 0.14835164835164832 1.9000000000000001
decision_type=2 2 2 2 2 2 2 2 2 2 2 2 2 2
left_child=1 2 -1 -4 5 9 8 -8 -6 -2 -7 13 -13 -3
right_child=4 11 3 -5 6 10 7 -9 -10 -11 -12 12 -14 -15
leaf_value=0.037345154047831945 0.019094555934920165 -0.032289852130072051 -0.015397382740839641 0.0025089190446000872 -0.011276150023891028 0.0019777774882683849 -0.017984153304455373 0.041119573011335703 0.020144712324186589 0.057401738578171949 -0.033463320841948689 0.035340336833881901 -0.030914653434720496 -0.0048206992288506896
leaf_weight=22.38741568318801 13.424249660281932 34.257810364768375 99.63348643691279 1939.7836770647555 484.0582714684424 6.8169134674826619 14.011997874302322 18.237315226113424 17.317455562530085 9.6672113162931037 7.3728897100663744 4.9652266522171002 11.812477647326885 3.8561211225460275
leaf_count=120 36 311 439 6529 1513 17 45 40 46 22 44 30 46 43
internal_value=-0.000409319 0.0013392 0.00203276 0.00162456 -0.0068919 0.0164053 -0.00855653 0.0155207 -0.010143 0.0370563 -0.0170986 -0.0241925 -0.0101408 -0.0298328
internal_weight=2687.6 2116.7 2061.8 2039.42 570.906 37.2813 533.625 32.2493 501.376 23.0915 14.1898 54.8916 16.7777 38.1139
internal_count=9281 7518 7088 6968 1763 119 1644 85 1559 58 61 430 76 354
is_linear=0
shrinkage=0.05


end of trees

feature_importances:
fifa_rank_diff=277
away_fifa_rank=216
away_avg_gd_10=168
home_avg_gd_10=167
home_fifa_rank=139
home_avg_gd_5=128
away_avg_gd_5=128
home_avg_goals_10=93
away_avg_goals_10=88
h2h_home_wins=77
h2h_home_win_rate=76
away_days_rest=71
home_days_rest=68
home_win_rate_10=62
away_avg_goals_5=60
neutral=44
h2h_total=42
home_avg_goals_5=37
away_win_rate_10=32
h2h_away_wins=31
h2h_draws=29
away_win_rate_5=22
home_win_rate_5=20
tournament_tier=5

parameters:
[boosting: gbdt]
[objective: multiclass]
[metric: multi_logloss]
[tree_learner: serial]
[device_type: cpu]
[data_sample_strategy: bagging]
[data: ]
[valid: ]
[num_iterations: 500]
[learning_rate: 0.05]
[num_leaves: 15]
[num_threads: 8]
[seed: 42]
[deterministic: 0]
[force_col_wise: 0]
[force_row_wise: 0]
[histogram_pool_size: -1]
[max_depth: 4]
[min_data_in_leaf: 20]
[min_sum_hessian_in_leaf: 0.001]
[bagging_fraction: 0.8]
[pos_bagging_fraction: 1]
[neg_bagging_fraction: 1]
[bagging_freq: 0]
[bagging_seed: 400]
[bagging_by_query: 0]
[feature_fraction: 0.8]
[feature_fraction_bynode: 1]
[feature_fraction_seed: 30056]
[extra_trees: 0]
[extra_seed: 12879]
[early_stopping_round: 0]
[early_stopping_min_delta: 0]
[first_metric_only: 0]
[max_delta_step: 0]
[lambda_l1: 0.1]
[lambda_l2: 1]
[linear_lambda: 0]
[min_gain_to_split: 0]
[drop_rate: 0.1]
[max_drop: 50]
[skip_drop: 0.5]
[xgboost_dart_mode: 0]
[uniform_drop: 0]
[drop_seed: 17869]
[top_rate: 0.2]
[other_rate: 0.1]
[min_data_per_group: 100]
[max_cat_threshold: 32]
[cat_l2: 10]
[cat_smooth: 10]
[max_cat_to_onehot: 4]
[top_k: 20]
[monotone_constraints: ]
[monotone_constraints_method: basic]
[monotone_penalty: 0]
[feature_contri: ]
[forcedsplits_filename: ]
[refit_decay_rate: 0.9]
[cegb_tradeoff: 1]
[cegb_penalty_split: 0]
[cegb_penalty_feature_lazy: ]
[cegb_penalty_feature_coupled: ]
[path_smooth: 0]
[interaction_constraints: ]
[verbosity: -1]
[saved_feature_importance_type: 0]
[use_quantized_grad: 0]
[num_grad_quant_bins: 4]
[quant_train_renew_leaf: 0]
[stochastic_rounding: 1]
[linear_tree: 0]
[max_bin: 255]
[max_bin_by_feature: ]
[min_data_in_bin: 3]
[bin_construct_sample_cnt: 200000]
[data_random_seed: 175]
[is_enable_sparse: 1]
[enable_bundle: 1]
[use_missing: 1]
[zero_as_missing: 0]
[feature_pre_filter: 1]
[pre_partition: 0]
[two_round: 0]
[header: 0]
[label_column: ]
[weight_column: ]
[group_column: ]
[ignore_column: ]
[categorical_feature: ]
[forcedbins_filename: ]
[precise_float_parser: 0]
[parser_config_file: ]
[objective_seed: 16083]
[num_class: 3]
[is_unbalance: 0]
[scale_pos_weight: 1]
[sigmoid: 1]
[boost_from_average: 1]
[reg_sqrt: 0]
[alpha: 0.9]
[fair_c: 1]
[poisson_max_delta_step: 0.7]
[tweedie_variance_power: 1.5]
[lambdarank_truncation_level: 30]
[lambdarank_norm: 1]
[label_gain: ]
[lambdarank_position_bias_regularization: 0]
[eval_at: ]
[multi_error_top_k: 1]
[auc_mu_weights: ]
[num_machines: 1]
[local_listen_port: 12400]
[time_out: 120]
[machine_list_filename: ]
[machines: ]
[gpu_platform_id: -1]
[gpu_device_id: -1]
[gpu_use_dp: 0]
[num_gpu: 1]

end of parameters

pandas_categorical:[]
